CiteID,Bibcite,Citation
Tsuboi_etal_2018,\citep{Tsuboi:2018aa},"Tsuboi, M., van der Bijl, W., Kopperud, B. T., Erritzøe, J., Voje, K. L., Kotrschal, A., Yopak, K. E., Collin, S. P., Iwaniuk, A. N., & Kolm, N. (2018). Breakdown of brain–body allometry and the encephalization of birds and mammals. Nature Ecology & Evolution, 2, 1492–1500. https://doi.org/10.1038/s41559-018-0632-1"
Meiri_2024,\citep{Meiri:2024aa},"Meiri, S. (2024). SquamBase—A database of squamate (Reptilia: Squamata) traits. Global Ecology and Biogeography, 33, e13812. https://doi.org/10.1111/geb.13812"
Soria_etal_2021,\citep{Soria:2021aa},"Soria, C. D., Pacifici, M., Di Marco, M., Stephen, S. M., & Rondinini, C. (2021). COMBINE: a coalesced mammal database of intrinsic and extrinsic traits. Ecology, 102, e03344. https://doi.org/10.1002/ecy.3344"
Herberstein_etal_2022,\citep{Herberstein:2022aa},"Herberstein, M. E., McLean, D. J., Lowe, E., Wolff, J. O., Khan, M. K., Smith, K., Allen, A. P., Bulbert, M., Buzatto, B. A., Eldridge, M. D. B., Falster, D., Fernandez Winzer, L., Griffith, S. C., Madin, J. S., Narendra, A., Westoby, M., Whiting, M. J., Wright, I. J., & Carthey, A. J. R. (2022). AnimalTraits – a curated animal trait database for body mass, metabolic rate and brain size. Scientific Data, 9, 265. https://doi.org/10.1038/s41597-022-01364-9"
Kendall_etal_2019,\citep{Kendall:2019aa},"Kendall, L. K., Rader, R., Gagic, V., Cariveau, D. P., Albrecht, M., Baldock, K. C. R., Freitas, B. M., Hall, M., Holzschuh, A., Molina, F. P., Morten, J. M., Pereira, J. S., Portman, Z. M., Roberts, S. P. M., Rodriguez, J., Russo, L., Sutter, L., Vereecken, N. J., & Bartomeus, I. (2019). Pollinator size and its consequences: Robust estimates of body size in pollinating insects. Ecology and Evolution, 9, 1702–1714. https://doi.org/10.1002/ece3.4835"
Kinsella_etal_2020,\citep{Kinsella:2020aa},"Kinsella, R. S., Thomas, C. D., Crawford, T. J., Hill, J. K., Mayhew, P. J., & Macgregor, C. J. (2020). Unlocking the potential of historical abundance datasets to study biomass change in flying insects. Ecology and Evolution, 10, 8394–8404. https://doi.org/10.1002/ece3.6546"
Hechinger_etal_2011,\citep{Hechinger:2011aa},"Hechinger, R. F., Lafferty, K. D., McLaughlin, J. P., Fredensborg, B. L., Huspeni, T. C., Lorda, J., Sandhu, P. K., Shaw, J. C., Torchin, M. E., Whitney, K. L., & Kuris, A. M. (2011). Food webs including parasites, biomass, body sizes, and life stages for three California/Baja California estuaries. Ecology, 92, 791 (Ecological Archives E092-066). https://doi.org/10.1890/10-1383.1"
Kiorboe_2014,\citep{Kiorboe:2014aa},"Kiørboe, T., & Hirst, A. G. (2014). Shifts in mass scaling of respiration, feeding, and growth rates across life-form transitions in marine pelagic organisms. The American Naturalist, 183, E118–E130. https://doi.org/10.1086/675241"
Kiorboe_2013,\citep{Kiorboe:2013aa},"Kiørboe, T. (2013). Zooplankton body composition. Limnology and Oceanography, 58, 1843–1850. https://doi.org/10.4319/lo.2013.58.5.1843"
Lucas_2011,\citep{Lucas:2011aa},"Lucas, C. H., Pitt, K. A., Purcell, J. E., Lebrato, M., & Condon, R. H. (2011). What's in a jellyfish? Proximate and elemental composition and biometric relationships for use in biogeochemical studies. Ecology, 92, 1704 (Ecological Archives E092-144). https://doi.org/10.1890/11-0302.1"
Studier_1992,\citep{Studier:1992aa},"Studier, E. H., & Sevick, S. H. (1992). Live mass, water content, nitrogen and mineral levels in some insects from south-central lower Michigan. Comparative Biochemistry and Physiology Part A: Physiology, 103, 579–595. https://doi.org/10.1016/0300-9629(92)90293-Y"
MendenDeuer_2000,\citep{Menden-Deuer:2000aa},"Menden-Deuer, S., & Lessard, E. J. (2000). Carbon to volume relationships for dinoflagellates, diatoms, and other protist plankton. Limnology and Oceanography, 45, 569–579. https://doi.org/10.4319/lo.2000.45.3.0569"
