"key","citation"
"Bennett et al. (1979)","A. F. Bennett, J. A. Ruben, Endothermy and activity in verebrates. Science206, 649-654 (1979)."
"Gillooly et al. (2017)","J. F. Gillooly, J. P. Gomez, E. V. Mavrodiev,  A broad-scale comparison of aerobic activity levels in vertebrates: endotherms versus ectotherms. Proc. Biol. Sci. 284, 20162328 (2017)."
"Hudson et al. (2013)","L. N. Hudson, N. J. B. Isaac, D. C. Reuman, The relationship between body mass and field metabolic rate among individual birds and mammals. J. Anim. Ecol. 82, 1009-1020 (2013)."
"Lockyer (1981)","C. Lockyer, Growth and energy budgets of large baleen whales from the southern hemisphere. Mammals in the Seas 3, 379-487 (1981)."
"Makarieva et al. (2008)","A. M. Makarieva et al., Mean mass-specific metabolic rates are strikingly similar across life's major domains: Evidence for life's metabolic optimum. Proc. Natl. Acad. Sci. U.S.A. 105, 16994-16999 (2008)."
"Makarieva et al. (2005)","A. M. Makarieva, V. G. Gorshkov, B.-L. Li,  Energetics of the smallest: Do bacteria breathe at the same rate as whales?. Proc. Biol. Sci. 272, 2219-2224 (2005)."
"Nagy et al. (1999)","K. A. Nagy, I. A. Girard, T. K. Brown, Energetics of free-ranging mammals, reptiles, and birds. Annu. Rev. Nutr. 19, 247-277 (1999)."
"Rubalcaba et al. (2020)","J. G. Rubalcaba, W. C. E. P. Verberk, A. J. Hendriks, B. Saris, H. A. Woods, Oxygen limitation may affect the temperature and size dependence of metabolism in aquatic ectotherms. Proc. Natl. Acad. Sci. U.S.A. 117, 31963-3196 (2020)."
"Savage et al. (2004)","V. M. Savage et al., The predominance of quarter-power scaling in biology. Funct. Ecol.18, 257-282 (2004)"
"Schulz et al. (2002)","H. N. Schulz, D. de Beer, Uptake rates of oxygen and sulfide measured with individual Thiomargarita namibiensis cells by using microelectrodes. Appl. Environ. Microbiol. 68, 5746-5749 (2002)"
"Weibel et al. (2004)","E. R. Weibel, L. D. Bacigalupe, B. Schmitt, H. Hoppeler, Allometric scaling of maximal metabolic rate in mammals: Muscle aerobic capacity as determinant factor. Respir. Physiol. Neurobiol. 140, 115-132 (2004)."
"Worthy et al. (2013)","G. A. J. Worthy, T. A. M. Worthy, P. K. Yochem, C. Dold, Basal metabolism of an adult male killer whale (Orcinus orca). Mar. Mamm. Sci. 30, 1229-1237 (2013)."
"Tijhuis et al. (1993)","L. Tijhuis, M. C. M. van Loosdrecht, J. J. Heijnen, A Thermodynamically Based Correlation for Maintenance Gibbs Energy Requirements in Aerobic and Anaerobic Chemotrophic Growth. Biotechnol. Bioeng.42, 509-519 (1993)."
"Long et al. (2017)","C. P. Long, J. E. Gonzalez, R. M. Cipolla, M. R. Antoniewicz, Metabolism of the fast-growing bacterium Vibrio natriegens elucidated by 13C metabolic flux analysis. Metab. Eng. 44, 191-197 (2017)."
"Cordova et al. (2015)","L. T. Cordova, C. P. Long, K. P. Venkataramanan, M. R. Antoniewicz, Complete genome sequence, metabolic model construction and phenotypic characterization of Geobacillus LC300, an extremely thermophilic, fast growing, xylose-utilizing bacterium. Metab. Eng. 32, 74–81 (2015)."
"Fuentes et al. (2013)","L. G. Fuentes et al., Modification of glucose import capacity in Escherichia coli: physiologic consequences and utility for improving DNA vaccine production. Microb. Cell. Fact. 12, 42 (2013)."
"Schönheit et al. (1980)","P. Schönheit, J. Moll, R. K. Thauer, Growth parameters (KS, mmax, YS) of Methanobacterium thermoautotrophicum.  Arch. Microbiol. 127, 59-65 (1980)."
"Marschall et al. (2010)","E. Marschall, M. Jogler, U. Henßge, J. Overmann, Large-scale distribution and activity patterns of an extremely low-light-adapted population of green sulfur bacteria in the Black Sea. Environ. Microbiol. 15, 1348-1362 (2010)."
"Scholten et al. (2000)","J. C. M. Scholten, R. Conrad, Energetics of Syntrophic Propionate Oxidation in Defined Batch and Chemostat Cocultures. Appl. Environ. Microbiol. 66, 2934-2942 (2000)."
"Tang et al. (2009)","Y.J. Tang et al., Analysis of metabolic pathways and fluxes in a newly discovered thermophilic and ethanol-tolerant Geobacillus strain, Biotechnol. Bioeng. 102, 1377-1386 (2009)."
"Wasylenko et al. (2015)","T.M. Wasylenko, G. Stephanopoulos, Metabolomic and 13C-Metabolic Flux Analysis of a Xylose-Consuming Saccharomyces cerevisiae Strain Expressing Xylose Isomerase, Biotechnol. Bioeng. 112, 470-483 (2014)."
