"source_label","native_key","raw_citation","raw_doi","n_records","role","parsed_author1","parsed_year","parsed_title","parsed_container","parsed_volume","parsed_pages","doi","bibcite","cite_id","match_status","match_reason","services","title_sim","author_match","year_match","container_match","volume_match","pages_match","openalex_id","is_retracted","editorial_notice","verified_at","tool_version","decided_by","decided_at","year_override","notes","owner_review"
"Vanni_2017","Alves et al 2010","Alves, JM, et al. (2010) Stoichiometry of benthic invertebrate nutrient recycling: interspecific variation and the role of body mass. Aquat. Ecol 44:421-430.",,19,"measurement","Alves",2010,"Stoichiometry of benthic invertebrate nutrient recycling: interspecific variation and the role of body mass","Aquat. Ecol","44","421-430","10.1007/s10452-009-9302-3",,,"certain","two_service_agreement","crossref;openalex;consensus-mcp",1,TRUE,TRUE,TRUE,TRUE,TRUE,"https://openalex.org/W1966355297",FALSE,,"2026-10-05T19:49:07Z","tbmcite 0.1.0",,,,,
"Vanni_2017","Andersen 1989","Andersen, V (1989). Phosphate excretion rate of Salpa fusiformis cuvier (Tunicata, Thaliacea). Hydrobiologia 171:91-97.",,52,"measurement","Andersen",1989,"Phosphate excretion rate of Salpa fusiformis cuvier (Tunicata, Thaliacea)","Hydrobiologia","171","91-97","10.1007/bf00008167",,,"pending","weak_match","crossref;openalex",0.8635,TRUE,TRUE,TRUE,TRUE,TRUE,"https://openalex.org/W2087678317",FALSE,,"2026-10-05T19:49:07Z","tbmcite 0.1.0",,,,,
"Vanni_2017","Arnott & Vanni 1996","Arnott DL, Vanni MJ (1996) Nitrogen and phosphorus recycling by the zebra mussel (Dreissena polymorpha) in the western basin of Lake Erie. Can. J. Fish. Aquat. Sci 53:646-659.",,72,"measurement","Arnott",1996,"Nitrogen and phosphorus recycling by the zebra mussel (Dreissena polymorpha) in the western basin of Lake Erie","Can. J. Fish. Aquat. Sci","53","646-659","10.1139/f95-214",,,"pending","ambiguous","crossref;openalex",1,TRUE,TRUE,TRUE,TRUE,TRUE,"https://openalex.org/W2164272966",FALSE,,"2026-10-05T19:49:07Z","tbmcite 0.1.0",,,,,
"Vanni_2017","Bamstedt & Tande 1985","Bamstedt U, Tande KS (1985) Respiration and excretion rates of Calanus glacialis in arctic waters of the Barents Sea. Marine Biology 87:259-266.",,10,"measurement","Bamstedt",1985,"Respiration and excretion rates of Calanus glacialis in arctic waters of the Barents Sea","Marine Biology","87","259-266","10.1007/bf00397803",,,"pending","weak_match","crossref;openalex",1,FALSE,TRUE,TRUE,TRUE,TRUE,"https://openalex.org/W2041595764",FALSE,,"2026-10-05T19:49:07Z","tbmcite 0.1.0",,,,,
"Vanni_2017","Bayne & Scullard 1977","Bayne BL, Scullard C (1977) Rates of nitrogen excretion by species of Mytilus (Bivalvia - Mollusca). J. Mar. Biol. Assoc. U.K 57:355-369.",,38,"measurement","Bayne",1977,"Rates of nitrogen excretion by species of Mytilus (Bivalvia - Mollusca)","J. Mar. Biol. Assoc. U.K","57","355-369","10.1017/s0025315400021809",,,"certain","two_service_agreement","crossref;openalex;consensus-mcp",1,TRUE,TRUE,TRUE,TRUE,TRUE,"https://openalex.org/W1979942610",FALSE,,"2026-10-05T19:49:07Z","tbmcite 0.1.0",,,,,
"Vanni_2017","Benstead et al 2010","Benstead JP, et al. (2010) Biotic and abiotic controls on the ecosystem significance of consumer excretion in two contrasting tropical streams. Freshw. Biol 55:2047- 2061.",,166,"measurement","Benstead",2010,"Biotic and abiotic controls on the ecosystem significance of consumer excretion in two contrasting tropical streams","Freshw. Biol","55","2047-2061","10.1111/j.1365-2427.2010.02461.x",,,"certain","two_service_agreement","crossref;openalex;consensus-mcp",1,TRUE,TRUE,TRUE,TRUE,TRUE,"https://openalex.org/W1582314720",FALSE,,"2026-10-05T19:49:07Z","tbmcite 0.1.0",,,,,
"Vanni_2017","Burkhardt & Lehman 1994","Burkhardt S, Lehman JT (1994) Prey consumption and predatory effects of an invertebrate predator (Bythotrephes, Cladocera, Cercopagidae) based on phosphorus budgets. Limnol. Oceanogr 39:1007-1019.",,149,"measurement","Burkhardt",1994,"Prey consumption and predatory effects of an invertebrate predator (Bythotrephes, Cladocera, Cercopagidae) based on phosphorus budgets","Limnol. Oceanogr","39","1007-1019","10.4319/lo.1994.39.5.1007",,,"certain","two_service_agreement","crossref;openalex;consensus-mcp",1,TRUE,TRUE,TRUE,TRUE,TRUE,"https://openalex.org/W2158519302",FALSE,,"2026-10-05T19:49:07Z","tbmcite 0.1.0",,,,,
"Vanni_2017","Christian et al 2008","Christian AD, Crump BG, Berg DJ (2008) Nutrient release and ecological stoichiometry of freshwater mussels (Mollusca : Unionidae) in 2 small, regionally distinct streams. J. N. Am. Benthol. Soc 27:440-450.",,118,"measurement","Christian",2008,"Nutrient release and ecological stoichiometry of freshwater mussels (Mollusca : Unionidae) in 2 small, regionally distinct streams","J. N. Am. Benthol. Soc","27","440-450","10.1899/07-112.1",,,"certain","two_service_agreement","crossref;openalex;consensus-mcp",1,TRUE,TRUE,TRUE,TRUE,TRUE,"https://openalex.org/W1973099045",FALSE,,"2026-10-05T19:49:07Z","tbmcite 0.1.0",,,,,
"Vanni_2017","Clarke et al 1994","Clarke A, Prothero-Thomas E, Whitehouse MJ (1994) Nitrogen-excretion in the antarctic limpet Nacella concinna (Strebel, 1908). J. Molluscan Stud 60:141-147.",,43,"measurement","Clarke",1994,"Nitrogen-excretion in the antarctic limpet Nacella concinna (Strebel, 1908)","J. Molluscan Stud","60","141-147","10.1093/mollus/60.2.141",,,"certain","two_service_agreement","crossref;openalex;consensus-mcp",1,TRUE,TRUE,TRUE,TRUE,TRUE,"https://openalex.org/W2062289998",FALSE,,"2026-10-05T19:49:07Z","tbmcite 0.1.0",,,,,
"Vanni_2017","Conroy et al 2005","Conroy JD, et al. (2005) Soluble nitrogen and phosphorus excretion of exotic freshwater mussels (Dreissena spp.): potential impacts for nutrient remineralisation in western Lake Erie. Freshw. Biol 50:1146-1162.",,143,"measurement","Conroy",2005,"Soluble nitrogen and phosphorus excretion of exotic freshwater mussels (Dreissena spp.): potential impacts for nutrient remineralisation in western Lake Erie","Freshw. Biol","50","1146-1162","10.1111/j.1365-2427.2005.01392.x",,,"certain","two_service_agreement","crossref;openalex;consensus-mcp",1,TRUE,TRUE,TRUE,TRUE,TRUE,"https://openalex.org/W2057990130",FALSE,,"2026-10-05T19:49:07Z","tbmcite 0.1.0",,,,,
"Vanni_2017","Evans-White & Lamberti 2005","Evans-White MA, Lamberti GA (2005) Grazer species effects on epilithon nutrient composition. Freshw. Biol 50:1853-1863.",,59,"measurement","Evans-White",2005,"Grazer species effects on epilithon nutrient composition","Freshw. Biol","50","1853-1863","10.1111/j.1365-2427.2005.01452.x",,,"certain","two_service_agreement","crossref;openalex;consensus-mcp",1,TRUE,TRUE,TRUE,TRUE,TRUE,"https://openalex.org/W2078690961",FALSE,,"2026-10-05T19:49:07Z","tbmcite 0.1.0",,,,,
"Vanni_2017","Follum & Gray 1987","Follum OA, Gray JS (1987) Nitrogenous excretion by the sediment-living bivalve Nucula tenuis from the Oslofjord, Norway. Mar. Biol 96:355-358.",,82,"measurement","Follum",1987,"Nitrogenous excretion by the sediment-living bivalve Nucula tenuis from the Oslofjord, Norway","Mar. Biol","96","355-358","10.1007/bf00412517",,,"certain","two_service_agreement","crossref;openalex;consensus-mcp",1,TRUE,TRUE,TRUE,TRUE,TRUE,"https://openalex.org/W2020533522",FALSE,,"2026-10-05T19:49:07Z","tbmcite 0.1.0",,,,,
"Vanni_2017","Gardner et al 1993","Gardner WS, Briones EE, Kaegi EC, Rowe GT (1993) Ammonium excretion by benthic invertebrates and sediment-water nitrogen flux in the Gulf of Mexico near the Mississippi River outflow. Estuaries 16:799-808.",,24,"measurement","Gardner",1993,"Ammonium excretion by benthic invertebrates and sediment-water nitrogen flux in the Gulf of Mexico near the Mississippi River outflow","Estuaries","16","799-808","10.2307/1352438",,,"certain","two_service_agreement","crossref;openalex;consensus-mcp",1,TRUE,TRUE,TRUE,TRUE,TRUE,"https://openalex.org/W2038289833",FALSE,,"2026-10-05T19:49:07Z","tbmcite 0.1.0",,,,,
"Vanni_2017","Gauvin et al 1989","Gauvin et al 1989",,15,"measurement","Gauvin",1989,,,,,"10.1177/076737018900400201",,,"not_found","below_threshold","crossref;openalex",0,TRUE,TRUE,FALSE,FALSE,FALSE,"https://openalex.org/W2329154330",FALSE,,"2026-10-05T19:49:07Z","tbmcite 0.1.0",,,,"no entry in the Metadata S1 list (key as the data cite it)",
"Vanni_2017","Gorsky et al 1987","Gorsky G, Palazzoli I, Fenaux R (1987) Influence of temperature-changes on oxygen- uptake and ammonia and phosphate excretion, in relation to body size and weight, in Oikopleura dioica (Appendicularia). Mar. Biol 94:191-201.",,80,"measurement","Gorsky",1987,"Influence of temperature-changes on oxygen- uptake and ammonia and phosphate excretion, in relation to body size and weight, in Oikopleura dioica (Appendicularia)","Mar. Biol","94","191-201","10.1007/bf00392931",,,"certain","two_service_agreement","crossref;openalex;consensus-mcp",1,TRUE,TRUE,TRUE,TRUE,TRUE,"https://openalex.org/W2087234045",FALSE,,"2026-10-05T19:49:07Z","tbmcite 0.1.0",,,,,
"Vanni_2017","Haertel-Borer et al 2004","Haertel-Borer SS, Allen DM, Dame RF (2004) Fishes and shrimps are significant sources of dissolved inorganic nutrients in intertidal salt marsh creeks. J. Exp. Mar. Biol. Ecol 311:79-99.",,10,"measurement","Haertel-Borer",2004,"Fishes and shrimps are significant sources of dissolved inorganic nutrients in intertidal salt marsh creeks","J. Exp. Mar. Biol. Ecol","311","79-99","10.1016/j.jembe.2004.05.002",,,"certain","two_service_agreement","crossref;openalex;consensus-mcp",1,TRUE,TRUE,TRUE,TRUE,TRUE,"https://openalex.org/W1964514277",FALSE,,"2026-10-05T19:49:07Z","tbmcite 0.1.0",,,,,
"Vanni_2017","Hall et al 2003","Hall RO, Tank JL, Dybdahl MF (2003) Exotic snails dominate nitrogen and carbon cycling in a highly productive stream. Front. Ecol. Environ 1:407-411.",,37,"measurement","Hall",2003,"Exotic snails dominate nitrogen and carbon cycling in a highly productive stream","Front. Ecol. Environ","1","407-411","10.1890/1540-9295(2003)001[0407:esdnac]2.0.co;2",,,"pending","ambiguous","crossref;openalex",1,TRUE,TRUE,TRUE,TRUE,TRUE,"https://openalex.org/W2012629692",FALSE,,"2026-10-05T19:49:07Z","tbmcite 0.1.0",,,,,
"Vanni_2017","Hall et al 2007","Hall RO, Koch BJ, Marshall MC, Taylor BW, Tronstad LM (2007) How body size mediates the role of animals in nutrient cycling in aquatic ecosystems. In: Body Size: The Structure and Function of Aquatic Ecosystems (eds Hildrew, A.G., Raffaelli, D.G. & Edmonds-Brown, R.). Cambridge University Press, Cambridge, U.K., pp 286-305.",,17,"measurement","Hall",2007,"How body size mediates the role of animals in nutrient cycling in aquatic ecosystems","Body Size: The Structure and Function of Aquatic Ecosystems (eds Hildrew, A.G., Raffaelli, D.G. & Edmonds-Brown, R.). Cambridge University Press, Cambridge, U.K., pp 286-305",,,"10.1017/cbo9780511611223.016",,,"certain","two_service_agreement","crossref;openalex;consensus-mcp",1,TRUE,TRUE,TRUE,FALSE,FALSE,"https://openalex.org/W2340835667",FALSE,,"2026-10-05T19:49:07Z","tbmcite 0.1.0",,,,"book chapter (Cambridge University Press); raw data from R.O. Hall and B.J. Koch",
"Vanni_2017","Ikeda database","Ikeda database (http://eprints.lib.hokudai.ac.jp/dspace/handle/2115/33838). Data were taken directly from this database, which contains data from the following sources: Ikeda T (1985) Metabolic rates of epipelagic marine zooplankton as a function of body-mass and temperature. Mar. Biol 85:1-11. Ikeda T, Kanno Y, Ozaki K, Shinada A (2001a) Metabolic rates of epipelagic marine copepods as a function of body mass and temperature. Mar. Biol 139:587-596. Ikeda T, Kanno Y, Ozaki K, Shinada A (2001b) Metabolic rates of epipelagic marine copepods as a function of body mass and temperature (vol 139, pg 587, 2001). Mar Biol 139:1020-1020. Ikeda T, Sano F, Yamaguchi A (2007) Respiration in marine pelagic copepods: a global-bathymetric model. Mar. Ecol. Prog. Ser 339:215-219. Ikeda T, Sano F, Yamaguchi A, Matsuishi T (2006) Metabolism of mesopelagic and bathypelagic copepods in the western North Pacific Ocean. Mar. Ecol. Prog. Ser 322:199-211. Ikeda T, Torres JJ, Hernandez-Leon S, Geiger SP (2000) Metabolism. In: ICES Zooplankton Methodology Manual (eds. Harris, R.H., Weibe, P., Lenz, J., Skjoldal H.R. & Huntley M.). Academic Press, p. 455-532. Omori M, Ikeda T (1984) Methods in Marine Zooplankton Ecology. John Wiley and Sons, California, USA.",,1297,"measurement","Ikeda database httpeprintslibhokudaiacjpdspacehandle Data were taken directly from this database",1985,"Metabolic rates of epipelagic marine zooplankton as a function of body-mass and temperature","Mar. Biol 85:1-11. Ikeda T, Kanno Y, Ozaki K, Shinada A (2001a) Metabolic rates of epipelagic marine copepods as a function of body mass and temperature. Mar. Biol 139:587-596. Ikeda T, Kanno Y, Ozaki K, Shinada A (2001b) Metabolic rates of epipelagic marine copepods as a function of body mass and temperature (vol 139, pg 587, 2001). Mar Biol 139:1020-1020. Ikeda T, Sano F, Yamaguchi A (2007) Respiration in marine pelagic copepods: a global-bathymetric model. Mar. Ecol. Prog. Ser 339:215-219. Ikeda T, Sano F, Yamaguchi A, Matsuishi T (2006) Metabolism of mesopelagic and bathypelagic copepods in the western North Pacific Ocean. Mar. Ecol. Prog. Ser 322:199-211. Ikeda T, Torres JJ, Hernandez-Leon S, Geiger SP (2000) Metabolism. In: ICES Zooplankton Methodology Manual (eds. Harris, R.H., Weibe, P., Lenz, J., Skjoldal H.R. & Huntley M.). Academic Press, p. 455-532. Omori M, Ikeda T (1984) Methods in Marine Zooplankton Ecology. John Wiley and Sons, California, USA",,,"10.1007/bf00396409",,,"pending","ambiguous","crossref;openalex",1,TRUE,TRUE,TRUE,FALSE,FALSE,"https://openalex.org/W4234868769",FALSE,,"2026-10-05T19:49:07Z","tbmcite 0.1.0",,,,"T. Ikeda's database (Hokkaido University eprints handle 2115/33838); the entry lists the six Ikeda papers the database compiles; the same measurements underlie the Ikeda_2014 source of this database",
"Vanni_2017","James et al 2000","James WF, et al. (2000) Filtration and excretion by zebra mussels: Implications for water quality impacts in Lake Pepin, upper Mississippi River. J. Freshw. Ecol. 15:429- 437.",,25,"measurement","James",2000,"Filtration and excretion by zebra mussels: Implications for water quality impacts in Lake Pepin, upper Mississippi River","J. Freshw. Ecol","15","429-437","10.1080/02705060.2000.9663764",,,"pending","ambiguous","crossref;openalex",1,TRUE,TRUE,TRUE,TRUE,TRUE,"https://openalex.org/W2004670366",FALSE,,"2026-10-05T19:49:07Z","tbmcite 0.1.0",,,,,
"Vanni_2017","James et al 2001","James MR, Weatherhead MA, Ross AH (2001) Size-specific clearance, excretion, and respiration rates, and phytoplankton selectivity for the mussel Perna canaliculus at low levels of natural food. N. Z. J. Mar. Freshw. Res 35:73-86.",,45,"measurement","James",2001,"Size-specific clearance, excretion, and respiration rates, and phytoplankton selectivity for the mussel Perna canaliculus at low levels of natural food","N. Z. J. Mar. Freshw. Res","35","73-86","10.1080/00288330.2001.9516979",,,"certain","two_service_agreement","crossref;openalex;consensus-mcp",1,TRUE,TRUE,TRUE,TRUE,TRUE,"https://openalex.org/W1997571030",FALSE,,"2026-10-05T19:49:07Z","tbmcite 0.1.0",,,,,
"Vanni_2017","Jansen et al 2012","Jansen HM, Strand O, Verdegem M, Smaal A (2012) Accumulation, release and turnover of nutrients (C-N-P-Si) by the blue mussel Mytilus edulis under oligotrophic conditions. J. Exp. Mar. Biol. Ecol. 416:185-195.",,70,"measurement","Jansen",2012,"Accumulation, release and turnover of nutrients (C-N-P-Si) by the blue mussel Mytilus edulis under oligotrophic conditions","J. Exp. Mar. Biol. Ecol","416","185-195","10.1016/j.jembe.2011.11.009",,,"certain","two_service_agreement","crossref;openalex;consensus-mcp",1,TRUE,TRUE,TRUE,FALSE,TRUE,"https://openalex.org/W2072395489",FALSE,,"2026-10-05T19:49:07Z","tbmcite 0.1.0",,,,,
"Vanni_2017","Ji et al 2011","Ji, L, et al. (2011) Phosphorus flux by macrobenthic invertebrates in a shallow eutrophic lake Donghu: spatial change. Knowl. and Manag. Aquat. Ecosyst. 402 (11).",,34,"measurement","Ji",2011,"Phosphorus flux by macrobenthic invertebrates in a shallow eutrophic lake Donghu: spatial change","Knowl. and Manag. Aquat. Ecosyst. 402 (11)",,,"10.1051/kmae/2011073",,,"certain","two_service_agreement","crossref;openalex;consensus-mcp",1,TRUE,TRUE,TRUE,FALSE,FALSE,"https://openalex.org/W2118577645",FALSE,,"2026-10-05T19:49:07Z","tbmcite 0.1.0",,,,,
"Vanni_2017","Johnson et al 2010","Johnson CR, Luecke C, Whalen SC, Evans MA (2010) Direct and indirect effects of fish on pelagic nitrogen and phosphorus availability in oligotrophic Arctic Alaskan lakes. Can. J. Fish. Aquat. Sci. 67:1635-1648.",,6,"measurement","Johnson",2010,"Direct and indirect effects of fish on pelagic nitrogen and phosphorus availability in oligotrophic Arctic Alaskan lakes","Can. J. Fish. Aquat. Sci","67","1635-1648","10.1139/f10-085",,,"certain","two_service_agreement","crossref;openalex;consensus-mcp",1,TRUE,TRUE,TRUE,TRUE,TRUE,"https://openalex.org/W2054246610",FALSE,,"2026-10-05T19:49:07Z","tbmcite 0.1.0",,,,,
"Vanni_2017","Kiibus & Kautsky 1996","Kiibus M, Kautsky N (1996) Respiration, nutrient excretion and filtration rate of tropical freshwater mussels and their contribution to production and energy flow in Lake Kariba, Zimbabwe. Hydrobiologia 331:25-32.",,31,"measurement","Kiibus",1996,"Respiration, nutrient excretion and filtration rate of tropical freshwater mussels and their contribution to production and energy flow in Lake Kariba, Zimbabwe","Hydrobiologia","331","25-32","10.1007/bf00025404",,,"certain","two_service_agreement","crossref;openalex;consensus-mcp",1,TRUE,TRUE,TRUE,TRUE,TRUE,"https://openalex.org/W1985596522",FALSE,,"2026-10-05T19:49:07Z","tbmcite 0.1.0",,,,,
"Vanni_2017","Kouassi et al 2006","Kouassi E, Pagano M, Saint-Jean L, Sorbe JC (2006) Diel vertical migrations and feeding behavior of the mysid Rhopalophthalmus africana (Crustacea : Mysidacea) in a tropical lagoon (Ebrie, Cote d'Ivoire). Estuar. Coast. Shelf Sci. 67:355-368.",,56,"measurement","Kouassi",2006,"Diel vertical migrations and feeding behavior of the mysid Rhopalophthalmus africana (Crustacea : Mysidacea) in a tropical lagoon (Ebrie, Cote d'Ivoire)","Estuar. Coast. Shelf Sci","67","355-368","10.1016/j.ecss.2005.10.019",,,"certain","two_service_agreement","crossref;openalex;consensus-mcp",1,TRUE,TRUE,TRUE,TRUE,TRUE,"https://openalex.org/W2030725812",FALSE,,"2026-10-05T19:49:07Z","tbmcite 0.1.0",,,,,
"Vanni_2017","Lauritsen & Mozley 1989","Lauritsen DD, Mozley SC (1989) Nutrient excretion by the asiatic clam Corbicula fluminea. J. N. Am. Benthol. Soc. 8:134-139.",,27,"measurement","Lauritsen",1989,"Nutrient excretion by the asiatic clam Corbicula fluminea","J. N. Am. Benthol. Soc","8","134-139","10.2307/1467631",,,"certain","two_service_agreement","crossref;openalex;consensus-mcp",1,TRUE,TRUE,TRUE,TRUE,TRUE,"https://openalex.org/W2011833131",FALSE,,"2026-10-05T19:49:07Z","tbmcite 0.1.0",,,,,
"Vanni_2017","Martin et al 2006","Martin S, et al. (2006) Respiration, calcification, and excretion of the invasive slipper limpet, Crepidula fornicata L.: Implications for carbon, carbonate, and nitrogen fluxes in affected areas. Limnol. Oceanogr. 5:1996-2007.",,57,"measurement","Martin",2006,"Respiration, calcification, and excretion of the invasive slipper limpet, Crepidula fornicata L.: Implications for carbon, carbonate, and nitrogen fluxes in affected areas","Limnol. Oceanogr","5","1996-2007","10.4319/lo.2006.51.5.1996",,,"certain","two_service_agreement","crossref;openalex;consensus-mcp",1,TRUE,TRUE,TRUE,FALSE,TRUE,"https://openalex.org/W2154263072",FALSE,,"2026-10-05T19:49:07Z","tbmcite 0.1.0",,,,,
"Vanni_2017","McIntyre, PB, unpub","McIntyre, PB, unpub",,16,"measurement","McIntyre",,"McIntyre, PB, unpub",,,,"10.1093/gmo/9781561592630.article.j281200",,,"not_found","below_threshold","crossref;openalex",0.5529,FALSE,FALSE,FALSE,FALSE,FALSE,"https://openalex.org/W4213078096",FALSE,,"2026-10-05T19:49:07Z","tbmcite 0.1.0",,,,"unpublished data of the second compiler (no entry in the Metadata S1 list)",
"Vanni_2017","Mellina et al 1993","Mellina E, Rasmussen JB, Mills EL (1995) Impact of zebra mussel (Dreissena polymorpha) on phosphorus cycling and chlorophyll in lakes. Can. J. Fish. Aquat. Sci. 52:2553-2573.",,117,"measurement","Mellina",1995,"Impact of zebra mussel (Dreissena polymorpha) on phosphorus cycling and chlorophyll in lakes","Can. J. Fish. Aquat. Sci","52","2553-2573","10.1139/f95-246",,,"certain","two_service_agreement","crossref;openalex;consensus-mcp",1,TRUE,TRUE,TRUE,TRUE,TRUE,"https://openalex.org/W2110071821",FALSE,,"2026-10-05T19:49:07Z","tbmcite 0.1.0",,,,"key year 1993 as the data cite it; the Metadata S1 entry is dated 1995",
"Vanni_2017","Moslemi et al 2012","Moslemi JM, Snider SB, MacNeill K, Gilliam JF, Flecker AS (2012) Impacts of an Invasive Snail (Tarebia granifera) on Nutrient Cycling in Tropical Streams: The Role of Riparian Deforestation in Trinidad, West Indies. Plos One, 7, article 38806.",,156,"measurement","Moslemi",2012,"Impacts of an Invasive Snail (Tarebia granifera) on Nutrient Cycling in Tropical Streams: The Role of Riparian Deforestation in Trinidad, West Indies","Plos One, 7, article 38806",,,"10.1371/journal.pone.0038806",,,"certain","two_service_agreement","crossref;openalex;consensus-mcp",1,TRUE,TRUE,TRUE,FALSE,FALSE,"https://openalex.org/W1987597444",FALSE,,"2026-10-05T19:49:07Z","tbmcite 0.1.0",,,,,
"Vanni_2017","Naddafi et al 2008","Naddafi R, Pettersson K, Eklov P (2008) Effects of the zebra mussel, an exotic freshwater species, on seston stoichiometry. Limnol. Oceanogr. 53:1973-1987.",,54,"measurement","Naddafi",2008,"Effects of the zebra mussel, an exotic freshwater species, on seston stoichiometry","Limnol. Oceanogr","53","1973-1987","10.4319/lo.2008.53.5.1973",,,"certain","two_service_agreement","crossref;openalex;consensus-mcp",1,TRUE,TRUE,TRUE,TRUE,TRUE,"https://openalex.org/W2146670008",FALSE,,"2026-10-05T19:49:07Z","tbmcite 0.1.0",,,,,
"Vanni_2017","Nalepa et al 1991","Nalepa et al 1991",,53,"measurement","Nalepa",1991,,,,,"10.24349/fgml-gv5c",,,"not_found","below_threshold","crossref;openalex",0,FALSE,FALSE,FALSE,FALSE,FALSE,"https://openalex.org/W4383343691",FALSE,,"2026-10-05T19:49:07Z","tbmcite 0.1.0",,,,"no entry in the Metadata S1 list (key as the data cite it)",
"Vanni_2017","Paffenhofer & Gardner 1984","Paffenhofer GA, Gardner WS (1984) Ammonium release by juveniles and adult females of the sub-tropical marine copepod Eucalanus pileauts. J. Plankton Res. 6:505- 513.",,36,"measurement","Paffenhofer",1984,"Ammonium release by juveniles and adult females of the sub-tropical marine copepod Eucalanus pileauts","J. Plankton Res","6","505-513","10.1093/plankt/6.3.505",,,"pending","weak_match","crossref;openalex",0.7887,TRUE,TRUE,TRUE,TRUE,TRUE,"https://openalex.org/W2027155257",FALSE,,"2026-10-05T19:49:07Z","tbmcite 0.1.0",,,,,
"Vanni_2017","Prosch & McLachlan 1984","Prosch RM, McLachlan A (1984) The regeneration of surf-zone nutrients by the sand mussel, Donax serra Roding. J. Exp. Mar. Biol. Ecol. 80, 221-233.",,63,"measurement","Prosch",1984,"The regeneration of surf-zone nutrients by the sand mussel, Donax serra Roding","J. Exp. Mar. Biol. Ecol","80","221-233","10.1016/0022-0981(84)90151-5",,,"certain","two_service_agreement","crossref;openalex;consensus-mcp",1,TRUE,TRUE,TRUE,TRUE,TRUE,"https://openalex.org/W1980645736",FALSE,,"2026-10-05T19:49:07Z","tbmcite 0.1.0",,,,,
"Vanni_2017","Shimauchi & Uye 2007","Shimauchi H, Uye S (2007) Excretion and respiration rates of the scyphomedusa Aurelia aurita from the Inland Sea of Japan. J. Oceanogr. 63:27-34.",,55,"measurement","Shimauchi",2007,"Excretion and respiration rates of the scyphomedusa Aurelia aurita from the Inland Sea of Japan","J. Oceanogr","63","27-34","10.1007/s10872-007-0003-z",,,"certain","two_service_agreement","crossref;openalex;consensus-mcp",1,TRUE,TRUE,TRUE,TRUE,TRUE,"https://openalex.org/W2025109913",FALSE,,"2026-10-05T19:49:07Z","tbmcite 0.1.0",,,,,
"Vanni_2017","Solomon et al 2010","Solomon CT, Olden JD, Johnson PTJ, Dillon, RT Jr, Vander Zanden MJ (2010) Distribution and community-level effects of the Chinese mystery snail (Bellamya chinensis) in northern Wisconsin lakes. Biol. Invasions 12:1591-1605.",,10,"measurement","Solomon",2010,"Distribution and community-level effects of the Chinese mystery snail (Bellamya chinensis) in northern Wisconsin lakes","Biol. Invasions","12","1591-1605","10.1007/s10530-009-9572-7",,,"certain","two_service_agreement","crossref;openalex;consensus-mcp",1,TRUE,TRUE,TRUE,TRUE,TRUE,"https://openalex.org/W2146372614",FALSE,,"2026-10-05T19:49:07Z","tbmcite 0.1.0",,,,,
"Vanni_2017","Srna & Baggaley 1976","Srna RF, Baggaley A (1976) Rate of excretion of ammonia by hard clam Mercenaria- mercenaria and American oyster Crassostrea-virginica. Mar. Biol. 36:251-258.",,86,"measurement","Srna",1976,"Rate of excretion of ammonia by hard clam Mercenaria- mercenaria and American oyster Crassostrea-virginica","Mar. Biol","36","251-258","10.1007/bf00389286",,,"pending","weak_match","crossref;openalex",0.9653,FALSE,TRUE,TRUE,TRUE,TRUE,"https://openalex.org/W2070181691",FALSE,,"2026-10-05T19:49:07Z","tbmcite 0.1.0",,,,,
"Vanni_2017","Sterrett et al 2015","Sterrett SC, Maerz JC, RA Katz (2015) What can turtles teach us about the theory of ecological stoichiometry? Freshw. Biol. 60:443-455.",,92,"measurement","Sterrett",2015,"What can turtles teach us about the theory of ecological stoichiometry?","Freshw. Biol","60","443-455","10.1111/fwb.12516",,,"certain","two_service_agreement","crossref;openalex;consensus-mcp",1,TRUE,TRUE,TRUE,TRUE,TRUE,"https://openalex.org/W2044933169",FALSE,,"2026-10-05T19:49:07Z","tbmcite 0.1.0",,,,,
"Vanni_2017","Turner 2010","Turner CB (2010) Influence of zebra (Dreissena polymorpha) and quagga (Dreissena rostriformis) mussel invasions on benthic nutrient and oxygen dynamics. Can. J. Fish. Aquat. Sci. 67:1899-1908.",,14,"measurement","Turner",2010,"Influence of zebra (Dreissena polymorpha) and quagga (Dreissena rostriformis) mussel invasions on benthic nutrient and oxygen dynamics","Can. J. Fish. Aquat. Sci","67","1899-1908","10.1139/f10-107",,,"certain","two_service_agreement","crossref;openalex;consensus-mcp",1,TRUE,TRUE,TRUE,TRUE,TRUE,"https://openalex.org/W1983884811",FALSE,,"2026-10-05T19:49:07Z","tbmcite 0.1.0",,,,,
"Vanni_2017","Vanderploeg et al 1986","Vanderploeg HA, Laird GA, Liebig JR, Gardner WS (1986) Ammonium release by zooplankton in suspensions of heat-killed algae and an evaluation of the flow-cell method. J. Plankton Res. 8:341-352.",,19,"measurement","Vanderploeg",1986,"Ammonium release by zooplankton in suspensions of heat-killed algae and an evaluation of the flow-cell method","J. Plankton Res","8","341-352","10.1093/plankt/8.2.341",,,"certain","two_service_agreement","crossref;openalex;consensus-mcp",1,TRUE,TRUE,TRUE,TRUE,TRUE,"https://openalex.org/W1993388057",FALSE,,"2026-10-05T19:49:07Z","tbmcite 0.1.0",,,,,
"Vanni_2017","Vanni, MJ unpubl","Vanni, MJ unpubl",,60,"self","Vanni",,"Vanni, MJ unpubl",,,,,,,"self","self",,,,,,,,,,,,"tbmcite 0.1.0",,,,"unpublished data of the first compiler (source numbers 83, 84 and 85 share this name; no entry in the Metadata S1 list)",
"Vanni_2017","Vaughn et al 2004","Vaughn CC, Gido KB, Spooner DE (2004) Ecosystem processes performed by unionid mussels in stream mesocosms: species roles and effects of abundance. Hydrobiologia, 527:35-47.",,20,"measurement","Vaughn",2004,"Ecosystem processes performed by unionid mussels in stream mesocosms: species roles and effects of abundance","Hydrobiologia","527","35-47","10.1023/b:hydr.0000043180.30420.00",,,"certain","two_service_agreement","crossref;openalex;consensus-mcp",1,TRUE,TRUE,TRUE,TRUE,TRUE,"https://openalex.org/W2110171606",FALSE,,"2026-10-05T19:49:07Z","tbmcite 0.1.0",,,,,
"Vanni_2017","Villeger et al 2012a","Villeger S, Ferraton F, Mouillot D, de Wit R (2012a) Nutrient recycling by coastal macrofauna: intra- versus interspecific differences. Mar. Ecol. Prog. Ser. 452, 297-303.",,51,"measurement","Villeger",2012,"Nutrient recycling by coastal macrofauna: intra- versus interspecific differences","Mar. Ecol. Prog. Ser","452","297-303","10.3354/meps09610",,,"certain","two_service_agreement","crossref;openalex;consensus-mcp",1,TRUE,TRUE,TRUE,TRUE,TRUE,"https://openalex.org/W2121042831",FALSE,,"2026-10-05T19:49:07Z","tbmcite 0.1.0",,,,,
"Vanni_2017","Wilhelm et al 1999","Wilhelm, F.M., Hudson, J.J. & Schindler, D.W. (1999). Contribution of Gammarus lacustris to phosphorus recycling in a fishless alpine lake. Can. J. Fish. Aquat. Sci., 56, 1679-1686.",,14,"measurement","Wilhelm",1999,"Contribution of Gammarus lacustris to phosphorus recycling in a fishless alpine lake","Can. J. Fish. Aquat. Sci","56","1679-1686","10.1139/f99-107",,,"pending","ambiguous","crossref;openalex",1,TRUE,TRUE,TRUE,TRUE,TRUE,"https://openalex.org/W2073982195",FALSE,,"2026-10-05T19:49:07Z","tbmcite 0.1.0",,,,,
