"key","citation","note"
"Alves et al 2010","Alves, JM, et al. (2010) Stoichiometry of benthic invertebrate nutrient recycling: interspecific variation and the role of body mass. Aquat. Ecol 44:421-430.",""
"Andersen 1989","Andersen, V (1989). Phosphate excretion rate of Salpa fusiformis cuvier (Tunicata, Thaliacea). Hydrobiologia 171:91-97.",""
"Andre et al 2003","Andre ER, Hecky RE, Duthie HC (2003) Nitrogen and phosphorus regeneration by cichlids in the littoral zone of Lake Malawi, Africa. J. Gt. Lakes Res 29:190-201.",""
"Arnott & Vanni 1996","Arnott DL, Vanni MJ (1996) Nitrogen and phosphorus recycling by the zebra mussel (Dreissena polymorpha) in the western basin of Lake Erie. Can. J. Fish. Aquat. Sci 53:646-659.",""
"Bamstedt & Tande 1985","Bamstedt U, Tande KS (1985) Respiration and excretion rates of Calanus glacialis in arctic waters of the Barents Sea. Marine Biology 87:259-266.",""
"Barlow & Bishop 1965","Barlow JP, Bishop JW (1965) Phosphate regeneration by zooplankton in Cayuga Lake. Limnol. Oceanogr. 10:R15-R24.",""
"Bayne & Scullard 1977","Bayne BL, Scullard C (1977) Rates of nitrogen excretion by species of Mytilus (Bivalvia - Mollusca). J. Mar. Biol. Assoc. U.K 57:355-369.",""
"Benstead et al 2010","Benstead JP, et al. (2010) Biotic and abiotic controls on the ecosystem significance of consumer excretion in two contrasting tropical streams. Freshw. Biol 55:2047- 2061.",""
"Brabrand et al 1990","Brabrand Å, Faafeng BA, Nilssen JPM (1990) Relative importance of phosphorus supply to phytoplankton production - fish excretion versus external loading. Can. J. Fish. Aquat. Sci 47:364-372.",""
"Burkhardt & Lehman 1994","Burkhardt S, Lehman JT (1994) Prey consumption and predatory effects of an invertebrate predator (Bythotrephes, Cladocera, Cercopagidae) based on phosphorus budgets. Limnol. Oceanogr 39:1007-1019.",""
"Capps & Flecker 2013","Capps KA, Flecker AS (2013) Invasive fishes generate biogeochemical hotspots in a nutrient-limited system. Plos One, 8. article 354093.",""
"Christian et al 2008","Christian AD, Crump BG, Berg DJ (2008) Nutrient release and ecological stoichiometry of freshwater mussels (Mollusca : Unionidae) in 2 small, regionally distinct streams. J. N. Am. Benthol. Soc 27:440-450.",""
"Clarke et al 1994","Clarke A, Prothero-Thomas E, Whitehouse MJ (1994) Nitrogen-excretion in the antarctic limpet Nacella concinna (Strebel, 1908). J. Molluscan Stud 60:141-147.",""
"Conroy et al 2005","Conroy JD, et al. (2005) Soluble nitrogen and phosphorus excretion of exotic freshwater mussels (Dreissena spp.): potential impacts for nutrient remineralisation in western Lake Erie. Freshw. Biol 50:1146-1162.",""
"Dalton, CM & AS Flecker, unpublished","Dalton, CM & AS Flecker, unpublished","unpublished data of coauthors of the data paper (no entry in the Metadata S1 list)"
"Devine & Vanni 2002","Devine JA, Vanni MJ (2002) Spatial and seasonal variation in nutrient excretion by benthic invertebrates in a eutrophic reservoir. Freshw. Biol 47:1107-1121.",""
"Evans-White & Lamberti 2005","Evans-White MA, Lamberti GA (2005) Grazer species effects on epilithon nutrient composition. Freshw. Biol 50:1853-1863.",""
"Follum & Gray 1987","Follum OA, Gray JS (1987) Nitrogenous excretion by the sediment-living bivalve Nucula tenuis from the Oslofjord, Norway. Mar. Biol 96:355-358.",""
"Fukuhara & Yasuda 1985","Fukuhara H, Yasuda K (1985) Phosphorus excretion by some zoobenthos in a eutrophic freshwater lake and its temperature dependency. Japan. J. Limnol 4:287-296.",""
"Fukuhara & Yasuda 1985, 1989","Fukuhara & Yasuda 1985, 1989","key as the data cite it; the Metadata S1 list has Fukuhara & Yasuda (1985) and Fukuhara & Sakamoto (1987) and no 1989 entry; the rows (chironomid larvae) are not used"
"Gardner et al 1993","Gardner WS, Briones EE, Kaegi EC, Rowe GT (1993) Ammonium excretion by benthic invertebrates and sediment-water nitrogen flux in the Gulf of Mexico near the Mississippi River outflow. Estuaries 16:799-808.",""
"Gauvin et al 1989","Gauvin et al 1989","no entry in the Metadata S1 list (key as the data cite it)"
"Gido 2002","Gido KB (2002) Interspecific comparisons and the potential importance of nutrient excretion by benthic fishes in a large reservoir. Trans. Am. Fish. Soc 131:260-270.",""
"Godinot & Chadwick 2009","Godinot C, Chadwick NE (2009) Phosphate excretion by anemonefish and uptake by giant sea anemones: demand outstrips supply. Bull. Mar. Sci 85:1-9.",""
"Gorsky et al 1987","Gorsky G, Palazzoli I, Fenaux R (1987) Influence of temperature-changes on oxygen- uptake and ammonia and phosphate excretion, in relation to body size and weight, in Oikopleura dioica (Appendicularia). Mar. Biol 94:191-201.",""
"Gray 1985","Gray JS (1985) Nitrogenous excretion by meiofauna from coral reef sediments – Mecor 5. Mar. Biol 89:31-35.",""
"Haertel-Borer et al 2004","Haertel-Borer SS, Allen DM, Dame RF (2004) Fishes and shrimps are significant sources of dissolved inorganic nutrients in intertidal salt marsh creeks. J. Exp. Mar. Biol. Ecol 311:79-99.",""
"Hall et al 2003","Hall RO, Tank JL, Dybdahl MF (2003) Exotic snails dominate nitrogen and carbon cycling in a highly productive stream. Front. Ecol. Environ 1:407-411.",""
"Hall et al 2007","Hall RO, Koch BJ, Marshall MC, Taylor BW, Tronstad LM (2007) How body size mediates the role of animals in nutrient cycling in aquatic ecosystems. In: Body Size: The Structure and Function of Aquatic Ecosystems (eds Hildrew, A.G., Raffaelli, D.G. & Edmonds-Brown, R.). Cambridge University Press, Cambridge, U.K., pp 286-305.","book chapter (Cambridge University Press); raw data from R.O. Hall and B.J. Koch"
"Henry & Santos 2008","Henry R, Santos CM (2008) The importance of excretion by Chironomus larvae on the internal loads of nitrogen and phosphorus in a small eutrophic urban reservoir. Braz. J. Biol 68:349-357.",""
"Higgins et al 2006","Higgins KA, Vanni MJ, Gonzalez MJ (2006) Detritivory and the stoichiometry of nutrient cycling by a dominant fish species in lakes of varying productivity. Oikos 114:419-430.",""
"Hood, JM unpub","Hood, JM unpub","unpublished data of a coauthor of the data paper (no entry in the Metadata S1 list)"
"Ikeda database","Ikeda database (http://eprints.lib.hokudai.ac.jp/dspace/handle/2115/33838). Data were taken directly from this database, which contains data from the following sources: Ikeda T (1985) Metabolic rates of epipelagic marine zooplankton as a function of body-mass and temperature. Mar. Biol 85:1-11. Ikeda T, Kanno Y, Ozaki K, Shinada A (2001a) Metabolic rates of epipelagic marine copepods as a function of body mass and temperature. Mar. Biol 139:587-596. Ikeda T, Kanno Y, Ozaki K, Shinada A (2001b) Metabolic rates of epipelagic marine copepods as a function of body mass and temperature (vol 139, pg 587, 2001). Mar Biol 139:1020-1020. Ikeda T, Sano F, Yamaguchi A (2007) Respiration in marine pelagic copepods: a global-bathymetric model. Mar. Ecol. Prog. Ser 339:215-219. Ikeda T, Sano F, Yamaguchi A, Matsuishi T (2006) Metabolism of mesopelagic and bathypelagic copepods in the western North Pacific Ocean. Mar. Ecol. Prog. Ser 322:199-211. Ikeda T, Torres JJ, Hernandez-Leon S, Geiger SP (2000) Metabolism. In: ICES Zooplankton Methodology Manual (eds. Harris, R.H., Weibe, P., Lenz, J., Skjoldal H.R. & Huntley M.). Academic Press, p. 455-532. Omori M, Ikeda T (1984) Methods in Marine Zooplankton Ecology. John Wiley and Sons, California, USA.","T. Ikeda's database (Hokkaido University eprints handle 2115/33838); the entry lists the six Ikeda papers the database compiles; the same measurements underlie the Ikeda_2014 source of this database"
"James et al 2000","James WF, et al. (2000) Filtration and excretion by zebra mussels: Implications for water quality impacts in Lake Pepin, upper Mississippi River. J. Freshw. Ecol. 15:429- 437.",""
"James et al 2001","James MR, Weatherhead MA, Ross AH (2001) Size-specific clearance, excretion, and respiration rates, and phytoplankton selectivity for the mussel Perna canaliculus at low levels of natural food. N. Z. J. Mar. Freshw. Res 35:73-86.",""
"Jansen et al 2012","Jansen HM, Strand O, Verdegem M, Smaal A (2012) Accumulation, release and turnover of nutrients (C-N-P-Si) by the blue mussel Mytilus edulis under oligotrophic conditions. J. Exp. Mar. Biol. Ecol. 416:185-195.",""
"Ji et al 2011","Ji, L, et al. (2011) Phosphorus flux by macrobenthic invertebrates in a shallow eutrophic lake Donghu: spatial change. Knowl. and Manag. Aquat. Ecosyst. 402 (11).",""
"Johnson et al 2010","Johnson CR, Luecke C, Whalen SC, Evans MA (2010) Direct and indirect effects of fish on pelagic nitrogen and phosphorus availability in oligotrophic Arctic Alaskan lakes. Can. J. Fish. Aquat. Sci. 67:1635-1648.",""
"Kiibus & Kautsky 1996","Kiibus M, Kautsky N (1996) Respiration, nutrient excretion and filtration rate of tropical freshwater mussels and their contribution to production and energy flow in Lake Kariba, Zimbabwe. Hydrobiologia 331:25-32.",""
"Kouassi et al 2006","Kouassi E, Pagano M, Saint-Jean L, Sorbe JC (2006) Diel vertical migrations and feeding behavior of the mysid Rhopalophthalmus africana (Crustacea : Mysidacea) in a tropical lagoon (Ebrie, Cote d'Ivoire). Estuar. Coast. Shelf Sci. 67:355-368.",""
"Lamarra 1975","Lamarra VAJ (1975) Digestive activities of carp as a major contributor to the nutrient loading of lakes. Verh. Int. Verein. Limnol. 19:2461–68.",""
"Lauritsen & Mozley 1989","Lauritsen DD, Mozley SC (1989) Nutrient excretion by the asiatic clam Corbicula fluminea. J. N. Am. Benthol. Soc. 8:134-139.",""
"Lessard-Pilon, S, PB McIntyre, AS Flecker & SA Thomas, unpubl","Lessard-Pilon, S, PB McIntyre, AS Flecker & SA Thomas, unpubl","unpublished data of coauthors of the data paper (no entry in the Metadata S1 list)"
"Martin et al 2006","Martin S, et al. (2006) Respiration, calcification, and excretion of the invasive slipper limpet, Crepidula fornicata L.: Implications for carbon, carbonate, and nitrogen fluxes in affected areas. Limnol. Oceanogr. 5:1996-2007.",""
"Mather et al 1995","Mather ME, Vanni MJ, Wissing TE, Davis SA, Schaus MH (1995) Regeneration of nitrogen and phosphorus by bluegill and gizzard shad: Effect of feeding history. Can. J. Fish. Aquat. Sci. 52:2327-2338.",""
"McIntyre 2006","McIntyre PB (2006) The importance of fishes in nutrient cycling in tropical freshwaters: Species, community, and ecosystem perspectives. Dissertation. Cornell University, Ithaca, NY, USA.","PhD dissertation, Cornell University"
"McIntyre et al 2008","McIntyre PB, et al. (2008) Fish distributions and nutrient cycling in streams: Can fish create biogeochemical hotspots? Ecology 89:2335-2346.",""
"McIntyre, PB, unpub","McIntyre, PB, unpub","unpublished data of the second compiler (no entry in the Metadata S1 list)"
"McManamay et al 2011","McManamay RA, Webster JR, Valett HM, Dolloff CA (2011) Does diet influence consumer nutrient cycling? Macroinvertebrate and fish excretion in streams. J. N. Am. Benthol. Soc. 30:84-102.",""
"Mellina et al 1993","Mellina E, Rasmussen JB, Mills EL (1995) Impact of zebra mussel (Dreissena polymorpha) on phosphorus cycling and chlorophyll in lakes. Can. J. Fish. Aquat. Sci. 52:2553-2573.","key year 1993 as the data cite it; the Metadata S1 entry is dated 1995"
"Meyer & Schultz 1983","Meyer JL, Schultz ET (1985) Migrating haemulid fishes as a source of nutrients and organic-matter on coral reefs. Limnol. Oceanogr. 30:146-156.","key year 1983 as the data cite it; the Metadata S1 entry is dated 1985"
"Milanovich & Hopton 2014, and unpubl","Milanovich JR, Hopton ME (2014) Stoichiometry of a semi-aquatic plethodontid salamander: Intraspecific variation due to location, size and diet. Integr. Zool. 9:613-622.","the key also names unpublished data ('Milanovich JR, et al. unpublished data.' in the list)"
"Milanovich, JR & JC Maerz, unpubl","Milanovich JR, et al. unpublished data.","the list's entry 'Milanovich JR, et al. unpublished data.'"
"Morgan & Hicks 2013","Morgan DKJ, Hicks BJ (2013) A metabolic theory of ecology applied to temperature and mass dependence of N and P excretion by common carp. Hydrobiologia 705:135- 145.",""
"Moslemi et al 2012","Moslemi JM, Snider SB, MacNeill K, Gilliam JF, Flecker AS (2012) Impacts of an Invasive Snail (Tarebia granifera) on Nutrient Cycling in Tropical Streams: The Role of Riparian Deforestation in Trinidad, West Indies. Plos One, 7, article 38806.",""
"Munshaw et al. 2013","Munshaw RG, Palen WJ, Courcelles DM, Finlay JC (2013) Predator-driven nutrient recycling in California stream ecosystems. Plos One, 8, article e58542",""
"Naddafi et al 2008","Naddafi R, Pettersson K, Eklov P (2008) Effects of the zebra mussel, an exotic freshwater species, on seston stoichiometry. Limnol. Oceanogr. 53:1973-1987.",""
"Nalepa et al 1991","Nalepa et al 1991","no entry in the Metadata S1 list (key as the data cite it)"
"Paffenhofer & Gardner 1984","Paffenhofer GA, Gardner WS (1984) Ammonium release by juveniles and adult females of the sub-tropical marine copepod Eucalanus pileauts. J. Plankton Res. 6:505- 513.",""
"Pilati & Vanni 2007","Pilati A, Vanni MJ (2007) Ontogeny, diet shifts, and nutrient stoichiometry in fish. Oikos, 116:1663-1674.",""
"Post & Walters 2009","Post DM, Walters AW (2009) Nutrient excretion rates of anadromous alewives during their spawning migration. Trans. Am. Fish. Soc. 138, 264-268.",""
"Prosch & McLachlan 1984","Prosch RM, McLachlan A (1984) The regeneration of surf-zone nutrients by the sand mussel, Donax serra Roding. J. Exp. Mar. Biol. Ecol. 80, 221-233.",""
"Roopin et al 2008","Roopin M, Henry RP, Chadwick NE (2008) Nutrient transfer in a marine mutualism: patterns of ammonia excretion by anemonefish and uptake by giant sea anemones. Mar Biol 154:547-556.",""
"Rugenski 2013","Rugenski AT (2013) Influence of disease-driven amphibian declines on ecosystem structure and function in Panamanian headwater streams. Dissertation. Southern Illinois University, Carbondale, IL, U.S.A.","PhD dissertation, Southern Illinois University"
"Schaus et al 1997","Schaus MH, et al. (1997) Nitrogen and phosphorus excretion by detritivorous gizzard shad in a reservoir ecosystem. Limnol. Oceanogr. 42:1386-1397.",""
"Schaus et al 2010","Schaus MH, et al. (2010) Impact of the removal of gizzard shad (Dorosoma cepedianum) on nutrient cycles in Lake Apopka, Florida. Freshw. Biol. 55:2401-2413.",""
"Schaus et al 2013","Schaus MH, et al. (2013) Effect of a size-selective biomanipulation on nutrient release by gizzard shad in Florida (USA) lakes. Knowl. Manag. Aquat. Ecosyst. 411:13.",""
"Sereda et al 2008","Sereda JM, Hudson JJ, Taylor WD, Demers E (2008) Fish as sources and sinks of nutrients in lakes. Freshw. Biol. 53:278-289.",""
"Shimauchi & Uye 2007","Shimauchi H, Uye S (2007) Excretion and respiration rates of the scyphomedusa Aurelia aurita from the Inland Sea of Japan. J. Oceanogr. 63:27-34.",""
"Shostell & Bukaveckas 2004","Shostell J, Bukaveckas PA (2004) Seasonal and interannual variation in nutrient fluxes from tributary inputs, consumer recycling and algal growth in a eutrophic river impoundment. Aquat. Ecol. 38:359-373.",""
"Small et al 2011","Small GE, Pringle CM, Pyron M, Duff JH (2011) Role of the fish Astyanax aeneus (Characidae) as a keystone nutrient recycler in low-nutrient Neotropical streams. Ecology 92:386-397.",""
"Solomon et al 2010","Solomon CT, Olden JD, Johnson PTJ, Dillon, RT Jr, Vander Zanden MJ (2010) Distribution and community-level effects of the Chinese mystery snail (Bellamya chinensis) in northern Wisconsin lakes. Biol. Invasions 12:1591-1605.",""
"Srna & Baggaley 1976","Srna RF, Baggaley A (1976) Rate of excretion of ammonia by hard clam Mercenaria- mercenaria and American oyster Crassostrea-virginica. Mar. Biol. 36:251-258.",""
"Sterrett et al 2015","Sterrett SC, Maerz JC, RA Katz (2015) What can turtles teach us about the theory of ecological stoichiometry? Freshw. Biol. 60:443-455.",""
"Tarvainen et al 2005","Tarvainen M, Ventela AM, Helminen H, Sarvala J. (2005) Nutrient release and resuspension generated by ruffe (Gymnocephalus cernuus) and chironomids. Freshw. Biol. 50:447-458.",""
"Tatrai 1982","Tatrai I (1982) Oxygen-consumption and ammonia excretion of herbivorous chironomid larvae in Lake Balaton. Hydrobiologia 96:129-135.",""
"Taylor et al. 2012","Taylor JM, Back JA, Valenti TW, King RS (2012) Fish-mediated nutrient cycling and benthic microbial processes: can consumers influence stream nutrient cycling at multiple spatial scales? Freshw. Sci. 31:928-944.",""
"Torres & Vanni 2007","Torres LE, Vanni MJ (2007) Stoichiometry of nutrient excretion by fish: interspecific variation in a hypereutrophic lake. Oikos 116:259-270.",""
"Turner 2010","Turner CB (2010) Influence of zebra (Dreissena polymorpha) and quagga (Dreissena rostriformis) mussel invasions on benthic nutrient and oxygen dynamics. Can. J. Fish. Aquat. Sci. 67:1899-1908.",""
"Urabe 1993","Urabe J (1993) N-cycling and P-cycling coupled by grazers activities - food quality and nutrient release by zooplankton. Ecology 74:2337-2350.",""
"Vanderploeg et al 1986","Vanderploeg HA, Laird GA, Liebig JR, Gardner WS (1986) Ammonium release by zooplankton in suspensions of heat-killed algae and an evaluation of the flow-cell method. J. Plankton Res. 8:341-352.",""
"Vanni et al 2002","Vanni MJ, Flecker AS, Hood JM, Headworth JL (2002) Stoichiometry of nutrient recycling by vertebrates in a tropical stream: linking species identity and ecosystem processes. Ecol. Lett. 5:285-293.",""
"Vanni, MJ unpubl","Vanni, MJ unpubl","unpublished data of the first compiler (source numbers 83, 84 and 85 share this name; no entry in the Metadata S1 list)"
"Vaughn et al 2004","Vaughn CC, Gido KB, Spooner DE (2004) Ecosystem processes performed by unionid mussels in stream mesocosms: species roles and effects of abundance. Hydrobiologia, 527:35-47.",""
"Villeger et al 2012a","Villeger S, Ferraton F, Mouillot D, de Wit R (2012a) Nutrient recycling by coastal macrofauna: intra- versus interspecific differences. Mar. Ecol. Prog. Ser. 452, 297-303.",""
"Villeger et al 2012b","Villeger S, Grenouillet G, Suc V, Brosse S (2012b) Intra- and interspecific differences in nutrient recycling by European freshwater fish. Freshw. Biol. 57:2330-2341.",""
"Whiles et al 2009","Whiles MR, Huryn AD, Taylor BW, Reeve JD (2009) Influence of handling stress and fasting on estimates of ammonium excretion by tadpoles and fish: recommendations for designing excretion experiments. Limnol. Oceanogr. Meth. 7:1-7.",""
"Wilhelm et al 1999","Wilhelm, F.M., Hudson, J.J. & Schindler, D.W. (1999). Contribution of Gammarus lacustris to phosphorus recycling in a fishless alpine lake. Can. J. Fish. Aquat. Sci., 56, 1679-1686.",""
"Wilson & Xenopoulos 2010","Wilson HF, Xenopoulos MA (2011) Nutrient recycling by fish in streams along a gradient of agricultural land use. Glob. Change Biol. 17:130-139.","key year 2010 as the data cite it; the Metadata S1 entry is dated 2011"
"Zimmer et al 2006","Zimmer KD, Herwig BR, Laurich LM (2006) Nutrient excretion by fish in wetland ecosystems and its potential to support algal production. Limnol. Oceanogr. 51:197-207.",""
