species,family,order,M_mg,Q_uW25,mass_g
Unknown species*,Meinertellidae,Archaeognatha,12.75,38.3,0.01275
Species 1 (Sutherland)*,Lepismatidae,Thysanura,23.04,36.9,0.023039999999999998
Species 2 (Stellenbosch)*,Lepismatidae,Thysanura,26.64,23.0,0.02664
Species 3 (Cederberg)*,Lepismatidae,Thysanura,17.8,42.3,0.0178
Anax junius,Aeschnidae,Odonata,1019.0,4148.4,1.019
Brachymesia gravida,Libellulidae,Odonata,344.0,1555.6,0.344
Erythemis simplicicollis,Libellulidae,Odonata,263.0,877.5,0.263
Erythrodiplax berenice,Libellulidae,Odonata,125.0,438.8,0.125
Erythrodiplax connata,Libellulidae,Odonata,52.0,191.5,0.052
Libellula auripennis,Libellulidae,Odonata,464.0,1396.1,0.464
Libellula needhami,Libellulidae,Odonata,518.0,1675.3,0.518
Miathyria marcella,Libellulidae,Odonata,17.1,765.9,0.0171
Pachydiplax longipennis,Libellulidae,Odonata,200.0,1765.2,0.2
Pantala flavescens,Libellulidae,Odonata,339.0,1675.3,0.339
Perithemis tenera,Libellulidae,Odonata,61.0,331.1,0.061
Tramea carolina,Libellulidae,Odonata,383.0,1795.0,0.383
Coptotermes formosanus,Rhinotermitidae,Isoptera,2.95,8.1,0.0029500000000000004
Heterotermes tenuior,Rhinotermitidae,Isoptera,1.4,1.9,0.0014
Reticulitermes flavipes,Rhinotermitidae,Isoptera,2.97,12.0,0.00297
Schedorhinotermes javanicus,Rhinotermitidae,Isoptera,2.7,2.9,0.0027
Schedorhinotermes sarawakensis,Rhinotermitidae,Isoptera,8.3,17.9,0.0083
Labritermes kistneri,Termitidae,Isoptera,0.7,2.0,0.0007
Dicuspiditermes nemorosus,Termitidae,Isoptera,3.5,1.7,0.0035
Dicuspiditermes santschii,Termitidae,Isoptera,2.6,0.6,0.0026
Homallotermes eleanorae,Termitidae,Isoptera,2.2,1.5,0.0022
Pericapritermes nitobei,Termitidae,Isoptera,1.2,1.2,0.0012
Pericapritermes semarangi,Termitidae,Isoptera,1.3,0.8,0.0013
Procapritermes nr. sandakanensis,Termitidae,Isoptera,5.9,2.4,0.005900000000000001
Syncapritermes sp. A,Termitidae,Isoptera,6.7,3.1,0.0067
Termes borneensis,Termitidae,Isoptera,3.0,2.1,0.003
Globitermes globosus,Termitidae,Isoptera,1.9,1.4,0.0019
Prohamitermes mirabilis,Termitidae,Isoptera,3.5,1.9,0.0035
Aciculioiditermes sp. A,Termitidae,Isoptera,1.8,1.8,0.0018
Bulbitermes sp. C,Termitidae,Isoptera,2.8,2.3,0.0028
Havilanditermes atripennis,Termitidae,Isoptera,8.0,8.0,0.008
Hospitalitermes hospitalis,Termitidae,Isoptera,7.7,5.6,0.0077
Nasutitermes longinasus,Termitidae,Isoptera,2.6,1.5,0.0026
Proaciculitermes sp. A,Termitidae,Isoptera,1.1,0.8,0.0011
Proaciculitermes sp. E,Termitidae,Isoptera,2.7,1.4,0.0027
Hypotermes xenotermites,Termitidae,Isoptera,2.6,2.9,0.0026
Macrotermes carbonarius,Termitidae,Isoptera,11.93,51.8,0.01193
Macrotermes gilvus,Termitidae,Isoptera,7.0,5.5,0.007
Macrotermes malaccensis,Termitidae,Isoptera,11.6,14.1,0.0116
Microcerotermes dubius,Termitidae,Isoptera,2.2,2.9,0.0022
Microcerotermes serrula,Termitidae,Isoptera,1.9,2.2,0.0019
Blatta orientalis,Blattidae,Blattodea,325.0,555.9,0.325
Eublaberus posticus,Blattidae,Blattodea,2200.0,4219.5,2.2
Periplaneta americana,Blattidae,Blattodea,900.0,979.4,0.9
Periplaneta orientalis,Blattidae,Blattodea,165.0,307.9,0.165
Blatella germanica,Blattellidae,Blattodea,54.76,203.3,0.054759999999999996
Byrsotria fumagata,Blattellidae,Blattodea,4950.0,5584.6,4.95
Gromphadorhina chopardi,Blattellidae,Blattodea,3400.0,2685.1,3.4
Gromphadorihna portentosa,Blattellidae,Blattodea,4950.0,4747.0,4.95
Parcoblatta sp.,Blattellidae,Blattodea,73.0,92.0,0.073
Blaberus discoidalis,Blaberidae,Blattodea,4080.0,3912.6,4.08
Blaberus giganteus,Blaberidae,Blattodea,4330.0,3646.4,4.33
Leucophaea maderae,Blaberidae,Blattodea,2800.0,2903.9,2.8
Nauphoeta cinerea,Blaberidae,Blattodea,510.0,732.2,0.51
Perisphaeria sp.,Blaberidae,Blattodea,324.1,196.8,0.3241
Sphodromantis gastrica*,Mantidae,Mantodea,335.7,611.6,0.3357
Karoophasma biedouwensis*,Austrophasmatidae,Mantophasmatodea,103.95,317.9,0.10395
Oecanthus quadripunctatus,Gryllidae,Orthoptera,50.0,134.3,0.05
Enyaliopsis petersi,Gryllidae,Orthoptera,750.0,1525.7,0.75
Eugaster loricatus,Gryllidae,Orthoptera,1580.0,1762.1,1.58
Hophlosphyrum griseus,Gryllidae,Orthoptera,36.2,79.9,0.0362
Pternonemobius fasciatus,Gryliidae,Orthoptera,26.17,469.5,0.026170000000000002
Acheta domesticus,Gryllidae,Orthoptera,369.0,1138.6,0.369
Teleogryllus commodus7 Gryllidae,Orthoptera,950.00,5686.0,9.0,5.686
Anurogryllis arboreus,Gryllidae,Orthoptera,310.0,550.9,0.31
Ceuthophilis fossor,Gryllacrididae,Orthoptera,70.15,817.6,0.07015
Ceuthophilis gracilipes11 Gryllacrididae,Orthoptera,259.10,543.0,6.0,0.543
Gryllotalpa australis,Gryllotalpidae,Orthoptera,874.0,2235.6,0.874
Conocephalus fasciatus,Tettigoniidae,Orthoptera,51.37,717.1,0.05137
Euconocephalus nasutus,Tettigoniidae,Orthoptera,650.0,1026.7,0.65
Insara covilleae20 Tettigoniidae,Orthoptera,92.60,1633.0,1.0,1.633
Neoconocephalus robustus,Tettigoniidae,Orthoptera,870.0,3729.9,0.87
Requena verticalis,Tettigoniidae,Orthoptera,370.0,683.0,0.37
Anconia integra,Acrididae,Orthoptera,816.7,2644.1,0.8167000000000001
Bootettix punctatus,Acrididae,Orthoptera,47.01,364.7,0.047009999999999996
Encoptolophus s. costalis,Acrididae,Orthoptera,174.6,462.6,0.1746
Locusta migratoria migratorioides,Acrididae,Orthoptera,1500.0,4934.0,1.5
Melanoplus bivittatus,Acrididae,Orthoptera,1650.0,5057.0,1.65
Melanoplus complanipes,Acrididae,Orthoptera,141.55,624.3,0.14155
Oedalis instillatus,Acridiidae,Orthoptera,627.0,966.4,0.627
Romalea guttata,Acrididae,Orthoptera,2874.0,2696.1,2.874
Taeniopoda eques,Acrididae,Orthoptera,2043.0,2462.0,2.043
Trimerotropis pallidipennis,Acrididae,Orthoptera,221.35,743.3,0.22135
Trimerotropis saxatilis,Acrididae,Orthoptera,155.0,321.8,0.155
Trimerotropis sp.,Acrididae,Orthoptera,145.9,1007.5,0.1459
Trimerotropis suffusa,Acrididae,Orthoptera,297.5,906.2,0.2975
Xanthippus corallipes,Acrididae,Orthoptera,2302.2,7508.5,2.3022
Unknown genus,Acrididae,Orthoptera,2948.0,1354.6,2.948
Tanaocerus koebeli,Tanaoceridae,Orthoptera,102.5,625.9,0.1025
Xiphoceriana sp.,Acridiidae,Orthoptera,1568.0,743.0,1.568
Euborellia annulipes*,Carcinophoridae,Dermaptera,31.76,82.9,0.031760000000000004
Unknown genus,Psyllidae,Hemiptera,0.16,5.6,0.00016
Pseudococcus citri,Pseudococcidae,Hemiptera,1.3,11.3,0.0013
Neophilaenus lineatus,Cercopidae,Hemiptera,1.91,30.6,0.00191
Philaenus spumarius,Cercopidae,Hemiptera,3.93,59.5,0.00393
Cystosoma saundersii,Cicadidae,Hemiptera,1158.0,2345.1,1.158
Diceroprocta apache,Cicadidae,Hemiptera,622.0,1605.2,0.622
Fidicina mannifera,Cicadidae,Hemiptera,2840.0,9689.906,2.84
Multareoides bifurcatus,Membracidae,Hemiptera,1.34,15.2,0.00134
Hysteropterum sp.,Issidae,Hemiptera,1.71,40.3,0.00171
Phytocoris nigripubescens,Miridae,Hemiptera,1.27,30.8,0.00127
Slaterocoris sp.,Miridae,Hemiptera,0.86,17.2,0.00086
Unknown genus,Miridae,Hemiptera,0.51,12.0,0.00051
Unknown genus,Miridae,Hemiptera,3.56,72.9,0.0035600000000000002
Unknown genus,Miridae,Hemiptera,3.85,35.0,0.00385
Rhodnius prolixus,Reduviidae,Hemiptera,66.75,92.7,0.06675
Unknown genus,Nabidae,Hemiptera,1.89,25.9,0.00189
Dendrocoris contaminatus,Pentatomidae,Hemiptera,11.0,26.2,0.011
Unknown genus,Coreidae,Hemiptera,66.7,410.5,0.06670000000000001
Lygus kalmii,Lygaeidae,Hemiptera,10.17,146.3,0.01017
Unknown genus,Neididae,Hemiptera,0.95,28.1,0.00095
Corydalis cornutus,Corydalidae,Megaloptera,326.0,4724.5,0.326
Saprinus sp.,Histeridae,Coleoptera,8.21,65.4,0.00821
Sphaeridium lunatum,Hydrophilidae,Coleoptera,34.0,175.5,0.034
Species,Staphilinidae,Coleoptera,0.089,0.34,8.9e-05
Species,Carabidae,Coleoptera,0.89,1.34,0.0008900000000000001
Reichebnachia sp.,Pselaphidae,Coleoptera,0.077,0.82,7.7e-05
Popilius disjunctus,Passalidae,Coleoptera,1630.5,1611.6,1.6305
Popilius sp.,Passalidae,Coleoptera,563.0,799.4,0.563
Omorgus radula,Trogidae,Coleoptera,207.0,114.1,0.207
Geotrupes sp.,Geotrupiidae,Coleoptera,160.3,679.8,0.1603
Geotrupes spiniger,Geotrupidae,Coleoptera,825.0,4946.1,0.825
Aphodius contaminatus,Aphodiidae,Coleoptera,14.0,103.7,0.014
Aphodius fossor,Aphodiidae,Coleoptera,121.3,268.8,0.12129999999999999
Aphodius rufipes,Aphodiidae,Coleoptera,84.0,382.9,0.084
Aphodius distinctus,Scarabaeidae,Coleoptera,7.8,104.9,0.0078
Aphodius fimetarius,Scarabaeidae,Coleoptera,30.9,187.3,0.030899999999999997
Aphodius prodromus,Scarabaeidae,Coleoptera,13.8,167.0,0.013800000000000002
Aphodius rufus,Scarabaeidae,Coleoptera,209.0,170.4,0.209
Anomala sp.,Scarabaeidae,Coleoptera,100.0,137.0,0.1
Pelidnota sp.,Scarabaeidae,Coleoptera,1091.5,1511.5,1.0915
Coeloesis biloba,Scarabaeidae,Coleoptera,3735.0,3724.2,3.735
Strategus aloeus,Scarabaeidae,Coleoptera,5050.0,5149.6,5.05
Cyclocephala sp.,Scarabaeidae,Coleoptera,246.0,592.5,0.246
Dyscinetus sp.,Scarabaeidae,Coleoptera,390.0,469.6,0.39
Phileurus sp.,Scarabaeidae,Coleoptera,3501.0,1562.6,3.501
Sisiyphys fasciculatus,Scarabaeidae,Coleoptera,136.0,375.1,0.136
Anachalcos convexus,Scarabaeidae,Coleoptera,1421.0,1539.8,1.421
Circellium bacchus,Scarabaeidae,Coleoptera,7285.0,4017.3,7.285
Pachylomerus femoralis,Scarabaeidae,Coleoptera,4915.0,4282.2,4.915
Scarabaeus flavicornis,Scarabaeidae,Coleoptera,322.0,483.7,0.322
Scarabaeus galenus,Scarabaeidae,Coleoptera,1681.0,881.7,1.681
Scarabaeus westwoodi,Scarabaeidae,Coleoptera,1780.0,1324.7,1.78
Scarabaeus rusticus,Scarabaeidae,Coleoptera,1070.0,696.2,1.07
Scarabaeus gariepinus,Scarabaeidae,Coleoptera,1140.0,288.0,1.14
Scarabaeus striatum,Scarabaeidae,Coleoptera,790.0,282.6,0.79
Scarabaeus hippocrates,Scarabaeidae,Coleoptera,2010.0,622.1,2.01
Pleocoma australis,Scarabaeidae,Coleoptera,940.0,3238.8,0.94
Leucocelis elegans,Scarabaeidae,Coleoptera,80.0,337.0,0.08
Simplocaria metallica,Byrrhidae,Coleoptera,2.85,0.5,0.00285
Agrypnus bocandei,Elateridae,Coleoptera,166.2,71.6,0.1662
Rhizopertha dominica,Bostrichidae,Coleoptera,1.4,14.8,0.0014
Melyrid sp.,Melyridae,Coleoptera,1.16,20.9,0.00116
Hippodamia convergens,Coccinellidae,Coleoptera,17.0,193.2,0.017
Hydromedion sparsutum,Perimylopidae,Coleoptera,23.5,83.5,0.0235
Perimylops antarcticus,Perimylopidae,Coleoptera,14.5,48.6,0.0145
Adesmia baccata,Tenebrionidae,Coleoptera,407.0,179.2,0.407
Anepsius brunneus,Tenebrionidae,Coleoptera,6.15,24.8,0.00615
Centrioptera muricata,Tenebrionidae,Coleoptera,132.6,468.6,0.1326
Erodius nanus,Tenebrionidae,Coleoptera,21.9,101.3,0.0219
Euschides luctata,Tenebrionidae,Coleoptera,83.8,464.8,0.0838
Peristeptus sp.,Tenebrionidae,Coleoptera,55.0,54.5,0.055
Phrynocolus auriculatus,Tenebrionidae,Coleoptera,193.0,169.1,0.193
Phrynocolus petrosus,Tenebrionidae,Coleoptera,1109.0,355.7,1.109
Phrynocolus sp.,Tenebrionidae,Coleoptera,204.0,191.4,0.204
Physosterna cribripes,Tenebrionidae,Coleoptera,1226.0,2443.7,1.226
Physadesmia globosa,Tenebrionidae,Coleoptera,516.0,599.6,0.516
Sphaeriontis dilatata,Tenebrionidae,Coleoptera,46.0,150.7,0.046
Blaps gigas,Tenebrionidae,Coleoptera,1776.0,4508.3,1.776
Nyctobates procerus,Tenebrionidae,Coleoptera,2198.0,1753.3,2.198
Pterohelaeus sp.,Tenebrionidae,Coleoptera,245.0,481.6,0.245
Tenebrio molitor,Tenebrionidae,Coleoptera,100.0,372.2,0.1
Zophobas sp.,Tenebrionidae,Coleoptera,535.0,1269.6,0.535
Tribolium castaneum*,Tenebrionidae,Coleoptera,2.4,13.0,0.0024
Tribolium confusum,Tenebrionidae,Coleoptera,2.01,16.3,0.0020099999999999996
Trogloderus costatus,Tenebrionidae,Coleoptera,29.87,93.1,0.02987
Vieta bulbifera,Tenebrionidae,Coleoptera,479.0,538.8,0.479
Vieta muscosa,Tenebrionidae,Coleoptera,140.0,135.4,0.14
Cryptoglossa verrucosa,Tenebrionidae,Coleoptera,700.0,418.8,0.7
Edrotes ventricosus,Tenebrionidae,Coleoptera,24.35,91.9,0.02435
Pimelia cenchronota,Tenebrionidae,Coleoptera,1474.0,620.9,1.474
Pimelia grandis,Tenebrionidae,Coleoptera,2098.0,3734.1,2.098
Pimelia obsoleta,Tenebrionidae,Coleoptera,861.0,3011.3,0.861
Rhytinota praelonga,Tenebrionidae,Coleoptera,105.0,100.0,0.105
Triorophus laevis,Tenebrionidae,Coleoptera,8.46,107.7,0.00846
Helius waiti,Tenebrionidae,Coleoptera,672.0,1675.1,0.672
Cardiosis fairmarei,Tenebrionidae,Coleoptera,32.0,29.6,0.032
Zophosis orbicularis,Tenebrionidae,Coleoptera,103.0,121.4,0.103
Psammodes striatus,Tenebrionidae,Coleoptera,3010.0,4271.5,3.01
Epiphysa arenicola,Tenebrionidae,Coleoptera,1237.0,469.4,1.237
Onymacris plana,Tenebrionidae,Coleoptera,767.0,925.9,0.767
Onymacris laeviceps,Tenebrionidae,Coleoptera,525.0,427.9,0.525
Onymacris rugatipennis rugatipennis,Tenebrionidae,Coleoptera,496.0,446.2,0.496
Onymacris rugatipennis albotesselata,Tenebrionidae,Coleoptera,573.0,578.91,0.573
Onymacris unguicularis,Tenebrionidae,Coleoptera,737.0,176.0,0.737
Stenocara gracilipes,Tenebrionidae,Coleoptera,268.0,476.3,0.268
Eusattus dubius,Tenebrionidae,Coleoptera,27.22,282.6,0.027219999999999998
Eleodes armata,Tenebrionidae,Coleoptera,917.0,823.6,0.917
Eleodes grandicollis,Tenebrionidae,Coleoptera,521.93,2537.0,0.52193
Eleodes sp.,Tenebrionidae,Coleoptera,88.85,356.2,0.08885
Eleodes tenebrosa,Tenebrionidae,Coleoptera,51.53,247.4,0.05153
Meloid sp.,Meloidae,Coleoptera,17.34,406.7,0.01734
Acanthoderes circumflexa,Cerambycidae,Coleoptera,139.0,241.8,0.139
Acrocinus longimanus,Cerambycidae,Coleoptera,5383.0,16565.8,5.383
Dryoctenes scrupulosa,Cerambycidae,Coleoptera,1823.0,2825.3,1.823
Oncideres putator,Cerambycidae,Coleoptera,681.0,1095.9,0.681
Taeinotes scalaris,Cerambycidae,Coleoptera,397.0,952.3,0.397
Acanthophorus confinis,Cerambycidae,Coleoptera,3490.0,6180.9,3.49
Macrodontia dejeani,Cerambycidae,Coleoptera,4860.0,7799.2,4.86
Stenodontes molaria,Cerambycidae,Coleoptera,2944.0,6393.9,2.944
Stenodontes sp.,Cerambycidae,Coleoptera,1043.0,2040.6,1.043
Trachysomus peregrinus,Cerambycidae,Coleoptera,547.0,603.8,0.547
Brasilanus batus,Cerambycidae,Coleoptera,1965.0,6232.9,1.965
Eburia sp.,Cerambycidae,Coleoptera,582.0,1493.2,0.582
Nyssicus setosus,Cerambycidae,Coleoptera,996.0,715.5,0.996
Phorocantha recurva,Cerambycidae,Coleoptera,260.0,800.2,0.26
Phorocantha semipunctata,Cerambycidae,Coleoptera,300.0,701.7,0.3
Xenambyx laticauda,Cerambycidae,Coleoptera,1217.0,1571.9,1.217
Diplocapsis sp.,Chrysomelidae,Coleoptera,5.34,89.1,0.00534
Griburius sp.,Chrysomelidae,Coleoptera,3.31,60.1,0.00331
Griburius sp.,Chrysomelidae,Coleoptera,9.42,43.7,0.00942
Leptinotarsa decemlineata,Chrysomelidae,Coleoptera,150.0,693.9,0.15
Monoxia sp.,Chrysomelidae,Coleoptera,4.63,79.2,0.00463
Smicronyx imbricata,Curculionidae,Coleoptera,0.32,3.6,0.00032
Ectemnorhinus marioni,Curculionidae,Coleoptera,9.6,27.3,0.0096
Ectemnorhinus similis,Curculionidae,Coleoptera,13.4,32.5,0.0134
Ips acuminatus,Scolytidae,Coleoptera,2.84,36.3,0.0028399999999999996
Calandra oryzae,Curculionidae,Coleoptera,1.7,17.7,0.0017
Sitophilus granarius,Curculionidae,Coleoptera,3.68,139.6,0.00368
Microcerus sp.,Curculionidae,Coleoptera,132.0,189.6,0.132
Ophryastes varius,Curculionidae,Coleoptera,27.26,119.3,0.027260000000000003
Miloderes sp.,Curculionidae,Coleoptera,3.4,65.7,0.0034
Hylobius abietis,Curculionidae,Coleoptera,183.0,418.1,0.183
Hipporhinus tenuegranosus,Curculionidae,Coleoptera,1080.0,548.0,1.08
Eucyllus vagans,Curculionidae,Coleoptera,7.43,31.8,0.00743
Eucyllus unicolor,Curculionidae,Coleoptera,2.59,13.2,0.00259
Bothrometopus randi,Curculionidae,Coleoptera,24.6,51.1,0.0246
Bothrometopus parvulus,Curculionidae,Coleoptera,3.6,19.4,0.0036
Bothrometopus elongatus,Curculionidae,Coleoptera,1.7,15.2,0.0017
Palirhoeus eatoni,Curculionidae,Coleoptera,6.7,24.3,0.0067
Lixus bisulcatus,Curculionidae,Coleoptera,405.0,1357.0,0.405
Rhynchaenus flagellum,Curculionidae,Coleoptera,0.51,0.2,0.00051
Rhytonomus isobellina,Curculionidae,Coleoptera,8.1,93.7,0.0081
Hypera postica,Curculionidae,Coleoptera,5.8,159.5,0.0058
Canonopsis sericeus,Curculionidae,Coleoptera,58.9,175.1,0.0589
Unknown genus,Curculionidae,Coleoptera,0.3,1.63,0.0003
Unknown genus,Curculionidae,Coleoptera,193.0,120.1,0.193
Unknown genus,Curculionidae,Coleoptera,10.5,7.0,0.0105
Cerotalis sp.,Carabidae,Coleoptera,562.0,474.6,0.562
Chilanthia cavernosa,Carabidae,Coleoptera,1026.0,1571.5,1.026
Thermophilum babaulti,Carabidae,Coleoptera,1295.0,3223.9,1.295
Thermophilum hexastictum,Carabidae,Coleoptera,2025.0,2423.2,2.025
Triaenogeius scupturatus,Carabidae,Coleoptera,170.0,341.8,0.17
Anthia fabricii,Carabidae,Coleoptera,2250.0,1875.1,2.25
Cypholoba bihamata,Carabidae,Coleoptera,245.0,961.6,0.245
Cypholoba chanleri,Carabidae,Coleoptera,326.0,780.2,0.326
Cypholoba sp.,Carabidae,Coleoptera,192.0,937.4,0.192
Cypholoba tenuicollis,Carabidae,Coleoptera,59.0,245.7,0.059
Cypholoba tetrastigma,Carabidae,Coleoptera,132.0,802.4,0.132
Cypholoba trilunata53 Carabidae,Coleoptera,213.00,530.0,2.0,0.53
Amara quenseli,Carabidae,Coleoptera,15.0,1.4,0.015
Evarthrus sodalis,Carabidae,Coleoptera,164.1,186.7,0.1641
Carinum sp.,Carabidae,Coleoptera,4240.0,2428.9,4.24
Crepidogaster bioculata,Carabidae,Coleoptera,171.0,286.5,0.171
Sphaeroderus stenostomus,Carabidae,Coleoptera,169.6,262.1,0.1696
Calosoma affine,Carabidae,Coleoptera,620.0,787.2,0.62
Calosoma sp.,Carabidae,Coleoptera,151.23,838.6,0.15123
Campalita chlorostictum,Carabidae,Coleoptera,521.0,798.0,0.521
Unknown genus,Carabidae,Coleoptera,79.0,533.2,0.079
Cicindela longilabris,Cicindelidae,Coleoptera,124.3,269.6,0.1243
Cicindela repanda,Cicindelidae,Coleoptera,63.4,145.5,0.0634
Paractora dreuxi,Helcomyzidae,Diptera,19.17,243.9,0.019170000000000003
Paractora trichosterna,Helcomyzidae,Diptera,13.26,261.3,0.01326
Antrops truncipennis,Sphaeroceridae,Diptera,2.21,51.6,0.00221
Drosophila americana,Drosophilidae,Diptera,1.1,15.3,0.0011
Drosophila melanogaster,Drosophilidae,Diptera,0.95,32.0,0.00095
Drosophila mimica,Drosophilidae,Diptera,2.44,49.5,0.00244
Drosophila nikananu,Drosophilidae,Diptera,0.49,19.4,0.00049
Drosophila repleta,Drosophilidae,Diptera,3.43,32.3,0.0034300000000000003
Drosophila virilis,Drosophilidae,Diptera,1.67,45.7,0.0016699999999999998
Glossina morsitans,Glossinidae,Diptera,22.34,123.5,0.02234
Glossina pallidipes,Glossinidae,Diptera,38.45,374.3,0.038450000000000005
Musca autumnalis,Muscidae,Diptera,22.0,360.8,0.022
Musca domestica,Muscidae,Diptera,18.0,587.6,0.018
Phormia regina,Calliphoridae,Diptera,50.0,541.5,0.05
Protophormia terraenovae,Calliphoridae,Diptera,25.0,225.2,0.025
Pilica formidolosa,Asilidae,Diptera,200.0,789.8,0.2
Promachus sp.,Asilidae,Diptera,180.0,1447.4,0.18
Tabanus affinis,Tabanidae,Diptera,161.7,114.5,0.16169999999999998
Pantophthalmus tabaninus,Pantophthalmidae,Diptera,1746.0,3036.9,1.746
Simulium venustum,Simuliidae,Diptera,2.53,86.0,0.0025299999999999997
Chironomus riparius,Chironomidae,Diptera,1.0,16.1,0.001
Aëdes campestris,Culicidae,Diptera,6.72,295.0,0.006719999999999999
Culex tarsalis87 Culicidae,Diptera,2.23,23.0,6.0,0.023
Xenopsilla ramesis,Pulicidae,Siphonaptera,0.16,0.6,0.00016
Vanessa io,Nymphalidae,Lepidoptera,230.0,922.2,0.23
Thais cassandra,Papilionidae,Lepidoptera,130.0,3488.4,0.13
Apetaloides firmiana,Notodontidae,Lepidoptera,169.0,828.3,0.169
Hapigia simplex,Notodontidae,Lepidoptera,478.0,1584.0,0.478
Lirimiris sp.,Notodontidae,Lepidoptera,564.0,1765.4,0.564
Mamestra configurata,Noctuidae,Lepidoptera,139.05,465.3,0.13905
Bombyx mori,Bombicidae,Lepidoptera,490.0,3492.6,0.49
Deilephila elpenor,Sphingidae,Lepidoptera,600.0,893.2,0.6
Deilephila euphorbiae,Sphingidae,Lepidoptera,700.0,2347.9,0.7
Xylophanes chiron,Sphingidae,Lepidoptera,708.0,1348.2,0.708
Xylophanes libya,Sphingidae,Lepidoptera,559.0,2551.4,0.559
Xylophanes pluto,Sphingidae,Lepidoptera,829.0,2258.2,0.829
Enyo ocypete,Sphingidae,Lepidoptera,453.33,1148.7,0.45333
Erinnyis ello,Sphingidae,Lepidoptera,1210.0,4135.4,1.21
Erinnyis oenotrus,Sphingidae,Lepidoptera,964.0,3615.5,0.964
Madoryx oeclus,Sphingidae,Lepidoptera,1699.0,5368.8,1.699
Oryba achemenides,Sphingidae,Lepidoptera,2808.5,6058.0,2.8085
Pachygonia drucei,Sphingidae,Lepidoptera,702.0,1481.3,0.702
Pachylia ficus,Sphingidae,Lepidoptera,3225.0,5114.9,3.225
Perigonia lusca,Sphingidae,Lepidoptera,558.33,2265.2,0.55833
Metopsilus porcellus,Sphingidae,Lepidoptera,285.0,1361.8,0.285
Mimas tiliae,Sphingidae,Lepidoptera,320.0,1666.8,0.32
Protambulyx strigilis,Sphingidae,Lepidoptera,1095.33,2251.1,1.09533
Manduca corallina,Sphingidae,Lepidoptera,1618.25,3239.1,1.61825
Manduca lefeburei,Sphingidae,Lepidoptera,571.0,925.0,0.571
Manduca rustica,Sphingidae,Lepidoptera,2810.0,6704.9,2.81
Sphinx ligustri,Sphingidae,Lepidoptera,1400.0,7513.4,1.4
Adeloneivaia boisduvalii,Saturniidae,Lepidoptera,1034.0,1795.6,1.034
Adeloneivaia subungulata,Saturniidae,Lepidoptera,487.0,1850.1,0.487
Eacles imperialis,Saturniidae,Lepidoptera,1105.0,3282.9,1.105
Sphingicampa quadrilineata,Saturniidae,Lepidoptera,818.0,2134.2,0.818
Syssphinx molina,Saturniidae,Lepidoptera,1757.0,4431.7,1.757
Antheraea pernyi,Saturniidae,Lepidoptera,1210.0,6134.5,1.21
Automerina auletes,Saturniidae,Lepidoptera,720.0,1813.8,0.72
Automeris fieldi,Saturniidae,Lepidoptera,394.0,1088.3,0.394
Automeris hamata,Saturniidae,Lepidoptera,564.0,1995.2,0.564
Automeris jacunda,Saturniidae,Lepidoptera,653.25,1549.3,0.65325
Automeris zugana,Saturniidae,Lepidoptera,539.75,1103.4,0.53975
Dirphea agis,Saturniidae,Lepidoptera,197.0,483.7,0.197
Hylesia praeda,Saturniidae,Lepidoptera,146.0,816.2,0.146
Hylesia sp.,Saturniidae,Lepidoptera,239.14,682.3,0.23914
Hyperchirica nausica,Saturniidae,Lepidoptera,199.5,786.0,0.1995
Artace sp.,Lasiocampidae,Lepidoptera,132.0,332.5,0.132
Euglyphis sp.,Lasiocampidae,Lepidoptera,87.0,411.1,0.087
Odonestis pruni,Lasiocampidae,Lepidoptera,250.0,1130.0,0.25
Galleria mellonella,Pyralidae,Lepidoptera,53.6,635.0,0.0536
Ostrinia nubilalis,Pyralidae,Lepidoptera,48.4,484.2,0.0484
Neocossus sp.,Cossidae,Lepidoptera,1771.63,4008.5,1.77163
Megalpyge sp.,Megalpygidae,Lepidoptera,627.0,1559.9,0.627
Apis mellifera ligustica,Apidae,Hymenoptera,94.4,606.9,0.09440000000000001
Bombus terrestris,Apidae,Hymenoptera,740.0,821.8,0.74
Xylocopa capitata,Xylocopidae,Hymenoptera,1300.0,6835.4,1.3
Dasylabris sp.,Mutillidae,Hymenoptera,86.5,37.3,0.0865
Dasymutilla gloriosa,Mutillidae,Hymenoptera,76.45,1869.5,0.07645
Unknown genus,Pompilidae,Hymenoptera,14.14,202.0,0.01414
Leptothorax acerovorum,Formicidae,Hymenoptera,0.37,5.1,0.00037
Leptothorax unifasciatus,Formicidae,Hymenoptera,0.49,2.4,0.00049
Atta laevigata,Formicidae,Hymenoptera,15.0,35.2,0.015
Atta sexdens,Formicidae,Hymenoptera,15.0,43.1,0.015
Myrmica alaskensis,Formicidae,Hymenoptera,0.91,10.7,0.00091
Myrmica rubra,Formicidae,Hymenoptera,2.76,6.8,0.00276
Pogonomyrmex californicus,Formicidae,Hymenoptera,5.92,9.3,0.00592
Pogonomyrmex maricopa,Formicidae,Hymenoptera,11.07,40.6,0.01107
Pogonomyrmex occidentalis,Formicidae,Hymenoptera,7.96,12.8,0.00796
Pogonomyrmex rugosus,Formicidae,Hymenoptera,14.3,27.6,0.0143
Pogonomyrmex sp.,Formicidae,Hymenoptera,3.74,12.6,0.0037400000000000003
Aphaenogaster cockerelli,Formicidae,Hymenoptera,4.72,82.5,0.004719999999999999
Messor capensis*,Formicidae,Hymenoptera,13.7,38.3,0.013699999999999999
Messor capitatus,Formicidae,Hymenoptera,3.14,16.2,0.00314
Messor julianus,Formicidae,Hymenoptera,5.09,7.1,0.00509
Messor pergandei,Formicidae,Hymenoptera,7.19,14.0,0.00719
Chelaner rothsteini,Formicidae,Hymenoptera,0.25,1.1,0.00025
Solenopsis invicta,Formicidae,Hymenoptera,2.96,5.6,0.00296
Tetramorium caespitum,Formicidae,Hymenoptera,0.69,2.4,0.00069
Camponotus detritus,Formicidae,Hymenoptera,42.9,78.0,0.0429
Camponotus fulvopilosus,Formicidae,Hymenoptera,43.0,63.4,0.043
Camponotus laevigatus,Formicidae,Hymenoptera,19.15,117.8,0.019149999999999997
Camponotus maculatus*,Formicidae,Hymenoptera,42.49,51.1,0.04249
Camponotus sericeiventris,Formicidae,Hymenoptera,40.2,73.2,0.0402
Camponotus sp.,Formicidae,Hymenoptera,15.41,78.2,0.01541
Camponotus vafer,Formicidae,Hymenoptera,4.51,58.8,0.00451
Camponotus vicinus,Formicidae,Hymenoptera,107.0,143.5,0.107
Cataglyphis bicolor,Formicidae,Hymenoptera,34.0,37.8,0.034
Formica exsecta,Formicidae,Hymenoptera,4.05,21.9,0.00405
Formica fusca var. subaenescens,Formicidae,Hymenoptera,1.35,31.3,0.00135
Formica fusca,Formicidae,Hymenoptera,4.41,9.65,0.00441
Formica occulta,Formicidae,Hymenoptera,1.3,19.5,0.0013
Formica pratensis,Formicidae,Hymenoptera,7.17,31.4,0.00717
Lasius alienus,Formicidae,Hymenoptera,1.38,6.0,0.00138
Lasius flavus,Formicidae,Hymenoptera,2.58,11.5,0.0025800000000000003
Lasius niger,Formicidae,Hymenoptera,1.74,6.1,0.00174
Lasius sitiens,Formicidae,Hymenoptera,0.29,3.2,0.00029
Forelius foetidus,Formicidae,Hymenoptera,0.1,1.3,0.0001
Anoplolepis steinergroeveri*,Formicidae,Hymenoptera,4.94,14.1,0.004940000000000001
Leptogenys attenuata,Formicidae,Hymenoptera,4.0,12.3,0.004
Leptogenys nitida,Formicidae,Hymenoptera,1.72,5.2,0.00172
Leptogenys schwabi,Formicidae,Hymenoptera,8.96,21.0,0.008960000000000001
Paraponera clavata,Formicidae,Hymenoptera,190.0,430.8,0.19
Eciton hamatum,Formicidae,Hymenoptera,6.0,25.3,0.006
Ponaria sp.,Formicidae,Hymenoptera,0.19,1.35,0.00019
Unknown genus,Braconidae,Hymenoptera,1.7,27.8,0.0017
Unknown genus,Chaclidoidea,Hymenoptera,0.16,3.5,0.00016
Unknown genus,Formicidae,Hymenoptera,46.4,120.2,0.0464
