Species,q25Wkg,Logq25Wkg,Mg,LogMg,TC,qWkg,mass_g,N
Abramis brama,0.746,-0.127,102.90,2.012,18.0,0.5252,102.90,40
Acanthopagrus schlegelii schlegelii,0.117,-0.932,254.00,2.405,25.0,0.1167,254.00,21
Acipenser gueldenstaedtii,0.387,-0.412,208.00,2.318,18.0,0.2723,208.00,8
Acipenser nudiventris,0.714,-0.146,89.00,1.949,19.0,0.5290,89.00,1
Acipenser ruthenus,0.175,-0.757,258.00,2.412,20.0,0.1362,258.00,4
Acipenser stellatus,0.345,-0.462,6500.00,3.813,20.0,0.2684,6500.00,22
Acipenser transmontanus,0.019,-1.721,950.00,2.978,15.0,0.0117,950.00,10
Aequidens pulcher,0.475,-0.323,5.00,0.699,25.0,0.4746,5.00,1
Alburnus alburnus,0.729,-0.137,9.00,0.954,8.0,0.3112,9.00,4
Ambassis interrupta,0.315,-0.502,5.00,0.699,25.0,0.3151,5.00,10
Ameiurus melas,0.424,-0.373,50.00,1.699,17.0,0.2840,50.00,3
Ameiurus natalis,0.334,-0.476,20.00,1.301,15.0,0.2023,20.00,6
Ameiurus nebulosus,0.165,-0.783,116.00,2.064,10.0,0.0778,116.00,90
Anabas testudineus,0.017,-1.770,27.62,1.441,28.0,0.0195,27.62,86
Anarhichas minor,0.458,-0.339,27.50,1.439,1.35,0.1400,27.50,1
Anguilla anguilla,0.128,-0.893,71.10,1.852,14.0,0.0739,71.10,151
Anguilla australis australis,0.110,-0.959,700.00,2.845,20.0,0.0856,700.00,2
Anguilla japonica,0.132,-0.879,325.00,2.512,14.5,0.0778,325.00,34
Anguilla rostrata,0.135,-0.870,315.00,2.498,15.0,0.0817,315.00,19
Anoplogaster cornuta,0.032,-1.495,36.70,1.565,5.0,0.0117,36.70,14
Aphanius dispar dispar,1.940,0.288,0.56,-0.252,17.0,1.2993,0.56,5
Arapaima gigas,0.084,-1.076,2300.00,3.362,28.0,0.0973,2300.00,35
Aristostomias lunifer,0.159,-0.799,21.10,1.324,5.0,0.0584,21.10,1
Bajacalifornia burragei,0.085,-1.071,24.90,1.396,5.0,0.0311,24.90,1
Balistes capriscus,0.476,-0.322,320.00,2.505,17.5,0.3268,320.00,3
Bathylagus antarcticus,0.349,-0.457,27.15,1.434,0.25,0.1011,27.15,1
Bathylagus stilbius,0.371,-0.431,8.55,0.932,5.0,0.1362,8.55,1
Bathylagus wesethi,1.121,0.050,1.50,0.176,10.0,0.5290,1.50,1
Benthalbella elongata,0.712,-0.148,35.30,1.548,0.25,0.2062,35.30,1
Boreogadus saida,0.233,-0.633,110.00,2.041,1.0,0.0700,110.00,7
Borostomias panamensis,0.265,-0.577,110.25,2.042,5.0,0.0973,110.25,2
Brevoortia tyrannus,0.841,-0.075,78.40,1.894,10.0,0.3968,78.40,21
Callionymus lyra,0.161,-0.793,105.00,2.021,11.5,0.0817,105.00,28
Campostoma anomalum,1.038,0.016,19.25,1.284,17.9,0.7274,19.25,1
Caranx hippos,1.466,0.166,38.30,1.583,14.7,0.8753,38.30,1
Carassius auratus auratus,0.127,-0.896,3.80,0.580,5.0,0.0467,3.80,310
Carassius carassius,0.106,-0.975,12.50,1.097,5.0,0.0389,12.50,32
Catostomus commersonii,0.289,-0.539,100.00,2.000,10.0,0.1362,100.00,48
Catostomus tahoensis,0.574,-0.241,43.73,1.641,8.0,0.2451,43.73,6
Centropristis striata,0.389,-0.410,84.00,1.924,25.0,0.3890,84.00,5
Chaenocephalus aceratus,0.221,-0.656,1130.00,3.053,2.0,0.0700,1130.00,24
Channa marulius,0.121,-0.917,93.00,1.968,30.0,0.1556,93.00,16
Channa orientalis,0.164,-0.785,30.00,1.477,30.0,0.2101,30.00,52
Channa punctata,0.067,-1.174,12.50,1.097,26.0,0.0700,12.50,84
Channa striata,0.130,-0.886,82.00,1.914,30.0,0.1673,82.00,11
Channichthys rhinoceratus,0.713,-0.147,200.00,2.301,5.5,0.2684,200.00,2
Chanos chanos,2.692,0.430,0.70,-0.155,25.0,2.6919,0.70,56
Chiasmodon niger,0.468,-0.330,76.60,1.884,2.5,0.1517,76.60,1
Chiloscyllium plagiosum,0.202,-0.695,880.00,2.944,23.0,0.1828,880.00,3
Chromis chromis,0.812,-0.090,10.40,1.017,16.0,0.5174,10.40,4
Cichlasoma bimaculatum,0.267,-0.573,11.00,1.041,22.0,0.2295,11.00,38
Cirrhinus cirrhosus,0.213,-0.672,1821.00,3.260,21.5,0.1789,1821.00,87
Citharichthys stigmaeus,0.513,-0.290,15.00,1.176,15.0,0.3112,15.00,1
Clarias batrachus,0.204,-0.690,77.00,1.886,26.0,0.2140,77.00,9
Clinocottus analis,0.610,-0.215,37.00,1.568,20.0,0.4746,37.00,1
Colisa fasciata,0.348,-0.458,0.92,-0.036,28.0,0.4046,0.92,42
Colossoma macropomum,0.195,-0.710,1760.00,3.246,25.0,0.1945,1760.00,115
Conger conger,0.610,-0.215,545.00,2.736,13.0,0.3345,545.00,5
Coregonus autumnalis,1.309,0.117,234.00,2.369,7.2,0.5368,234.00,4
Coregonus fera,4.049,0.607,0.11,-0.959,14.0,2.3340,0.11,26
Coregonus sardinella,0.935,-0.029,365.00,2.562,9.2,0.4240,365.00,22
Coryphaena equiselis,6.114,0.786,0.03,-1.523,23.0,5.5316,0.03,71
Coryphaena hippurus,3.114,0.493,0.90,-0.046,13.5,1.7505,0.90,1
Coryphaenoides armatus,0.047,-1.328,1200.00,3.079,3.0,0.0156,1200.00,3
Cottus gobio,1.961,0.292,2.90,0.462,18.0,1.3810,2.90,1
Ctenopharyngodon idella,0.497,-0.304,16.05,1.205,22.0,0.4279,16.05,8
Cyclothone acclinidens,0.281,-0.551,0.87,-0.060,3.0,0.0934,0.87,9
Cyclothone microdon,0.309,-0.510,0.78,-0.108,0.25,0.0895,0.78,1
Cyprinodon variegatus variegatus,0.661,-0.180,2.40,0.380,25.0,0.6613,2.40,18
Cyprinus carpio carpio,0.140,-0.854,174.00,2.241,10.0,0.0661,174.00,208
Dactylopterus volitans,14.340,1.157,0.02,-1.699,23.0,12.9732,0.02,14
Dasyatis sabina,0.282,-0.550,503.00,2.702,22.2,0.2451,503.00,10
Diaphus theta,1.620,0.210,2.65,0.423,5.0,0.5952,2.65,2
Diplodus sargus sargus,1.275,0.106,25.75,1.411,14.0,0.7352,25.75,2
Dorosoma cepedianum,0.417,-0.380,87.70,1.943,13.4,0.2334,87.70,52
Echiichthys vipera,1.239,0.093,10.50,1.021,18.5,0.8947,10.50,2
Electrona antarctica,0.806,-0.094,7.90,0.898,0.25,0.2334,7.90,1
Embiotoca lateralis,0.687,-0.163,599.00,2.777,15.0,0.4162,599.00,2
Encheliophis homei,0.260,-0.585,7.50,0.875,30.0,0.3345,7.50,6
Engraulis japonicus,1.263,0.101,628.79,2.799,16.2,0.8130,628.79,15
Epinephelus akaara,0.175,-0.757,281.00,2.449,25.0,0.1751,281.00,30
Erimyzon oblongus,0.824,-0.084,25.80,1.412,18.5,0.5952,25.80,1
Erpetoichthys calabaricus,0.405,-0.393,27.40,1.438,27.0,0.4474,27.40,1
Esomus danricus,1.661,0.220,0.62,-0.208,27.5,1.8828,0.62,20
Esox lucius,0.212,-0.674,600.00,2.778,5.0,0.0778,600.00,26
Esox masquinongy,1.070,0.029,12.20,1.086,5.0,0.3929,12.20,9
Etheostoma blennioides,1.189,0.075,12.35,1.092,17.5,0.8169,12.35,1
Euthynnus affinis,2.057,0.313,2260.00,3.354,24.0,1.9567,2260.00,1
Exodon paradoxus,0.190,-0.721,3.85,0.585,20.0,0.1478,3.85,4
Fundulus grandis,0.035,-1.456,31.50,1.498,25.0,0.0350,31.50,22
Fundulus heteroclitus heteroclitus,0.138,-0.860,9.00,0.954,5.0,0.0506,9.00,18
Fundulus parvipinnis,0.030,-1.523,6.00,0.778,20.0,0.0233,6.00,11
Fundulus similis,0.031,-1.509,21.00,1.322,25.0,0.0311,21.00,22
Gadus morhua,0.328,-0.484,6650.00,3.823,3.0,0.1089,6650.00,140
Gadus ogac,0.871,-0.060,180.00,2.255,0.0,0.2490,180.00,1
Gambusia affinis,1.377,0.139,0.24,-0.620,10.0,0.6496,0.24,27
Gambusia holbrooki,0.303,-0.519,0.30,-0.523,27.0,0.3345,0.30,16
Gasterosteus aculeatus aculeatus,0.907,-0.042,1.95,0.290,10.0,0.4279,1.95,22
Genyagnus monopterygius,0.058,-1.237,164.00,2.215,17.0,0.0389,164.00,21
Gilchristella aestuaria,1.046,0.020,1.44,0.158,15.0,0.6341,1.44,20
Gillichthys mirabilis,0.030,-1.523,16.70,1.223,20.0,0.0233,16.70,75
Girella nigricans,0.475,-0.323,210.00,2.322,18.0,0.3345,210.00,5
Glossogobius giuris,0.126,-0.900,15.00,1.176,26.0,0.1323,15.00,42
Gnathonemus petersii,0.377,-0.424,5.85,0.767,26.0,0.3968,5.85,1
Gobio gobio gobio,1.096,0.040,17.00,1.230,12.0,0.5718,17.00,6
Gobionotothen gibberifrons,0.309,-0.510,470.00,2.672,0.25,0.0895,470.00,1
Gobius paganellus,0.937,-0.028,10.50,1.021,23.1,0.8519,10.50,1
Gymnocephalus cernuus,0.825,-0.084,64.80,1.812,17.0,0.5524,64.80,2
Gymnodraco acuticeps,0.484,-0.315,87.20,1.941,-0.3,0.1362,87.20,2
Gymnoscopelus braueri,0.510,-0.292,11.40,1.057,0.25,0.1478,11.40,1
Gymnoscopelus opisthopterus,0.430,-0.367,23.55,1.372,0.25,0.1245,23.55,1
Harpagifer georgianus,0.025,-1.602,4.13,0.616,1.5,0.0078,4.13,1
Hemichromis bimaculatus,0.751,-0.124,3.00,0.477,25.0,0.7508,3.00,1
Heteropneustes fossilis,0.204,-0.690,45.00,1.653,18.0,0.1439,45.00,36
Hippocampus hippocampus,0.712,-0.148,10.00,1.000,18.0,0.5018,10.00,5
Hippoglossoides platessoides,0.194,-0.712,390.00,2.591,3.5,0.0661,390.00,5
Hoplerythrinus unitaeniatus,0.127,-0.896,243.00,2.386,28.5,0.1517,243.00,55
Ichthyomyzon fossor,0.845,-0.073,3.78,0.577,18.0,0.5952,3.78,1
Ictalurus punctatus,0.232,-0.635,825.00,2.916,18.0,0.1634,825.00,29
Katsuwonus pelamis,0.881,-0.055,632.00,2.801,23.5,0.8169,632.00,47
Kuhlia sandvicensis,0.254,-0.595,55.97,1.748,23.0,0.2295,55.97,62
Labeo calbasu,0.196,-0.708,0.30,-0.523,27.5,0.2217,0.30,8
Labeo capensis,0.355,-0.450,357.96,2.554,8.0,0.1517,357.96,49
Labeo rohita,0.764,-0.117,5.00,0.699,29.0,0.9336,5.00,10
Labeobarbus aeneus,0.140,-0.854,325.50,2.513,10.0,0.0661,325.50,28
Labrus bergylta,0.470,-0.328,125.00,2.097,18.0,0.3307,125.00,4
Lagodon rhomboides,0.226,-0.646,13.50,1.130,25.0,0.2256,13.50,14
Lampetra fluviatilis,0.185,-0.733,1.43,0.155,4.4,0.0661,1.43,62
Lampetra planeri,0.146,-0.836,2.79,0.446,5.3,0.0545,2.79,17
Leiostomus xanthurus,0.218,-0.662,11.10,1.045,25.0,0.2178,11.10,85
Lepidocephalichthys guntea,0.573,-0.242,1.27,0.104,24.0,0.5446,1.27,8
Lepidogalaxias salamandroides,0.270,-0.569,0.62,-0.208,20.0,0.2101,0.62,31
Lepomis cyanellus,0.834,-0.079,10.00,1.000,15.0,0.5057,10.00,3
Lepomis gibbosus,0.244,-0.613,30.00,1.477,5.0,0.0895,30.00,9
Lepomis macrochirus,0.151,-0.821,133.00,2.124,30.0,0.1945,133.00,250
Leporinus fasciatus,0.541,-0.267,3.95,0.597,25.0,0.5407,3.95,3
Leucaspius delineatus,2.199,0.342,1.52,0.182,20.0,1.7116,1.52,1
Leuciscus cephalus,0.719,-0.143,14.00,1.146,15.0,0.4357,14.00,18
Leuciscus idus,0.212,-0.674,600.00,2.778,5.0,0.0778,600.00,15
Leuciscus leuciscus,2.143,0.331,9.95,0.998,16.5,1.4004,9.95,1
Limanda limanda,0.159,-0.799,400.00,2.602,5.0,0.0584,400.00,7
Lipolagus ochotensis,0.989,-0.005,3.40,0.531,10.0,0.4668,3.40,1
Lipophrys pholis,0.549,-0.260,20.20,1.305,16.0,0.3501,20.20,109
Liza dumerili,0.387,-0.412,42.50,1.628,18.0,0.2723,42.50,45
Liza macrolepis,0.478,-0.321,8.00,0.903,29.0,0.5835,8.00,59
Liza richardsonii,0.915,-0.039,39.20,1.593,13.0,0.5018,39.20,22
Lota lota,0.572,-0.243,213.00,2.328,11.3,0.2879,213.00,1
Lutjanus campechanus,0.469,-0.329,365.50,2.563,15.0,0.2840,365.50,18
Lycodichthys dearborni,0.117,-0.932,44.61,1.649,-1.5,0.0311,44.61,16
Macrognathus aculeatus,0.233,-0.633,53.00,1.724,21.0,0.1906,53.00,43
Melamphaes acanthomus,0.191,-0.719,17.40,1.241,5.0,0.0700,17.40,2
Melanocetus johnsonii,0.288,-0.541,50.55,1.704,2.5,0.0934,50.55,1
Melanogrammus aeglefinus,0.280,-0.553,155.90,2.193,10.0,0.1323,155.90,12
Melanonus zugmayeri,0.265,-0.577,31.50,1.498,5.0,0.0973,31.50,1
Melanostigma gelatinosum,0.403,-0.395,47.20,1.674,0.25,0.1167,47.20,1
Melanostigma pammelas,0.117,-0.932,10.00,1.000,3.0,0.0389,10.00,8
Micropterus salmoides,0.122,-0.914,178.00,2.250,15.0,0.0739,178.00,84
Microstomus kitt,0.307,-0.513,229.00,2.360,5.0,0.1128,229.00,6
Misgurnus fossilis,0.679,-0.168,28.50,1.455,18.0,0.4785,28.50,1
Monopterus cuchia,0.113,-0.947,172.88,2.238,25.0,0.1128,172.88,10
Mugil cephalus,0.342,-0.466,221.00,2.344,14.5,0.2023,221.00,72
Mugil curema,0.500,-0.301,140.00,2.146,20.0,0.3890,140.00,12
Myoxocephalus octodecemspinosus,0.330,-0.481,200.00,2.301,10.0,0.1556,200.00,16
Myoxocephalus scorpius,0.519,-0.285,87.50,1.942,2.4,0.1673,87.50,5
Mystus armatus,0.469,-0.329,9.20,0.964,30.0,0.6030,9.20,10
Mystus cavasius,0.576,-0.240,45.00,1.653,29.0,0.7041,45.00,17
Mystus gulio,0.549,-0.260,12.00,1.079,27.0,0.6068,12.00,2
Mystus vittatus,0.545,-0.264,7.40,0.869,20.0,0.4240,7.40,60
Myxine glutinosa,0.460,-0.337,38.40,1.584,7.0,0.1867,38.40,2
Nannobrachium regale,0.169,-0.772,2.90,0.462,5.0,0.0622,2.90,1
Nannobrachium ritteri,0.625,-0.204,1.80,0.255,5.0,0.2295,1.80,2
Naucrates ductor,8.888,0.949,0.07,-1.155,23.0,8.0406,0.07,50
Notothenia coriiceps,0.390,-0.409,1000.00,3.000,0.25,0.1128,1000.00,3
Notothenia cyanobrancha,1.194,0.077,200.00,2.301,4.5,0.4279,200.00,1
Notothenia rossii,0.304,-0.517,159.70,2.203,3.0,0.1011,159.70,12
Oligolepis acutipennis,0.115,-0.939,6.30,0.799,26.0,0.1206,6.30,12
Oncorhynchus mykiss,0.413,-0.384,450.00,2.653,5.0,0.1517,450.00,548
Oncorhynchus nerka,0.434,-0.363,36.70,1.565,5.0,0.1595,36.70,87
Oncorhynchus tshawytscha,1.050,0.021,26.00,1.415,16.0,0.6691,26.00,1
Oneirodes acanthias,0.127,-0.896,4.20,0.623,5.0,0.0467,4.20,1
Ophiodon elongatus,0.186,-0.730,1591.00,3.202,12.1,0.0973,1591.00,16
Opsanus tau,1.999,0.301,325.00,2.512,20.0,1.5560,325.00,1
Oreochromis aureus,0.244,-0.613,697.00,2.843,26.0,0.2567,697.00,6
Oreochromis mossambicus,0.226,-0.646,144.30,2.159,16.0,0.1439,144.30,206
Oreochromis niloticus niloticus,0.211,-0.676,310.00,2.491,26.0,0.2217,310.00,50
Orthodon microlepidotus,0.239,-0.622,650.00,2.813,12.0,0.1245,650.00,22
Oryzias latipes,0.720,-0.143,0.27,-0.569,25.0,0.7197,0.27,59
Osphronemus goramy,0.298,-0.526,12.50,1.097,28.0,0.3462,12.50,2
Pagetopsis macropterus,0.327,-0.485,76.00,1.881,0.0,0.0934,76.00,1
Pagothenia borchgrevinki,0.398,-0.400,90.15,1.955,0.5,0.1167,90.15,2
Paranotothenia magellanica,0.983,-0.007,200.00,2.301,5.25,0.3657,200.00,2
Parophrys vetulus,0.642,-0.192,70.00,1.845,15.0,0.3890,70.00,1
Parvilux ingens,0.191,-0.719,9.40,0.973,5.0,0.0700,9.40,1
Perca fluviatilis,0.140,-0.854,11.00,1.041,16.0,0.0895,11.00,17
Petromyzon marinus,0.561,-0.251,22.80,1.358,5.0,0.2062,22.80,7
Pimephales promelas,0.732,-0.135,2.00,0.301,15.0,0.4435,2.00,9
Platichthys flesus,0.104,-0.983,350.00,2.544,9.0,0.0467,350.00,11
Platichthys stellatus,0.139,-0.857,1290.00,3.111,9.0,0.0622,1290.00,23
Plecoglossus altivelis altivelis,4.208,0.624,10.70,1.029,19.0,3.1159,10.70,1
Pleuronectes platessa,0.212,-0.674,288.60,2.460,5.0,0.0778,288.60,104
Poecilia latipinna,0.132,-0.879,5.60,0.748,25.0,0.1323,5.60,14
Pollachius pollachius,1.293,0.112,870.00,2.940,18.5,0.9336,870.00,2
Pomadasys commersonnii,0.289,-0.539,2627.00,3.419,15.0,0.1751,2627.00,30
Pomoxis annularis,0.518,-0.286,11.50,1.061,17.4,0.3540,11.50,1
Poromitra crassiceps,0.169,-0.772,17.10,1.233,5.0,0.0622,17.10,2
Protopterus annectens annectens,0.242,-0.616,368.00,2.566,30.0,0.3112,368.00,19
Psenes whiteleggii,4.497,0.653,1.30,0.114,13.5,2.5285,1.30,1
Psetta maxima,0.732,-0.135,320.00,2.505,15.0,0.4435,320.00,31
Pseudobathylagus milleri,0.169,-0.772,41.10,1.614,5.0,0.0622,41.10,1
Pseudochaenichthys georgianus,0.531,-0.275,35.70,1.553,0.5,0.1556,35.70,2
Pseudopleuronectes americanus,0.030,-1.523,26.15,1.417,12.0,0.0156,26.15,68
Pterophyllum scalare,0.307,-0.513,19.03,1.279,25.0,0.3073,19.03,31
Rhinogobiops nicholsii,0.199,-0.701,4.04,0.606,15.0,0.1206,4.04,21
Rhodeus amarus,1.184,0.073,0.71,-0.149,16.0,0.7547,0.71,1
Rhodeus sericeus,1.365,0.135,3.00,0.477,12.0,0.7119,3.00,3
Rutilus rutilus,0.684,-0.165,27.00,1.431,8.0,0.2918,27.00,11
Sagamichthys abei,0.244,-0.613,5.70,0.756,5.0,0.0895,5.70,1
Salmo salar,0.556,-0.255,25.00,1.398,7.0,0.2256,25.00,48
Salmo trutta fario,0.478,-0.321,350.00,2.544,10.0,0.2256,350.00,8
Salmo trutta trutta,0.363,-0.440,575.00,2.760,10.0,0.1712,575.00,52
Salvelinus alpinus alpinus,0.513,-0.290,210.00,2.322,15.0,0.3112,210.00,2
Salvelinus fontinalis,0.181,-0.742,690.00,2.839,10.0,0.0856,690.00,147
Salvelinus namaycush,0.197,-0.706,82.80,1.918,9.2,0.0895,82.80,117
Sander lucioperca,0.318,-0.498,600.00,2.778,5.0,0.1167,600.00,8
Sander vitreus,0.325,-0.488,291.00,2.464,20.0,0.2529,291.00,35
Sarda chiliensis lineolata,7.794,0.892,2530.00,3.403,22.0,6.7064,2530.00,1
Sarotherodon galilaeus galilaeus,0.259,-0.587,283.00,2.452,26.0,0.2723,283.00,6
Scardinius erythrophthalmus,1.084,0.035,53.00,1.724,20.0,0.8441,53.00,1
Scopelengys tristis,0.138,-0.860,49.80,1.697,5.0,0.0506,49.80,1
Scopelogadus mizolepis mizolepis,0.212,-0.674,3.60,0.556,5.0,0.0778,3.60,1
Scophthalmus rhombus,0.700,-0.155,145.00,2.161,18.5,0.5057,145.00,3
Scorpaena porcus,0.330,-0.481,50.00,1.699,20.0,0.2567,50.00,3
Scyliorhinus canicula,0.211,-0.676,857.00,2.933,7.0,0.0856,857.00,25
Scyliorhinus stellaris,0.022,-1.658,2530.00,3.403,18.3,0.0156,2530.00,14
Sebastes diploproa,0.965,-0.015,2.00,0.301,10.0,0.4551,2.00,19
Sebastolobus altivelis,0.041,-1.387,198.00,2.297,5.7,0.0156,198.00,6
Seriola quinqueradiata,0.770,-0.114,989.00,2.995,19.2,0.5757,989.00,1
Serranus scriba,1.013,0.006,4.10,0.613,16.0,0.6457,4.10,1
Solea solea,0.709,-0.149,185.00,2.267,14.0,0.4085,185.00,6
Sparus aurata,1.121,0.050,78.00,1.892,18.0,0.7897,78.00,2
Spinachia spinachia,1.955,0.291,0.30,-0.523,18.0,1.3771,0.30,2
Squalus acanthias,0.182,-0.740,1812.00,3.258,9.0,0.0817,1812.00,23
Stenobrachius leucopsarus,0.635,-0.197,4.30,0.633,5.0,0.2334,4.30,2
Stomias atriventer,0.478,-0.321,9.30,0.968,10.0,0.2256,9.30,1
Stomias danae,0.504,-0.298,13.80,1.140,2.5,0.1634,13.80,1
Symbolophorus californiensis,0.911,-0.040,0.80,-0.097,5.0,0.3345,0.80,1
Synbranchus marmoratus,0.140,-0.854,151.00,2.179,25.0,0.1400,151.00,18
Syngnathus acus,1.045,0.019,7.60,0.881,18.5,0.7547,7.60,2
Tarletonbeania crenularis,1.248,0.096,3.29,0.517,8.0,0.5329,3.29,2
Tautogolabrus adspersus,0.710,-0.149,50.00,1.699,20.0,0.5524,50.00,2
Theragra chalcogramma,0.427,-0.370,70.00,1.845,1.0,0.1284,70.00,23
Thorichthys meeki,0.319,-0.496,15.00,1.176,25.0,0.3190,15.00,2
Thymallus arcticus arcticus,0.757,-0.121,283.00,2.452,4.0,0.2645,283.00,16
Tilapia rendalli,0.488,-0.312,50.00,1.699,17.0,0.3268,50.00,7
Tilapia zillii,0.218,-0.662,315.00,2.498,26.0,0.2295,315.00,30
Tinca tinca,0.379,-0.421,541.00,2.733,16.0,0.2412,541.00,21
Torpedo marmorata,0.134,-0.873,448.00,2.651,16.0,0.0856,448.00,3
Torpedo torpedo,0.417,-0.380,315.00,2.498,15.0,0.2529,315.00,2
Trematomus bernacchii,0.176,-0.754,55.20,1.742,0.1,0.0506,55.20,2
Trematomus hansoni,0.939,-0.027,145.00,2.161,-0.9,0.2567,145.00,1
Trematomus pennellii,0.626,-0.203,183.00,2.262,-0.9,0.1712,183.00,1
Trichogaster trichopterus,0.588,-0.231,7.97,0.901,27.0,0.6496,7.97,3
Triphoturus mexicanus,0.381,-0.419,1.15,0.061,5.0,0.1400,1.15,2
Typhlogobius californiensis,0.013,-1.886,3.54,0.549,15.0,0.0078,3.54,34
Xiphophorus hellerii,0.833,-0.079,2.00,0.301,25.0,0.8325,2.00,2
Zoarces viviparus,0.763,-0.117,0.29,-0.538,5.0,0.2801,0.29,8
