Species,qWkg,LogqWkg,Mg,LogMg,Src,mass_g
Acanthis cannabina,20.1,1.302,16.9,1.228,G,16.9
Acanthis flammea,20.4,1.31,14.0,1.146,G,14.0
Acanthorhynchus tenuirostris,25.7,1.409,9.7,0.987,MW,9.7
Accipiter nisus,7.0,0.848,135.0,2.13,G,135.0
Acrcocephalus palustris,18.9,1.276,10.8,1.033,G,10.8
Acridotheres cristatellus,11.0,1.042,109.4,2.039,MW,109.4
Acrocephalus arundinaceus,11.7,1.069,21.9,1.34,MW,21.9
Acrocephalus bistrigiceps,16.6,1.22,7.9,0.898,MW,7.9
Acrocephalus palustris,18.8,1.274,10.8,1.033,MW,10.8
Acrocephalus schoenobaenus,18.9,1.277,11.5,1.061,G,11.5
Aegithalos caudatus,22.4,1.35,8.9,0.949,G,8.9
Aegolius acadicus,5.3,0.722,124.0,2.093,MW,124.0
Aethopyga christinae,22.7,1.356,5.2,0.716,MW,5.2
Agapornis fisheri,9.3,0.969,56.7,1.754,G,56.7
Agapornis roseicollis,9.6,0.983,48.4,1.685,G,48.4
Agelaius phoeniceus,14.7,1.167,56.7,1.754,MW,56.7
Agleactis cupripennis,35.0,1.544,7.2,0.857,MW,7.2
Aix sponsa,5.0,0.701,448.0,2.651,G,448.0
Alaemon alaudipes,11.3,1.054,37.7,1.576,MW,37.7
Alauda arvensis,22.8,1.357,31.7,1.501,MW,31.7
Alcedo atthis,11.0,1.043,34.3,1.535,G,34.3
Alectoris graeca,4.0,0.602,633.0,2.801,G,633.0
Alophoixus bres,10.1,1.005,35.0,1.544,MW,35.0
Amadina erythrocephala,9.5,0.978,22.4,1.35,MW,22.4
Amadina fasciata,12.4,1.095,17.2,1.236,MW,17.2
Ammodramus savannarum,12.9,1.111,13.8,1.14,MW,13.8
Amphispiza bilineata,17.0,1.23,11.6,1.064,MW,11.6
Anas acuta,6.1,0.782,721.0,2.858,MW,721.0
Anas penelope,3.9,0.592,723.0,2.859,G,723.0
Anas platyrhynchos,4.0,0.601,1020.0,3.009,G,1020.0
Anas strepera,7.8,0.894,791.0,2.898,MW,791.0
Anhinga rufa (anhinga),3.1,0.487,1040.0,3.017,MW,1040.0
Anser anser,3.3,0.524,3250.0,3.512,G,3250.0
Anthracothorax nigricollis,39.6,1.598,7.7,0.886,MW,7.7
Anthus campestris,17.6,1.245,21.8,1.338,G,21.8
Anthus pratensis,15.9,1.201,18.9,1.276,MW,18.9
Anthus trivialis,17.2,1.236,19.7,1.294,G,19.7
Aptenodytes patagonica,2.0,0.298,11080.0,4.045,G,11080.0
Apteryx australis,1.7,0.229,2380.0,3.377,MW,2380.0
Apteryx haasti,1.7,0.232,2450.0,3.389,MW,2450.0
Apteryx owenii,1.9,0.276,1096.0,3.04,MW,1096.0
Apus apus,9.7,0.988,44.9,1.652,G,44.9
Arachnothera longirostra,14.5,1.163,13.0,1.114,MW,13.0
Ardea herodias,3.3,0.52,1870.0,3.272,MW,1870.0
Arenaria interpres,10.2,1.01,90.0,1.954,MW,90.0
Asio flammeus,3.2,0.501,406.0,2.609,MW,406.0
Asio otus,3.8,0.578,252.0,2.401,MW,252.0
Authus pratensis,15.9,1.202,18.9,1.276,G,18.9
Barnardius zonarius,5.2,0.719,137.0,2.137,MW,137.0
Bombycilla garrulus,13.2,1.12,72.5,1.86,G,72.5
Bonasa umbellus,3.7,0.568,644.0,2.809,MW,644.0
Botaurus lentigosus,4.5,0.655,600.0,2.778,MW,600.0
Bubo virginianus,3.6,0.557,1450.0,3.161,MW,1450.0
Buteo buteo,3.7,0.57,1012.0,3.005,MW,1012.0
Buteo lineatus,3.2,0.506,658.0,2.818,MW,658.0
Cacactua tenuirostris,5.8,0.76,549.9,2.74,MW,549.9
Cacatua galerita,4.4,0.644,776.1,2.89,MW,776.1
Cacomantis variolosus,5.1,0.706,23.8,1.377,MW,23.8
Calidris canutus,6.8,0.831,130.0,2.114,MW,130.0
Callipepla gambelii,6.0,0.777,126.1,2.101,MW,126.1
Caprimulgus europeus,8.3,0.921,77.4,1.889,G,77.4
Cardinalis cardinalis,12.3,1.09,41.0,1.613,MW,41.0
Cardinalis sinuata,12.3,1.088,32.0,1.505,MW,32.0
Carduelis carduelis,21.1,1.325,16.5,1.217,G,16.5
Carduelis pinus,20.8,1.318,14.0,1.146,MW,14.0
Carduelis tristis,24.6,1.39,13.6,1.134,MW,13.6
Carpodacus cassinii,12.4,1.092,27.4,1.438,MW,27.4
Carpodacus erythrinus,16.6,1.22,21.6,1.334,G,21.6
Carpodacus mexicanus,15.2,1.182,20.4,1.31,MW,20.4
Casurarius bennetti,1.4,0.152,17600.0,4.246,MW,17600.0
Catharactus skua,4.9,0.69,970.0,2.987,MW,970.0
Centropus senegalensis,8.6,0.935,175.0,2.243,MW,175.0
Certhilauda erythrochlamys,15.1,1.179,27.3,1.436,MW,27.3
Chalcophaps inidica,6.4,0.806,124.0,2.093,MW,124.0
Charadius dubius,10.9,1.038,44.0,1.643,G,44.0
Chauna chavaria,2.6,0.419,2620.0,3.418,MW,2620.0
Chloris chloris,16.8,1.226,28.2,1.45,G,28.2
Chloropsis sonnerati,9.5,0.979,39.7,1.599,MW,39.7
Chlorostilbon mellisugus,50.0,1.699,2.9,0.462,MW,2.9
Chordeiles minor,6.1,0.787,72.0,1.857,MW,72.0
Cinclus mexicanus,9.2,0.962,50.2,1.701,MW,50.2
Coccothraustes coccothraustes,14.5,1.16,48.3,1.684,G,48.3
Coereba flaveola,21.5,1.332,10.0,1.0,MW,10.0
Coleus monedula,7.3,0.861,209.0,2.32,G,209.0
Colinus virginianus,5.7,0.759,194.0,2.288,MW,194.0
Colius castanotus,15.0,1.176,69.0,1.839,MW,69.0
Colius colius,5.0,0.703,35.1,1.545,MW,35.1
Colius striatus,4.6,0.665,51.0,1.708,MW,51.0
Columba leucomela,5.3,0.728,456.0,2.659,MW,456.0
Columba livia,4.5,0.654,368.0,2.566,G,368.0
Columba palumbus,4.0,0.604,493.0,2.693,G,493.0
Columba unicincta,5.4,0.732,318.0,2.502,MW,318.0
Contopus virens,18.5,1.267,13.9,1.143,MW,13.9
Copsychus saularis,6.9,0.84,33.5,1.525,MW,33.5
Cornus ruficollis,5.1,0.712,660.0,2.82,G,660.0
Corvus brachyrhynchos,8.5,0.931,384.8,2.585,MW,384.8
Corvus corax,4.6,0.661,1203.0,3.08,G,1203.0
Corvus corone cornix,6.4,0.807,518.0,2.714,G,518.0
Corvus frugilegus,6.7,0.827,390.0,2.591,G,390.0
Coturnix chinensis,8.2,0.914,44.9,1.652,MW,44.9
Coturnix coturnix,7.6,0.881,109.0,2.037,G,109.0
Coturnix japonica,8.5,0.93,115.0,2.061,MW,115.0
Coturnix pectoralis,6.6,0.821,95.8,1.981,MW,95.8
Crax alberti,2.4,0.371,2800.0,3.447,MW,2800.0
Crax daubentoni,2.6,0.409,2800.0,3.447,MW,2800.0
Crex crex,8.2,0.915,96.0,1.982,G,96.0
Cuculus canorus,7.5,0.876,111.6,2.048,G,111.6
Cyanocitta cristata,10.3,1.013,80.8,1.907,MW,80.8
Cygnus buccinator,2.3,0.362,8800.0,3.944,MW,8800.0
Dendragapus obscurus,4.4,0.642,1131.0,3.053,MW,1131.0
Dendrocopus major,8.9,0.95,117.0,2.068,G,117.0
Dendroica coronata,16.4,1.216,11.5,1.061,MW,11.5
Dendroica dominica,16.3,1.213,9.8,0.991,MW,9.8
Dendroica palmarum,15.8,1.199,9.8,0.991,MW,9.8
Dendroica pinus,14.9,1.174,12.0,1.079,MW,12.0
Diomedea chrysostoma,2.3,0.355,3753.0,3.574,MW,3753.0
Diomedea exulans,2.5,0.398,8130.0,3.91,MW,8130.0
Diomedea immutabilis,3.0,0.471,2522.0,3.402,MW,2522.0
Emberiza citrinella,16.3,1.212,26.8,1.428,G,26.8
Emberiza hortulana,15.1,1.179,27.0,1.431,G,27.0
Emberiza schoeniclus,17.1,1.233,17.6,1.246,G,17.6
Empidonax virescens,14.6,1.163,12.3,1.09,MW,12.3
Eolophus roseicapillus,4.6,0.667,268.7,2.429,MW,268.7
Eremalauda dunni,13.5,1.13,20.6,1.314,MW,20.6
Eremophila alpestris,11.9,1.076,26.0,1.415,MW,26.0
Erithacus rubecula,16.0,1.204,17.6,1.246,G,17.6
Estrilda melpoda,17.5,1.242,7.5,0.875,MW,7.5
Estrilda troglodytes,20.1,1.302,7.5,0.875,G,7.5
Eudocimus albus (Guara alba),4.4,0.641,940.0,2.973,MW,940.0
Eudynamys scolopacea,8.8,0.942,188.0,2.274,MW,188.0
Eudyptes chrysolophus,2.2,0.349,3870.0,3.588,G,3870.0
Eudyptes cristatus,2.5,0.399,2330.0,3.367,G,2330.0
Eudyptula minor,3.9,0.59,960.0,2.982,MW,960.0
Eurostopodus argus (Eurostopodus,4.6,0.665,88.0,1.944,MW,88.0
Excalfactoria chinensis,9.2,0.966,44.0,1.643,G,44.0
Falco sparverius,7.2,0.858,117.0,2.068,MW,117.0
Falco subbuteo,6.2,0.795,208.0,2.318,G,208.0
Falco tinnunculus,5.9,0.772,131.0,2.117,G,131.0
Ficedula hypoleuca,19.9,1.299,11.7,1.068,G,11.7
Fregata magnificens,2.6,0.411,1078.0,3.033,MW,1078.0
Fringilla coelebs,17.7,1.249,21.0,1.322,G,21.0
Fringilla montifringilla,18.2,1.261,21.0,1.322,G,21.0
Fulica atra,5.0,0.695,412.0,2.615,G,412.0
Gallus gallus,2.2,0.346,2710.0,3.433,MW,2710.0
Garrulus glandarius,9.1,0.957,153.0,2.185,G,153.0
Geococcyx californianus,5.1,0.711,284.7,2.454,MW,284.7
Geopelia cuneata,6.8,0.834,39.0,1.591,MW,39.0
Geopelia placida,6.8,0.834,52.0,1.716,MW,52.0
Geophaps plumifera,4.9,0.687,81.0,1.908,MW,81.0
Geophaps smithii,4.4,0.644,198.0,2.297,MW,198.0
Glaucidium cuculoides,5.3,0.726,163.0,2.212,MW,163.0
Glaucidium gnoma,8.2,0.912,54.0,1.732,MW,54.0
Grus canadensis,2.1,0.321,3890.0,3.59,MW,3890.0
Grus paradisea,2.6,0.422,4030.0,3.605,MW,4030.0
Gypaetus barbatus,2.2,0.338,5070.0,3.705,MW,5070.0
Haematopus ostralegus,5.3,0.72,554.0,2.744,MW,554.0
Himatione sanguinea,22.2,1.347,13.5,1.13,MW,13.5
Hippolais icterina,20.2,1.305,12.5,1.097,G,12.5
Hirundo rustica,16.4,1.214,18.4,1.265,G,18.4
Hirundo tahitica,12.7,1.104,14.1,1.149,MW,14.1
Icterus galbula,13.4,1.128,37.5,1.574,MW,37.5
Jabiru mycteria,2.4,0.382,5470.0,3.738,MW,5470.0
Junco hyemalis,16.4,1.215,18.0,1.255,MW,18.0
Lagopus lagopus,5.1,0.705,567.0,2.754,G,567.0
Lagopus leucurus,7.2,0.86,326.0,2.513,MW,326.0
Lanius collurio,14.2,1.152,27.0,1.431,G,27.0
Lanius excubitor,11.2,1.051,72.4,1.86,G,72.4
Larus argentatus,4.8,0.682,1000.0,3.0,MW,1000.0
Larus atricilla,6.8,0.833,275.6,2.44,MW,275.6
Larus canus,5.2,0.718,431.0,2.634,G,431.0
Larus ridibundus,6.1,0.784,306.0,2.486,G,306.0
Leptoptilos javanicus,2.6,0.416,5710.0,3.757,MW,5710.0
Leptotila verreauxi,6.8,0.83,131.0,2.117,MW,131.0
Leucosarcia melanoleuca,3.8,0.581,445.0,2.648,MW,445.0
Lichenostomus virescens,14.2,1.151,25.0,1.398,MW,25.0
Lichmera indistincta,23.1,1.364,9.0,0.954,MW,9.0
Lonchura fuscans,10.2,1.009,9.5,0.978,MW,9.5
Lonchura maja,11.7,1.069,12.8,1.107,MW,12.8
Lonchura malacca,11.9,1.074,11.8,1.072,MW,11.8
Lonchura striata,19.7,1.295,10.1,1.004,G,10.1
Loxia curvirostra,15.2,1.183,39.4,1.595,G,39.4
Loxia pytiopsittacus,14.9,1.173,53.7,1.73,G,53.7
Loxoides baileui,12.9,1.109,36.0,1.556,MW,36.0
Lullula arborea,14.7,1.169,33.2,1.521,G,33.2
Luscinia svecica,17.3,1.237,20.8,1.318,G,20.8
Macronectes giganteus,2.8,0.446,4780.0,3.679,MW,4780.0
Malacopteron cinereum,13.5,1.13,15.8,1.199,MW,15.8
Manacus vitellinus,15.0,1.175,15.5,1.19,MW,15.5
Megadyptes antipodes,2.4,0.38,4800.0,3.681,MW,4800.0
Meitihreptus lunatus,17.4,1.241,14.3,1.155,MW,14.3
Melanerpes formicivorus,10.1,1.004,73.0,1.863,MW,73.0
Melopsittacus undulatus,9.8,0.992,33.6,1.526,G,33.6
Melospiza georgiana,14.2,1.151,14.9,1.173,MW,14.9
Melospiza melodia,13.1,1.117,19.1,1.281,MW,19.1
Merops viridis,8.7,0.941,33.8,1.529,MW,33.8
Motacilla alba,15.5,1.189,18.2,1.26,G,18.2
Motacilla flava,17.5,1.243,14.7,1.167,G,14.7
Muscicapa striata,17.1,1.234,14.4,1.158,G,14.4
Myiarchus crinitus,11.3,1.053,33.9,1.53,MW,33.9
Nectarinia venusta,19.7,1.295,7.1,0.851,MW,7.1
Neophema petrophila,13.1,1.117,48.4,1.685,MW,48.4
Nucifraga caryocatactes,9.2,0.962,147.0,2.167,G,147.0
Nyctea scandiaca,2.1,0.318,2026.0,3.307,MW,2026.0
Nymphicus hollandicus,8.0,0.906,85.6,1.932,G,85.6
Oceanodroma furcata,10.1,1.004,44.6,1.649,MW,44.6
Ocyphaps lophotes,5.8,0.764,187.0,2.272,MW,187.0
Oreotrochilus estella,22.9,1.359,8.4,0.924,MW,8.4
Oriolus oriolus,10.0,1.0,64.9,1.812,G,64.9
Otus asio,3.5,0.548,166.0,2.22,MW,166.0
Otus trichopsis,3.7,0.57,120.0,2.079,MW,120.0
Padda oryzivora,12.1,1.084,25.4,1.405,MW,25.4
Parus ater,22.0,1.342,10.8,1.033,G,10.8
Parus atricapillus,24.5,1.389,10.3,1.013,MW,10.3
Parus major,20.1,1.303,16.4,1.215,G,16.4
Parus varius,20.3,1.307,17.7,1.248,G,17.7
Passer domesticus bactrianus,15.9,1.2,23.2,1.365,G,23.2
Passer montanus,17.9,1.253,22.0,1.342,G,22.0
Passerculus sandwichensis,13.9,1.143,15.9,1.201,MW,15.9
Patagona gigas,15.0,1.175,19.1,1.281,MW,19.1
Pelacanoides urinatrix,10.3,1.011,136.0,2.134,MW,136.0
Pelecanus conspicullatus,3.6,0.551,5090.0,3.707,MW,5090.0
Pelecanus occidentalis,3.4,0.533,3038.0,3.483,MW,3038.0
Penelope purpurescens,2.7,0.425,2040.0,3.31,MW,2040.0
Perdix perdix,4.3,0.634,501.0,2.7,G,501.0
Perisoreus canadensis,9.5,0.979,71.2,1.852,MW,71.2
Pernis apivorus,3.6,0.555,652.0,2.814,G,652.0
Phalacrocorax auritus,4.1,0.616,1330.0,3.124,MW,1330.0
Phalaenoptilus nuttalli,4.4,0.646,35.0,1.544,MW,35.0
Phaps chalcoptera,5.0,0.702,304.0,2.483,MW,304.0
Phaps elegans,6.5,0.814,190.0,2.279,MW,190.0
Phaps histrionica,5.0,0.703,257.0,2.41,MW,257.0
Philidonyris novaehollandiae,18.3,1.263,17.3,1.238,MW,17.3
Phoenicopterus ruber,5.0,0.701,3040.0,3.483,MW,3040.0
Phoeniculus purpureus,2.3,0.371,74.07,1.87,MW,74.07
Phoenicurus ochruros,17.4,1.241,13.9,1.143,G,13.9
Phoenicurus phoenicurus,17.9,1.253,13.0,1.114,G,13.0
Phylidonyris melanops,15.6,1.193,18.8,1.274,MW,18.8
Phylloscopus collybita,20.0,1.302,8.2,0.914,G,8.2
Phylloscopus sibilatrix,19.0,1.279,9.2,0.964,G,9.2
Phylloscopus trochilus,19.5,1.289,10.7,1.029,G,10.7
Pica nuttalli,9.7,0.985,151.9,2.182,MW,151.9
Pica pica,7.5,0.877,158.9,2.201,MW,158.9
Picoides major,8.9,0.949,117.0,2.068,MW,117.0
Picoides pubescens,17.7,1.247,21.7,1.336,MW,21.7
Pinicola enucleator,13.8,1.141,78.4,1.894,G,78.4
Pipra mentalis,15.8,1.198,12.3,1.09,MW,12.3
Pluvialis dominica,5.5,0.737,118.0,2.072,MW,118.0
Pluvialis squatarola,7.9,0.896,226.0,2.354,MW,226.0
Podargus ocellatus,3.9,0.592,145.0,2.161,MW,145.0
Podargus strigoides,2.7,0.434,380.3,2.58,MW,380.3
Pooectes gramineus,12.6,1.101,21.5,1.332,MW,21.5
Protonotaria citrea,15.5,1.192,12.8,1.107,MW,12.8
Prunella modularls,19.4,1.287,16.8,1.225,G,16.8
Psaltriparus minimus,22.0,1.342,5.5,0.74,MW,5.5
Pterocles orientalis,5.0,0.702,386.4,2.587,MW,386.4
Pterodroma phaeopygia,12.4,1.092,425.0,2.628,MW,425.0
Ptilinopus melanospila,5.0,0.697,98.0,1.991,MW,98.0
Ptilinopus superbus,6.3,0.798,120.4,2.081,MW,120.4
Puffinus griseus,3.9,0.591,740.0,2.869,MW,740.0
Pycnonotus finlaysoni,8.4,0.924,26.3,1.42,MW,26.3
Pycnonotus goiavier,8.6,0.936,28.6,1.456,MW,28.6
Pygoscelis adeliae,3.1,0.489,3970.0,3.599,MW,3970.0
Pygoscelis papua,3.0,0.47,6290.0,3.799,MW,6290.0
Pyrrhula pyrrhula,18.2,1.259,30.4,1.483,G,30.4
Regulus regulus,26.5,1.423,5.5,0.74,G,5.5
Riparia riparia,17.1,1.233,13.6,1.134,G,13.6
Saxicola rubetra,16.9,1.228,14.3,1.155,G,14.3
Sayornis phoebe,15.9,1.202,21.6,1.334,MW,21.6
Scardefella inca,6.2,0.794,40.5,1.607,MW,40.5
Scolopax minor,6.8,0.833,156.7,2.195,MW,156.7
Scolopax rusticola,5.0,0.701,430.0,2.633,G,430.0
Sephanoides sephaniodes,17.8,1.25,5.74,0.759,MW,5.74
Serinus canaria,17.1,1.234,13.3,1.124,G,13.3
Sialia mexicana,15.4,1.187,27.5,1.439,MW,27.5
Spermestes cucullatus,7.3,0.866,10.62,1.026,MW,10.62
Spheniscus humboldti,2.5,0.39,3870.0,3.588,MW,3870.0
Spinus spinus,20.8,1.317,14.0,1.146,G,14.0
Spizella arborea,19.8,1.297,16.6,1.22,MW,16.6
Spizella passerina,16.3,1.212,11.9,1.076,MW,11.9
Sterna maxima,6.7,0.828,373.0,2.572,MW,373.0
Streptopelia senegalensis,7.9,0.895,108.0,2.033,G,108.0
Streptopelia turtur,7.4,0.869,154.0,2.188,G,154.0
Strix aluco,4.0,0.602,520.0,2.716,MW,520.0
Strix occidentalis,4.7,0.671,571.0,2.757,MW,571.0
Struthio camelus,0.6,-0.2,100000.0,5.0,MW,100000.0
Sturnus vulgaris,12.0,1.078,75.0,1.875,G,75.0
Sula dactylatra,4.3,0.631,1289.0,3.11,MW,1289.0
Sylvia atricapilla,19.0,1.279,21.9,1.34,G,21.9
Sylvia borin,16.8,1.225,24.8,1.394,G,24.8
Sylvia curruca,18.8,1.274,10.6,1.025,G,10.6
Sylvia nisoria,15.1,1.18,21.4,1.33,G,21.4
Taeniopygia castanotis,19.5,1.29,11.7,1.068,G,11.7
Tarsiger cyanurus,16.0,1.205,14.8,1.17,G,14.8
Tetrao urogallus,2.9,0.47,4010.0,3.603,G,4010.0
Thamnophilus punctatus,16.4,1.214,21.0,1.322,MW,21.0
Thinocorus rumicivorus,5.6,0.747,55.5,1.744,MW,55.5
Tiaris canora,19.9,1.299,7.8,0.892,G,7.8
Tringa ochropus,10.2,1.01,90.0,1.954,MW,90.0
Troglodytes troglodytes,23.7,1.374,9.0,0.954,G,9.0
Trogon rufus,8.1,0.91,53.0,1.724,MW,53.0
Tudus viscivorus,10.2,1.009,108.2,2.034,MW,108.2
Turdus iliacus,12.5,1.095,58.0,1.763,G,58.0
Turdus merula,11.3,1.052,82.6,1.917,G,82.6
Turdus philomelos,11.6,1.063,62.8,1.798,G,62.8
Turdus viscivorus,10.2,1.009,108.2,2.034,G,108.2
Turnix suscitator,6.7,0.824,58.1,1.764,MW,58.1
Tyrannus tyrannus,12.2,1.087,35.7,1.553,MW,35.7
Upupa epops,8.2,0.916,67.0,1.826,MW,67.0
Uraeginthus bengalis,17.0,1.232,9.1,0.959,G,9.1
Uria aalge,7.1,0.852,956.0,2.98,MW,956.0
Uria lomvia,6.9,0.838,989.0,2.995,MW,989.0
Vermivora pinus,19.2,1.284,7.8,0.892,MW,7.8
Vidua paradisaea,18.5,1.267,10.5,1.021,MW,10.5
Vultur gryphus,1.6,0.217,10320.0,4.014,MW,10320.0
Xiphorhynchus guttatus,9.9,0.994,45.2,1.655,MW,45.2
Yynx torquilla,11.3,1.052,31.8,1.502,G,31.8
Zenaida macroura,6.0,0.777,123.0,2.09,MW,123.0
Zonotricha querula,13.4,1.127,33.3,1.522,MW,33.3
Zonotrichia albicollis,13.8,1.139,20.2,1.305,MW,20.2
Zonotrichia leucophrys,12.9,1.11,26.1,1.417,MW,26.1
Zosterops lateralis,13.5,1.132,11.0,1.041,MW,11.0
