order,species,N,Mg,Season,Time,QkJday,references,ref_keys
Sphenisciformes,Eudyptes cristatus,4,2330,W,N,504.5,"Gavrilov, 1977",S6b:Gavrilov 1977
Sphenisciformes,Eudyptes chrysolophus,4,3870,W,N,747.8,"Gavrilov, 1977",S6b:Gavrilov 1977
Sphenisciformes,Aptenodytes patagonica,3,11080,W,N,1899.2,"Gavrilov, 1977",S6b:Gavrilov 1977
Anseriformes,Aix sponsa,8,448,S,N,194.3,"Gavrilov, 1980abc, 1982ab, 1997, 1999ab",S6b:Gavrilov 1980a; S6b:Gavrilov 1980b; S6b:Gavrilov 1980c; S6b:Gavrilov 1982a; S6b:Gavrilov 1982b; S6b:Gavrilov 1997; S6b:Gavrilov 1999a; S6b:Gavrilov 1999b
Anseriformes,Aix sponsa,8,448,S,D,221.5,"Gavrilov, 1985ab, 1997",S6b:Gavrilov 1985a; S6b:Gavrilov 1985b; S6b:Gavrilov 1997
Anseriformes,Aix sponsa,8,468,W,N,205.6,"Gavrilov, 1981, 1997, 1999ab",S6b:Gavrilov 1981; S6b:Gavrilov 1997; S6b:Gavrilov 1999a; S6b:Gavrilov 1999b
Anseriformes,Aix sponsa,8,468,W,D,273.4,"Gavrilov, 1981, 1997",S6b:Gavrilov 1981; S6b:Gavrilov 1997
Anseriformes,Anas penelope,4,723,S,N,244.1,"Gavrilov, 1980abc, 1982ab, 1997",S6b:Gavrilov 1980a; S6b:Gavrilov 1980b; S6b:Gavrilov 1980c; S6b:Gavrilov 1982a; S6b:Gavrilov 1982b; S6b:Gavrilov 1997
Anseriformes,Anas penelope,4,718,W,N,260.4,"Gavrilov, 1980abc, 1982ab, 1997",S6b:Gavrilov 1980a; S6b:Gavrilov 1980b; S6b:Gavrilov 1980c; S6b:Gavrilov 1982a; S6b:Gavrilov 1982b; S6b:Gavrilov 1997
Anseriformes,Anas platyrhynchos,12,1020,S,N,351.7,"Gavrilov, 1980abc, 1982ab, 1997, 1999ab",S6b:Gavrilov 1980a; S6b:Gavrilov 1980b; S6b:Gavrilov 1980c; S6b:Gavrilov 1982a; S6b:Gavrilov 1982b; S6b:Gavrilov 1997; S6b:Gavrilov 1999a; S6b:Gavrilov 1999b
Anseriformes,Anas platyrhynchos,12,1020,S,D,415.6,"Gavrilov, 1985ab, 1997",S6b:Gavrilov 1985a; S6b:Gavrilov 1985b; S6b:Gavrilov 1997
Anseriformes,Anas platyrhynchos,12,1132,W,N,435.4,"Gavrilov, 1981, 1997, 1999ab",S6b:Gavrilov 1981; S6b:Gavrilov 1997; S6b:Gavrilov 1999a; S6b:Gavrilov 1999b
Anseriformes,Anas platyrhynchos,12,1132,W,D,566.9,"Gavrilov, 1981, 1997",S6b:Gavrilov 1981; S6b:Gavrilov 1997
Anseriformes,Anser anser,4,3250,S,N,937.9,"Gavrilov, Dolnik, 1985",S6b:Gavrilov & Dolnik 1985
Falconiformes,Falco tinnunculus,4,131,A,N,67.0,"Gavrilov, 1985ab",S6b:Gavrilov 1985a; S6b:Gavrilov 1985b
Falconiformes,Accipiter nisus,6,135,S,N,82.1,"Gavrilov, Dolnik, 1985",S6b:Gavrilov & Dolnik 1985
Falconiformes,Falco subbuteo,4,208,A,N,112.2,"Gavrilov, Dolnik, 1985",S6b:Gavrilov & Dolnik 1985
Falconiformes,Pernis apivorus,2,652,S,N,202.2,"Gavrilov, Dolnik, 1985",S6b:Gavrilov & Dolnik 1985
Galliformes,Excalfactoria chinensis,6,44,S,N,35.15,"Gavrilov, 1985ab",S6b:Gavrilov 1985a; S6b:Gavrilov 1985b
Galliformes,Excalfactoria chinensis,6,44,S,D,35.56,"Gavrilov, 1985ab",S6b:Gavrilov 1985a; S6b:Gavrilov 1985b
Galliformes,Excalfactoria chinensis,6,41,W,N,50.7,"Gavrilov, 1981",S6b:Gavrilov 1981
Galliformes,Excalfactoria chinensis,6,41,W,D,60.3,"Gavrilov, 1981",S6b:Gavrilov 1981
Galliformes,Coturnix coturnix,4,97,S,N,77.0,"Gavrilov, 1980abc, 1982ab, 1997,1999ab",S6b:Gavrilov 1980a; S6b:Gavrilov 1980b; S6b:Gavrilov 1980c; S6b:Gavrilov 1982a; S6b:Gavrilov 1982b; S6b:Gavrilov 1997; S6b:Gavrilov 1999a; S6b:Gavrilov 1999b
Galliformes,Coturnix coturnix,4,97,S,D,83.2,"Gavrilov, 1985ab, 1997",S6b:Gavrilov 1985a; S6b:Gavrilov 1985b; S6b:Gavrilov 1997
Galliformes,Coturnix coturnix,4,109,W,N,71.6,"Gavrilov, 1981, 1997, 1999ab",S6b:Gavrilov 1981; S6b:Gavrilov 1997; S6b:Gavrilov 1999a; S6b:Gavrilov 1999b
Galliformes,Coturnix coturnix,4,109,W,D,85.4,"Gavrilov, 1981, 1997",S6b:Gavrilov 1981; S6b:Gavrilov 1997
Galliformes,Perdix perdix,5,483,S,N,207.3,"Gavrilov, 1980abc, 1982ab,1997, 1999ab",S6b:Gavrilov 1980a; S6b:Gavrilov 1980b; S6b:Gavrilov 1980c; S6b:Gavrilov 1982a; S6b:Gavrilov 1982b; S6b:Gavrilov 1997; S6b:Gavrilov 1999a; S6b:Gavrilov 1999b
Galliformes,Perdix perdix,5,483,S,D,225.9,"Gavrilov, 1985ab, 1997",S6b:Gavrilov 1985a; S6b:Gavrilov 1985b; S6b:Gavrilov 1997
Galliformes,Perdix perdix,5,501,W,N,186.3,"Gavrilov, 1981, 1997, 1999ab",S6b:Gavrilov 1981; S6b:Gavrilov 1997; S6b:Gavrilov 1999a; S6b:Gavrilov 1999b
Galliformes,Perdix perdix,5,501,W,D,235.3,"Gavrilov, 1981, 1997",S6b:Gavrilov 1981; S6b:Gavrilov 1997
Galliformes,Lagopus lagopus,6,524,S,N,268.8,"Gavrilov, 1980abc, 1982ab, 1997, 1999ab",S6b:Gavrilov 1980a; S6b:Gavrilov 1980b; S6b:Gavrilov 1980c; S6b:Gavrilov 1982a; S6b:Gavrilov 1982b; S6b:Gavrilov 1997; S6b:Gavrilov 1999a; S6b:Gavrilov 1999b
Galliformes,Lagopus lagopus,6,524,S,D,306.4,"Gavrilov, 1985ab, 1997",S6b:Gavrilov 1985a; S6b:Gavrilov 1985b; S6b:Gavrilov 1997
Galliformes,Lagopus lagopus,6,567,W,N,248.3,"Gavrilov, 1981, 1997, 1999ab",S6b:Gavrilov 1981; S6b:Gavrilov 1997; S6b:Gavrilov 1999a; S6b:Gavrilov 1999b
Galliformes,Lagppus lagopus,6,567,W,D,328.7,"Gavrilov, 1981, 1997",S6b:Gavrilov 1981; S6b:Gavrilov 1997
Galliformes,Alectoris graeca,4,620,S,N,246.6,"Gavrilov, 1980abc, 1982ab, 1997, 1999ab",S6b:Gavrilov 1980a; S6b:Gavrilov 1980b; S6b:Gavrilov 1980c; S6b:Gavrilov 1982a; S6b:Gavrilov 1982b; S6b:Gavrilov 1997; S6b:Gavrilov 1999a; S6b:Gavrilov 1999b
Galliformes,Alectoris graeca,4,633,W,N,219.0,"Gavrilov, 1980abc, 1982ab, 1997, 1999ab",S6b:Gavrilov 1980a; S6b:Gavrilov 1980b; S6b:Gavrilov 1980c; S6b:Gavrilov 1982a; S6b:Gavrilov 1982b; S6b:Gavrilov 1997; S6b:Gavrilov 1999a; S6b:Gavrilov 1999b
Galliformes,Tetrao urogallus ♀,2,3900,S,N,1030.0,"Gavrilov, 1980abc, 1982ab, 1997, 1999ab",S6b:Gavrilov 1980a; S6b:Gavrilov 1980b; S6b:Gavrilov 1980c; S6b:Gavrilov 1982a; S6b:Gavrilov 1982b; S6b:Gavrilov 1997; S6b:Gavrilov 1999a; S6b:Gavrilov 1999b
Galliformes,Tetrao urogallus ♀,2,4010,W,N,1021.6,"Gavrilov, 1980abc, 1982ab, 1997, 1999ab",S6b:Gavrilov 1980a; S6b:Gavrilov 1980b; S6b:Gavrilov 1980c; S6b:Gavrilov 1982a; S6b:Gavrilov 1982b; S6b:Gavrilov 1997; S6b:Gavrilov 1999a; S6b:Gavrilov 1999b
Gruiformes,Crex crex,4,96,S,N,68.2,"Gavrilov, Dolnik, 1985",S6b:Gavrilov & Dolnik 1985
Gruiformes,Fulica atra,3,412,S,N,176.3,"Gavrilov, 1980abc, 1982ab, 1997, 1999ab",S6b:Gavrilov 1980a; S6b:Gavrilov 1980b; S6b:Gavrilov 1980c; S6b:Gavrilov 1982a; S6b:Gavrilov 1982b; S6b:Gavrilov 1997; S6b:Gavrilov 1999a; S6b:Gavrilov 1999b
Gruiformes,Fulica atra,3,436,W,N,204.3,"Gavrilov, 1980abc, 1982ab, 1997, 1999ab",S6b:Gavrilov 1980a; S6b:Gavrilov 1980b; S6b:Gavrilov 1980c; S6b:Gavrilov 1982a; S6b:Gavrilov 1982b; S6b:Gavrilov 1997; S6b:Gavrilov 1999a; S6b:Gavrilov 1999b
Charadriformes,Charadrius dubius,4,36,S,N,36.0,"Gavrilov, 1980abc, 1982ab, 1997, 1999ab",S6b:Gavrilov 1980a; S6b:Gavrilov 1980b; S6b:Gavrilov 1980c; S6b:Gavrilov 1982a; S6b:Gavrilov 1982b; S6b:Gavrilov 1997; S6b:Gavrilov 1999a; S6b:Gavrilov 1999b
Charadriformes,Charadius dubius,4,44,W,N,41.5,"Gavrilov, 1980abc, 1982ab, 1997, 1999ab",S6b:Gavrilov 1980a; S6b:Gavrilov 1980b; S6b:Gavrilov 1980c; S6b:Gavrilov 1982a; S6b:Gavrilov 1982b; S6b:Gavrilov 1997; S6b:Gavrilov 1999a; S6b:Gavrilov 1999b
Charadriformes,Larus ridibundus,5,285,S,N,173.3,"Gavrilov, 1980abc, 1982ab, 1997, 1999ab",S6b:Gavrilov 1980a; S6b:Gavrilov 1980b; S6b:Gavrilov 1980c; S6b:Gavrilov 1982a; S6b:Gavrilov 1982b; S6b:Gavrilov 1997; S6b:Gavrilov 1999a; S6b:Gavrilov 1999b
Charadriformes,Larua ridibundus,5,285,S,D,194.1,"Gavrilov, 1985ab, 1997",S6b:Gavrilov 1985a; S6b:Gavrilov 1985b; S6b:Gavrilov 1997
Charadriformes,Larus ridibundus,5,306,W,N,160.8,"Gavrilov, 1981, 1997, 1999ab",S6b:Gavrilov 1981; S6b:Gavrilov 1997; S6b:Gavrilov 1999a; S6b:Gavrilov 1999b
Charadriformes,Larus ridibundus,5,306,W,D,193.0,"Gavrilov, 1981, 1997",S6b:Gavrilov 1981; S6b:Gavrilov 1997
Charadriformes,Larus canus,3,428,S,N,201.0,"Gavrilov, 1980abc, 1982ab, 1997, 1999ab",S6b:Gavrilov 1980a; S6b:Gavrilov 1980b; S6b:Gavrilov 1980c; S6b:Gavrilov 1982a; S6b:Gavrilov 1982b; S6b:Gavrilov 1997; S6b:Gavrilov 1999a; S6b:Gavrilov 1999b
Charadriformes,Larus canus,3,428,S,D,215.0,"Gavrilov, 1985ab, 1997",S6b:Gavrilov 1985a; S6b:Gavrilov 1985b; S6b:Gavrilov 1997
Charadriformes,Larus canus,3,431,W,N,194.3,"Gavrilov, 1981, 1997, 1999ab",S6b:Gavrilov 1981; S6b:Gavrilov 1997; S6b:Gavrilov 1999a; S6b:Gavrilov 1999b
Charadriformes,Larus canus,3,431,W,D,251.2,"Gavrilov, 1981, 1997",S6b:Gavrilov 1981; S6b:Gavrilov 1997
Charadriformes,Scolopax rusticola,4,430,S,N,186.7,"Gavrilov, 1981",S6b:Gavrilov 1981
Columbiformes,Streptopelia senegalensis,3,108,S,N,73.3,"Gavrilov, Dolnik, 1985",S6b:Gavrilov & Dolnik 1985
Columbiformes,Streptopelia turtur,4,154,A,N,98.4,"Gavrilov, Dolnik, 1985",S6b:Gavrilov & Dolnik 1985
Columbiformes,Columba livia,6,353,W,N,160.4,"Gavrilov, 1981",S6b:Gavrilov 1981
Columbiformes,Columba livia,6,353,W,D,178.8,"Gavrilov, 1981",S6b:Gavrilov 1981
Columbiformes,Columba livia,6,368,S,N,143.2,"Gavrilov, 1985ab",S6b:Gavrilov 1985a; S6b:Gavrilov 1985b
Columbiformes,Columba livia,6,368,S,D,154.4,"Gavrilov, 1985ab",S6b:Gavrilov 1985a; S6b:Gavrilov 1985b
Columbiformes,Columba palumbus,4,493,A,N,171.3,"Gavrilov, Dolnik, 1985",S6b:Gavrilov & Dolnik 1985
Psittaciformes,Melopsittacus undulatus,18,25.2,S,N,26.0,"Gavrilov, 1980abc, 1982ab, 1997, 1999ab",S6b:Gavrilov 1980a; S6b:Gavrilov 1980b; S6b:Gavrilov 1980c; S6b:Gavrilov 1982a; S6b:Gavrilov 1982b; S6b:Gavrilov 1997; S6b:Gavrilov 1999a; S6b:Gavrilov 1999b
Psittaciformes,Melopsittacus undulatus,18,25.2,S,D,28.0,"Gavrilov, 1985ab, 1997",S6b:Gavrilov 1985a; S6b:Gavrilov 1985b; S6b:Gavrilov 1997
Psittaciformes,Melopsittacus undulatus,18,33.6,W,N,28.5,"Gavrilov, 1981, 1997, 1999ab",S6b:Gavrilov 1981; S6b:Gavrilov 1997; S6b:Gavrilov 1999a; S6b:Gavrilov 1999b
Psittaciformes,Melopsittacus undulatus,18,33.6,W,D,31.4,"Gavrilov, 1981, 1997",S6b:Gavrilov 1981; S6b:Gavrilov 1997
Psittaciformes,Agapornis roseicollis,6,48.1,S,N,40.2,"Gavrilov, 1980abc, 1982ab, 1997, 1999ab",S6b:Gavrilov 1980a; S6b:Gavrilov 1980b; S6b:Gavrilov 1980c; S6b:Gavrilov 1982a; S6b:Gavrilov 1982b; S6b:Gavrilov 1997; S6b:Gavrilov 1999a; S6b:Gavrilov 1999b
Psittaciformes,Agapornis roseicollis,6,48.1,S,D,44.0,"Gavrilov, 1985ab, 1997",S6b:Gavrilov 1985a; S6b:Gavrilov 1985b; S6b:Gavrilov 1997
Psittaciformes,Agapornis roseicollis,6,48.4,W,N,40.2,"Gavrilov, 1981, 1997, 1999ab",S6b:Gavrilov 1981; S6b:Gavrilov 1997; S6b:Gavrilov 1999a; S6b:Gavrilov 1999b
Psittaciformes,Agapornis roseicollis,6,48.4,W,D,53.2,"Gavrilov, 1981, 1997",S6b:Gavrilov 1981; S6b:Gavrilov 1997
Psittaciformes,Agapornis fisheri,3,56.7,W,N,45.6,"Gavrilov, Dolnik, 1985",S6b:Gavrilov & Dolnik 1985
Psittaciformes,Nymphicus hollandicus,5,85.6,S,N,59.5,"Gavrilov, 1980abc, 1982ab, 1997, 1999ab",S6b:Gavrilov 1980a; S6b:Gavrilov 1980b; S6b:Gavrilov 1980c; S6b:Gavrilov 1982a; S6b:Gavrilov 1982b; S6b:Gavrilov 1997; S6b:Gavrilov 1999a; S6b:Gavrilov 1999b
Psittaciformes,Nymphicus hollandicus,5,85.6,S,D,65.4,"Gavrilov, 1985ab, 1997",S6b:Gavrilov 1985a; S6b:Gavrilov 1985b; S6b:Gavrilov 1997
Psittaciformes,Nymphicus hollandicus,5,94.3,W,N,74.5,"Gavrilov, 1981, 1997, 1999ab",S6b:Gavrilov 1981; S6b:Gavrilov 1997; S6b:Gavrilov 1999a; S6b:Gavrilov 1999b
Psittaciformes,Nymphicus hollandicus,5,94.3,W,D,88.3,"Gavrilov, 1981, 1997",S6b:Gavrilov 1981; S6b:Gavrilov 1997
Cuculiformes,Cuculus canorus,4,111.6,S,N,72.4,"Gavrilov, Dolnik, 1985",S6b:Gavrilov & Dolnik 1985
Strigiformes,Asio otus,6,236,S,N,113.0,"Gavrilov, Dolnik, 1985",S6b:Gavrilov & Dolnik 1985
Caprimulgiformes,Caprimulgus europeus,3,77.4,S,N,55.7,"Gavrilov, Dolnik, 1985",S6b:Gavrilov & Dolnik 1985
Apodiformes,Apus apus,6,44.9,S,N,37.7,"Gavrilov, 1985ab",S6b:Gavrilov 1985a; S6b:Gavrilov 1985b
Coraciiformes,Alcedo atthis,4,34.3,S,N,32.7,"Gavrilov, Dolnik, 1985",S6b:Gavrilov & Dolnik 1985
Piciformes,Yynx torquilla,6,31.8,S,N,31.0,"Gavrilov, Dolnik, 1985",S6b:Gavrilov & Dolnik 1985
Piciformes,Dendrocopus major,7,98.0,S,N,77.5,"Gavrilov, 1980abc, 1982ab, 1997, 1999ab",S6b:Gavrilov 1980a; S6b:Gavrilov 1980b; S6b:Gavrilov 1980c; S6b:Gavrilov 1982a; S6b:Gavrilov 1982b; S6b:Gavrilov 1997; S6b:Gavrilov 1999a; S6b:Gavrilov 1999b
Piciformes,Dendrocopus major,7,117.0,W,N,90.0,"Gavrilov, 1980abc, 1982ab, 1997, 1999ab",S6b:Gavrilov 1980a; S6b:Gavrilov 1980b; S6b:Gavrilov 1980c; S6b:Gavrilov 1982a; S6b:Gavrilov 1982b; S6b:Gavrilov 1997; S6b:Gavrilov 1999a; S6b:Gavrilov 1999b
Passeriformes,Regulus regulus,22,5.5,S,N,12.6,"Gavrilov, 1997, 1999ab",S6b:Gavrilov 1997; S6b:Gavrilov 1999a; S6b:Gavrilov 1999b
Passeriformes,Regulus regulus,22,5.5,W,N,15.9,"Gavrilov, 1997, 1999ab",S6b:Gavrilov 1997; S6b:Gavrilov 1999a; S6b:Gavrilov 1999b
Passeriformes,Estrilda troglodytes,6,7.5,S,N,13.0,"Gavrilov, 1980abc, 1982ab , 1997, 1999ab",S6b:Gavrilov 1980a; S6b:Gavrilov 1980b; S6b:Gavrilov 1980c; S6b:Gavrilov 1982a; S6b:Gavrilov 1982b; S6b:Gavrilov 1997; S6b:Gavrilov 1999a; S6b:Gavrilov 1999b
Passeriformes,Estrilda troglodytes,6,7.5,S,D,14.0,"Gavrilov, 1985ab, 1997",S6b:Gavrilov 1985a; S6b:Gavrilov 1985b; S6b:Gavrilov 1997
Passeriformes,Estrilda troglodytes,6,7.7,W,N,13.4,"Gavrilov, 1980abc, 1982ab, 1997, 1999ab",S6b:Gavrilov 1980a; S6b:Gavrilov 1980b; S6b:Gavrilov 1980c; S6b:Gavrilov 1982a; S6b:Gavrilov 1982b; S6b:Gavrilov 1997; S6b:Gavrilov 1999a; S6b:Gavrilov 1999b
Passeriformes,Estrilda troglodytes,6,7.7,W,D,14.6,"Gavrilov, 1985ab, 1997",S6b:Gavrilov 1985a; S6b:Gavrilov 1985b; S6b:Gavrilov 1997
Passeriformes,Tiaris canora,4,7.6,S,N,13.4,"Gavrilov, 1980abc, 1982ab, 1997, 1999ab",S6b:Gavrilov 1980a; S6b:Gavrilov 1980b; S6b:Gavrilov 1980c; S6b:Gavrilov 1982a; S6b:Gavrilov 1982b; S6b:Gavrilov 1997; S6b:Gavrilov 1999a; S6b:Gavrilov 1999b
Passeriformes,Tiaris canora,4,7.8,W,N,13.4,"Gavrilov, 1980abc, 1982ab, 1997, 1999ab",S6b:Gavrilov 1980a; S6b:Gavrilov 1980b; S6b:Gavrilov 1980c; S6b:Gavrilov 1982a; S6b:Gavrilov 1982b; S6b:Gavrilov 1997; S6b:Gavrilov 1999a; S6b:Gavrilov 1999b
Passeriformes,Phylloscopus collybita,6,8.2,A,N,14.2,"Gavrilov, Dolnik, 1985",S6b:Gavrilov & Dolnik 1985
Passeriformes,Aegithalos caudatus,17,8.9,S,N,17.2,"Gavrilov, 1974, 1980abc, 1982ab, 1997, 1999ab",S6b:Gavrilov 1974a; S6b:Gavrilov 1980a; S6b:Gavrilov 1980b; S6b:Gavrilov 1980c; S6b:Gavrilov 1982a; S6b:Gavrilov 1982b; S6b:Gavrilov 1997; S6b:Gavrilov 1999a; S6b:Gavrilov 1999b
Passeriformes,Aegithalos caudatus,17,8.8,W,N,21.8,"Gavrilov, 1974, 1980abc, 1982ab, 1997, 1999ab",S6b:Gavrilov 1974a; S6b:Gavrilov 1980a; S6b:Gavrilov 1980b; S6b:Gavrilov 1980c; S6b:Gavrilov 1982a; S6b:Gavrilov 1982b; S6b:Gavrilov 1997; S6b:Gavrilov 1999a; S6b:Gavrilov 1999b
Passeriformes,Troglodytes troglodytes,16,9.0,S,N,18.4,"Gavrilov, 1980abc, 1982ab, 1997, 1999ab",S6b:Gavrilov 1980a; S6b:Gavrilov 1980b; S6b:Gavrilov 1980c; S6b:Gavrilov 1982a; S6b:Gavrilov 1982b; S6b:Gavrilov 1997; S6b:Gavrilov 1999a; S6b:Gavrilov 1999b
Passeriformes,Troglodytes troglodytes,16,9.2,W,N,20.9,"Gavrilov, 1980abc, 1982ab, 1997, 1999ab",S6b:Gavrilov 1980a; S6b:Gavrilov 1980b; S6b:Gavrilov 1980c; S6b:Gavrilov 1982a; S6b:Gavrilov 1982b; S6b:Gavrilov 1997; S6b:Gavrilov 1999a; S6b:Gavrilov 1999b
Passeriformes,Uraeginthus bengalis,5,9.1,S,N,13.4,"Gavrilov, 1980abc, 1982ab, 1997, 1999ab",S6b:Gavrilov 1980a; S6b:Gavrilov 1980b; S6b:Gavrilov 1980c; S6b:Gavrilov 1982a; S6b:Gavrilov 1982b; S6b:Gavrilov 1997; S6b:Gavrilov 1999a; S6b:Gavrilov 1999b
Passeriformes,Uraeginthus bengalis,5,9.2,W,N,14.2,"Gavrilov, 1980abc, 1982ab, 1997, 1999ab",S6b:Gavrilov 1980a; S6b:Gavrilov 1980b; S6b:Gavrilov 1980c; S6b:Gavrilov 1982a; S6b:Gavrilov 1982b; S6b:Gavrilov 1997; S6b:Gavrilov 1999a; S6b:Gavrilov 1999b
Passeriformes,Phylloscopus sibilatrix,4,9.2,S,N,15.1,"Gavrilov, Dolnik, 1985",S6b:Gavrilov & Dolnik 1985
Passeriformes,Lonchura striata,6,10.1,S,N,17.2,"Gavrilov, 1980abc, 1982ab, 1997, 1999ab",S6b:Gavrilov 1980a; S6b:Gavrilov 1980b; S6b:Gavrilov 1980c; S6b:Gavrilov 1982a; S6b:Gavrilov 1982b; S6b:Gavrilov 1997; S6b:Gavrilov 1999a; S6b:Gavrilov 1999b
Passeriformes,Lonchura striata,6,10.3,W,N,18.4,"Gavrilov, 1980abc, 1982ab, 1997, 1999ab",S6b:Gavrilov 1980a; S6b:Gavrilov 1980b; S6b:Gavrilov 1980c; S6b:Gavrilov 1982a; S6b:Gavrilov 1982b; S6b:Gavrilov 1997; S6b:Gavrilov 1999a; S6b:Gavrilov 1999b
Passeriformes,Sylvia curruca,8,10.6,S,N,17.2,"Gavrilov, Dolnik, 1985",S6b:Gavrilov & Dolnik 1985
Passeriformes,Phylloscopus trochilus,7,10.7,W,N,18.0,"Gavrilov, Dolnik, 1985",S6b:Gavrilov & Dolnik 1985
Passeriformes,Acrcocephalus palustris,4,10.8,S,N,17.6,"Gavrilov, Dolnik, 1985",S6b:Gavrilov & Dolnik 1985
Passeriformes,Parus ater,18,10.8,S,N,20.5,"Gavrilov, 1980abc, 1982ab, 1997, 1999ab",S6b:Gavrilov 1980a; S6b:Gavrilov 1980b; S6b:Gavrilov 1980c; S6b:Gavrilov 1982a; S6b:Gavrilov 1982b; S6b:Gavrilov 1997; S6b:Gavrilov 1999a; S6b:Gavrilov 1999b
Passeriformes,Parus ater,18,10.8,S,D,22.6,"Gavrilov, 1985ab, 1997",S6b:Gavrilov 1985a; S6b:Gavrilov 1985b; S6b:Gavrilov 1997
Passeriformes,Parus ater,18,11.0,W,N,23.4,"Gavrilov, 1981, 1997, 1999ab",S6b:Gavrilov 1981; S6b:Gavrilov 1997; S6b:Gavrilov 1999a; S6b:Gavrilov 1999b
Passeriformes,Parus ater,18,11.0,W,D,27.7,"Gavrilov, 1981, 1997",S6b:Gavrilov 1981; S6b:Gavrilov 1997
Passeriformes,Taeniopygia castanotis,14,11.7,S,N,19.7,"Gavrilov, 1980abc, 1982ab, 1997, 1999ab",S6b:Gavrilov 1980a; S6b:Gavrilov 1980b; S6b:Gavrilov 1980c; S6b:Gavrilov 1982a; S6b:Gavrilov 1982b; S6b:Gavrilov 1997; S6b:Gavrilov 1999a; S6b:Gavrilov 1999b
Passeriformes,Taeniopygia castanotis,14,11.8,S,D,20.3,"Gavrilov, 1985ab, 1997",S6b:Gavrilov 1985a; S6b:Gavrilov 1985b; S6b:Gavrilov 1997
Passeriformes,Taeniopygia castanotis,14,11.8,W,N,20.1,"Gavrilov, 1981, 1997, 1999ab",S6b:Gavrilov 1981; S6b:Gavrilov 1997; S6b:Gavrilov 1999a; S6b:Gavrilov 1999b
Passeriformes,Taeniopygia castanotis,14,11.8,W,D,22.6,"Gavrilov, 1981, 1997",S6b:Gavrilov 1981; S6b:Gavrilov 1997
Passeriformes,Acrocephalus schoenobaenus,3,11.5,S,N,18.8,"Gavrilov, Dolnik, 1985",S6b:Gavrilov & Dolnik 1985
Passeriformes,Ficedula hypoleuca,9,11.7,A,N,20.1,"Gavrilov, Dolnik, 1985, Gavrilov et al.,1995b, 1998",S6b:Gavrilov & Dolnik 1985; S6b:Gavrilov et al. 1995b; S6b:Gavrilov et al. 1998
Passeriformes,Hippolais icterina,6,12.5,S,N,21.8,"Gavrilov, Dolnik, 1985",S6b:Gavrilov & Dolnik 1985
Passeriformes,Acanthis flammea,16,14.0,S,N,24.7,"Gavrilov, 1974, 1980abc, 1982ab, 1997, 1999ab",S6b:Gavrilov 1974a; S6b:Gavrilov 1980a; S6b:Gavrilov 1980b; S6b:Gavrilov 1980c; S6b:Gavrilov 1982a; S6b:Gavrilov 1982b; S6b:Gavrilov 1997; S6b:Gavrilov 1999a; S6b:Gavrilov 1999b
Passeriformes,Acanthis flammea,16,14.3,W,N,29.3,"Gavrilov, 1974, 1980abc, 1982ab, 1997, 1999ab",S6b:Gavrilov 1974a; S6b:Gavrilov 1980a; S6b:Gavrilov 1980b; S6b:Gavrilov 1980c; S6b:Gavrilov 1982a; S6b:Gavrilov 1982b; S6b:Gavrilov 1997; S6b:Gavrilov 1999a; S6b:Gavrilov 1999b
Passeriformes,Phoenicurus phoenicurus,4,13.0,"S, A",N,20.1,"Gavrilov, Dolnik, 1985",S6b:Gavrilov & Dolnik 1985
Passeriformes,Serinus canaria,5,13.3,A,N,19.7,"Gavrilov, Dolnik, 1985",S6b:Gavrilov & Dolnik 1985
Passeriformes,Riparia riparia,3,13.6,A,N,20.1,"Gavrilov, 1986",S6b:Gavrilov 1986
Passeriformes,Phoenicurus ochruros,3,13.9,S,N,20.9,"Gavrilov, Dolnik, 1985",S6b:Gavrilov & Dolnik 1985
Passeriformes,Spinus spinus,18,14.0,S,N,25.1,"Gavrilov, 1980abc, 1982ab, 1997, 1999ab",S6b:Gavrilov 1980a; S6b:Gavrilov 1980b; S6b:Gavrilov 1980c; S6b:Gavrilov 1982a; S6b:Gavrilov 1982b; S6b:Gavrilov 1997; S6b:Gavrilov 1999a; S6b:Gavrilov 1999b
Passeriformes,Spinus spinus,18,14.0,S,D,27.6,"Gavrilov, 1985ab, 1997",S6b:Gavrilov 1985a; S6b:Gavrilov 1985b; S6b:Gavrilov 1997
Passeriformes,Spinus spinus,18,14.2,W,N,28.5,"Gavrilov, 1981, 1997, 1999ab",S6b:Gavrilov 1981; S6b:Gavrilov 1997; S6b:Gavrilov 1999a; S6b:Gavrilov 1999b
Passeriformes,Spinus spinus,18,14.2,W,D,31.4,"Gavrilov, 1981, 1997",S6b:Gavrilov 1981; S6b:Gavrilov 1997
Passeriformes,Saxicola rubetra,4,14.3,S,N,20.9,"Gavrilov, Dolnik, 1985",S6b:Gavrilov & Dolnik 1985
Passeriformes,Muscicapa striata,3,14.4,S,N,21.3,"Gavrilov, Dolnik, 1985",S6b:Gavrilov & Dolnik 1985
Passeriformes,Motacilla flava,2,14.7,S,N,22.2,"Gavrilov, Dolnik, 1985",S6b:Gavrilov & Dolnik 1985
Passeriformes,Tarsiger cyanurus,5,14.8,W,N,20.5,"Gavrilov, 1985ab",S6b:Gavrilov 1985a; S6b:Gavrilov 1985b
Passeriformes,Parus major,20,16.4,S,N,28.5,"Gavrilov, 1980abc, 1982ab, 1997, 1999ab",S6b:Gavrilov 1980a; S6b:Gavrilov 1980b; S6b:Gavrilov 1980c; S6b:Gavrilov 1982a; S6b:Gavrilov 1982b; S6b:Gavrilov 1997; S6b:Gavrilov 1999a; S6b:Gavrilov 1999b
Passeriformes,Parus major,20,16.4,S,D,31.6,"Gavrilov, 1985ab, 1997, Gavrilov et al. 1995a",S6b:Gavrilov 1985a; S6b:Gavrilov 1985b; S6b:Gavrilov 1997; S6b:Gavrilov et al. 1995a
Passeriformes,Parus major,20,17.1,W,N,32.2,"Gavrilov, 1981, 1997, 1999ab",S6b:Gavrilov 1981; S6b:Gavrilov 1997; S6b:Gavrilov 1999a; S6b:Gavrilov 1999b
Passeriformes,Parus major,20,17.1,W,D,35.6,"Gavrilov, 1981, 1997, Gavrilov et al. 1995a",S6b:Gavrilov 1981; S6b:Gavrilov 1997; S6b:Gavrilov et al. 1995a
Passeriformes,Carduelis carduelis,6,16.5,W,N,30.1,"Gavrilov, 1982b",S6b:Gavrilov 1982b
Passeriformes,Prunella modularls,4,16.8,A,N,28.1,"Gavrilov, Dolnik, 1985",S6b:Gavrilov & Dolnik 1985
Passeriformes,Acanthis cannabina,4,16.9,A,N,29.3,"Gavrilov, 1982b",S6b:Gavrilov 1982b
Passeriformes,Emberiza schoeniclus,3,17.6,A,N,26.0,"Gavrilov, 1982b",S6b:Gavrilov 1982b
Passeriformes,Erithacus rubecula,18,17.6,S,N,26.0,"Gavrilov, 1980abc, 1982ab",S6b:Gavrilov 1980a; S6b:Gavrilov 1980b; S6b:Gavrilov 1980c; S6b:Gavrilov 1982a; S6b:Gavrilov 1982b
Passeriformes,Erithacus rubecula,18,17.6,S,D,29.1,"Gavrilov, 1985ab",S6b:Gavrilov 1985a; S6b:Gavrilov 1985b
Passeriformes,Erithacus rubecula,18,17.6,W,N,24.3,"Gavrilov, 1981",S6b:Gavrilov 1981
Passeriformes,Erithacus rubecula,18,17.6,W,D,26.4,"Gavrilov, 1981",S6b:Gavrilov 1981
Passeriformes,Parus varius,5,17.7,W,N,31.0,"Gavrilov, 1985ab",S6b:Gavrilov 1985a; S6b:Gavrilov 1985b
Passeriformes,Parus varius,5,17.7,W,D,37.2,"Gavrilov, 1985ab",S6b:Gavrilov 1985a; S6b:Gavrilov 1985b
Passeriformes,Hirundo rustica,4,18.4,S,N,26.0,"Gavrilov, 1986",S6b:Gavrilov 1986
Passeriformes,Motacilla alba,8,18.0,S,N,26.0,"Gavrilov, 1980abc, 1982ab",S6b:Gavrilov 1980a; S6b:Gavrilov 1980b; S6b:Gavrilov 1980c; S6b:Gavrilov 1982a; S6b:Gavrilov 1982b
Passeriformes,Motacilla alba,8,18.2,W,N,24.3,"Gavrilov, 1980abc, 1982ab",S6b:Gavrilov 1980a; S6b:Gavrilov 1980b; S6b:Gavrilov 1980c; S6b:Gavrilov 1982a; S6b:Gavrilov 1982b
Passeriformes,Authus pratensis,3,18.9,S,N,26.0,"Gavrilov, 1982b",S6b:Gavrilov 1982b
Passeriformes,Anthus trivialis,5,19.7,A,N,29.3,"Gavrilov, 1982b",S6b:Gavrilov 1982b
Passeriformes,Luscinia svecica,3,20.8,S,N,31.0,"Gavrilov, 1982b",S6b:Gavrilov 1982b
Passeriformes,Fringilla coelebs,35,21.0,S,N,32.2,"Gavrilov, 1980abc, 1982ab, 1997, 1999ab",S6b:Gavrilov 1980a; S6b:Gavrilov 1980b; S6b:Gavrilov 1980c; S6b:Gavrilov 1982a; S6b:Gavrilov 1982b; S6b:Gavrilov 1997; S6b:Gavrilov 1999a; S6b:Gavrilov 1999b
Passeriformes,Fringilla coelebs,35,21.0,S,D,39.0,"Gavrilov, 1985ab, 1997",S6b:Gavrilov 1985a; S6b:Gavrilov 1985b; S6b:Gavrilov 1997
Passeriformes,Fringilla coelebs,35,20.8,W,N,38.1,"Gavrilov, 1981, 1997, 1999ab",S6b:Gavrilov 1981; S6b:Gavrilov 1997; S6b:Gavrilov 1999a; S6b:Gavrilov 1999b
Passeriformes,Fringilla coelebs,35,20.8,W,D,41.5,"Gavrilov, 1981, 1997, 1999ab",S6b:Gavrilov 1981; S6b:Gavrilov 1997; S6b:Gavrilov 1999a; S6b:Gavrilov 1999b
Passeriformes,Fringilla montifringilla,12,21.0,A,N,33.1,"Gavrilov, 1982b",S6b:Gavrilov 1982b
Passeriformes,Sylvia nisoria,3,21.3,S,N,33.1,"Gavrilov, 1982b",S6b:Gavrilov 1982b
Passeriformes,Sylvia nisoria,3,21.4,W,N,28.0,"Gavrilov, 1982b",S6b:Gavrilov 1982b
Passeriformes,Carpodacus erythrinus,14,21.2,S,N,31.8,"Gavrilov, 1980abc, 1982ab, 1997, 1999ab",S6b:Gavrilov 1980a; S6b:Gavrilov 1980b; S6b:Gavrilov 1980c; S6b:Gavrilov 1982a; S6b:Gavrilov 1982b; S6b:Gavrilov 1997; S6b:Gavrilov 1999a; S6b:Gavrilov 1999b
Passeriformes,Carpodacus erythrinus,14,21.2,S,D,36.6,"Gavrilov, 1985ab, 1997",S6b:Gavrilov 1985a; S6b:Gavrilov 1985b; S6b:Gavrilov 1997
Passeriformes,Carpodacus erythrinus,14,21.6,W,N,31.0,"Gavrilov, 1981, 1997, 1999ab",S6b:Gavrilov 1981; S6b:Gavrilov 1997; S6b:Gavrilov 1999a; S6b:Gavrilov 1999b
Passeriformes,Carpodacus erythrinus,14,21.6,W,D,33.1,"Gavrilov, 1981, 1997",S6b:Gavrilov 1981; S6b:Gavrilov 1997
Passeriformes,Anthus campestris,2,21.8,S,N,33.1,"Gavrilov, 1981",S6b:Gavrilov 1981
Passeriformes,Sylvia atricapilla,8,21.9,A,N,36.0,"Gavrilov, 1981",S6b:Gavrilov 1981
Passeriformes,Emberiza hortulana,8,24.3,S,N,36.0,"Gavrilov, 1980abc, 1982ab",S6b:Gavrilov 1980a; S6b:Gavrilov 1980b; S6b:Gavrilov 1980c; S6b:Gavrilov 1982a; S6b:Gavrilov 1982b
Passeriformes,Emberiza hortulana,8,27.0,W,N,35.2,"Gavrilov, 1980abc, 1982ab",S6b:Gavrilov 1980a; S6b:Gavrilov 1980b; S6b:Gavrilov 1980c; S6b:Gavrilov 1982a; S6b:Gavrilov 1982b
Passeriformes,Passer montanus,7,22.0,S,N,34.0,"Gavrilov, 1981",S6b:Gavrilov 1981
Passeriformes,Passer montanus,7,22.3,A,N,35.2,"Gavrilov, 1981",S6b:Gavrilov 1981
Passeriformes,Passer domesticus bactrianus,32,23.0,S,N,31.8,"Gavrilov, 1980abc, 1982ab, 1997, 1999ab",S6b:Gavrilov 1980a; S6b:Gavrilov 1980b; S6b:Gavrilov 1980c; S6b:Gavrilov 1982a; S6b:Gavrilov 1982b; S6b:Gavrilov 1997; S6b:Gavrilov 1999a; S6b:Gavrilov 1999b
Passeriformes,Passer domesticus bactrianus,32,23.2,W,N,31.8,"Gavrilov, 1980abc, 1982ab, 1997, 1999ab",S6b:Gavrilov 1980a; S6b:Gavrilov 1980b; S6b:Gavrilov 1980c; S6b:Gavrilov 1982a; S6b:Gavrilov 1982b; S6b:Gavrilov 1997; S6b:Gavrilov 1999a; S6b:Gavrilov 1999b
Passeriformes,Sylvia borin,12,24.8,A,N,36.0,"Gavrilov, 1982b",S6b:Gavrilov 1982b
Passeriformes,Passer domesticus,33,26.5,S,N,41.0,"Gavrilov, 1980abc, 1982ab, 1997, 1999ab",S6b:Gavrilov 1980a; S6b:Gavrilov 1980b; S6b:Gavrilov 1980c; S6b:Gavrilov 1982a; S6b:Gavrilov 1982b; S6b:Gavrilov 1997; S6b:Gavrilov 1999a; S6b:Gavrilov 1999b
Passeriformes,Passer domesticus,33,26.5,S,D,47.2,"Gavrilov, 1985ab, 1997",S6b:Gavrilov 1985a; S6b:Gavrilov 1985b; S6b:Gavrilov 1997
Passeriformes,Passer domesticus,33,26.4,W,N,42.3,"Gavrilov, 1981, 1997, 1999ab",S6b:Gavrilov 1981; S6b:Gavrilov 1997; S6b:Gavrilov 1999a; S6b:Gavrilov 1999b
Passeriformes,Passer domesticus,33,26.4,W,D,44.8,"Gavrilov, 1981, 1997",S6b:Gavrilov 1981; S6b:Gavrilov 1997
Passeriformes,Emberiza citrinella,27,26.8,S,N,37.7,"Gavrilov, 1980abc, 1982ab, 1997, 1999ab",S6b:Gavrilov 1980a; S6b:Gavrilov 1980b; S6b:Gavrilov 1980c; S6b:Gavrilov 1982a; S6b:Gavrilov 1982b; S6b:Gavrilov 1997; S6b:Gavrilov 1999a; S6b:Gavrilov 1999b
Passeriformes,Emberiza citrinella,27,26.8,S,D,43.3,"Gavrilov, 1985ab, 1997",S6b:Gavrilov 1985a; S6b:Gavrilov 1985b; S6b:Gavrilov 1997
Passeriformes,Emberiza citrinella,27,27.4,W,N,43.1,"Gavrilov, 1981, 1997, 1999ab",S6b:Gavrilov 1981; S6b:Gavrilov 1997; S6b:Gavrilov 1999a; S6b:Gavrilov 1999b
Passeriformes,Emberiza citrinella,27,27.4,W,D,49.4,"Gavrilov, 1981, 1997",S6b:Gavrilov 1981; S6b:Gavrilov 1997
Passeriformes,Lanius collurio,4,27.0,S,N,33.1,"Gavrilov, 1982b",S6b:Gavrilov 1982b
Passeriformes,Chloris chloris,17,28.2,S,N,41.0,"Gavrilov, 1980abc, 1982ab, 1997, 1999ab",S6b:Gavrilov 1980a; S6b:Gavrilov 1980b; S6b:Gavrilov 1980c; S6b:Gavrilov 1982a; S6b:Gavrilov 1982b; S6b:Gavrilov 1997; S6b:Gavrilov 1999a; S6b:Gavrilov 1999b
Passeriformes,Chloris chloris,17,28.2,S,D,46.4,"Gavrilov, 1985ab, 1997",S6b:Gavrilov 1985a; S6b:Gavrilov 1985b; S6b:Gavrilov 1997
Passeriformes,Chloris chloris,17,29.0,W,N,48.1,"Gavrilov, 1981, 1997, 1999ab",S6b:Gavrilov 1981; S6b:Gavrilov 1997; S6b:Gavrilov 1999a; S6b:Gavrilov 1999b
Passeriformes,Chloris chloris,17,29.0,W,D,51.9,"Gavrilov, 1981, 1997",S6b:Gavrilov 1981; S6b:Gavrilov 1997
Passeriformes,Loxia curvirostra,9,39.4,S,N,51.9,"Gavrilov, 1980abc, 1982ab, 1997, 1999ab",S6b:Gavrilov 1980a; S6b:Gavrilov 1980b; S6b:Gavrilov 1980c; S6b:Gavrilov 1982a; S6b:Gavrilov 1982b; S6b:Gavrilov 1997; S6b:Gavrilov 1999a; S6b:Gavrilov 1999b
Passeriformes,Loxia curvirostra,9,42.7,W,N,58.2,"Gavrilov, 1980abc, 1982ab, 1997, 1999ab",S6b:Gavrilov 1980a; S6b:Gavrilov 1980b; S6b:Gavrilov 1980c; S6b:Gavrilov 1982a; S6b:Gavrilov 1982b; S6b:Gavrilov 1997; S6b:Gavrilov 1999a; S6b:Gavrilov 1999b
Passeriformes,Pyrrhula pyrrhula,11,30.4,W,N,47.7,"Gavrilov, 1982b",S6b:Gavrilov 1982b
Passeriformes,Lullula arborea,7,33.2,A,N,42.3,"Gavrilov, 1982b",S6b:Gavrilov 1982b
Passeriformes,Coccothraustes coccothraustes,4,48.3,A,N,60.3,"Gavrilov, 1982b",S6b:Gavrilov 1982b
Passeriformes,Loxia pytiopsittacus,6,53.7,W,N,69.1,"Gavrilov, 1982b",S6b:Gavrilov 1982b
Passeriformes,Turdus iliacus,9,58.0,W,N,62.4,"Gavrilov, 1979ab, 1981",S6b:Gavrilov 1979a; S6b:Gavrilov 1979b; S6b:Gavrilov 1981
Passeriformes,Turdus iliacus,9,58.0,W,D,72.8,"Gavrilov, 1981",S6b:Gavrilov 1981
Passeriformes,Turdus philomelos,12,62.8,S,N,62.8,"Gavrilov, 1979ab, 1980abc, 1982ab, 1997, 1999ab",S6b:Gavrilov 1979a; S6b:Gavrilov 1979b; S6b:Gavrilov 1980a; S6b:Gavrilov 1980b; S6b:Gavrilov 1980c; S6b:Gavrilov 1982a; S6b:Gavrilov 1982b; S6b:Gavrilov 1997; S6b:Gavrilov 1999a; S6b:Gavrilov 1999b
Passeriformes,Turdus philomelos,12,62.8,S,D,71.0,"Gavrilov, 1985ab, 1997",S6b:Gavrilov 1985a; S6b:Gavrilov 1985b; S6b:Gavrilov 1997
Passeriformes,Turdus philomelos,12,64.0,W,N,65.3,"Gavrilov, 1979ab, 1980abc, 1982ab, 1997, 1999ab",S6b:Gavrilov 1979a; S6b:Gavrilov 1979b; S6b:Gavrilov 1980a; S6b:Gavrilov 1980b; S6b:Gavrilov 1980c; S6b:Gavrilov 1982a; S6b:Gavrilov 1982b; S6b:Gavrilov 1997; S6b:Gavrilov 1999a; S6b:Gavrilov 1999b
Passeriformes,Turdus philomelos,12,64.0,W,D,74.9,"Gavrilov, 1982ab, 1997",S6b:Gavrilov 1982a; S6b:Gavrilov 1982b; S6b:Gavrilov 1997
Passeriformes,Oriolus oriolus,3,64.9,S,N,56.1,"Gavrilov, 1982b",S6b:Gavrilov 1982b
Passeriformes,Lanius excubitor,4,72.4,A,N,70.3,"Gavrilov, 1982b",S6b:Gavrilov 1982b
Passeriformes,Bombycilla garrulus,6,72.5,A,N,82.5,"Gavrilov, Dolnik, 1985",S6b:Gavrilov & Dolnik 1985
Passeriformes,Sturnus vulgaris,13,75.0,A,N,77.5,"Gavrilov, 1982b",S6b:Gavrilov 1982b
Passeriformes,Pinicola enucleator,5,78.4,W,N,93.8,"Gavrilov, Dolnik, 1985",S6b:Gavrilov & Dolnik 1985
Passeriformes,Turdus merula,12,82.6,S,N,80.4,"Gavrilov, 1979ab, 1980abc, 1982ab, 1997, 1999ab",S6b:Gavrilov 1979a; S6b:Gavrilov 1979b; S6b:Gavrilov 1980a; S6b:Gavrilov 1980b; S6b:Gavrilov 1980c; S6b:Gavrilov 1982a; S6b:Gavrilov 1982b; S6b:Gavrilov 1997; S6b:Gavrilov 1999a; S6b:Gavrilov 1999b
Passeriformes,Turdus merula,12,82.6,S,D,93.3,"Gavrilov, 1997",S6b:Gavrilov 1997
Passeriformes,Turdus merula,12,83.0,W,N,89.6,"Gavrilov, 1979ab, 1980abc, 1982ab, 1997, 1999ab",S6b:Gavrilov 1979a; S6b:Gavrilov 1979b; S6b:Gavrilov 1980a; S6b:Gavrilov 1980b; S6b:Gavrilov 1980c; S6b:Gavrilov 1982a; S6b:Gavrilov 1982b; S6b:Gavrilov 1997; S6b:Gavrilov 1999a; S6b:Gavrilov 1999b
Passeriformes,Turdus merula,12,83.0,W,D,105.5,"Gavrilov, 1981, 1997, 1999ab",S6b:Gavrilov 1981; S6b:Gavrilov 1997; S6b:Gavrilov 1999a; S6b:Gavrilov 1999b
Passeriformes,Turdus viscivorus,9,108.2,W,N,95.5,"Gavrilov, 1979ab",S6b:Gavrilov 1979a; S6b:Gavrilov 1979b
Passeriformes,Nucifraga caryocatactes,11,147.0,W,N,116.4,"Gavrilov, 1979ab",S6b:Gavrilov 1979a; S6b:Gavrilov 1979b
Passeriformes,Garrulus glandarius,13,153.0,W,N,119.7,"Gavrilov, 1979ab",S6b:Gavrilov 1979a; S6b:Gavrilov 1979b
Passeriformes,Pica pica,6,202.0,W,N,148.6,"Gavrilov, 1979ab",S6b:Gavrilov 1979a; S6b:Gavrilov 1979b
Passeriformes,Coleus monedula,9,209.0,S,N,131.2,"Gavrilov, 1985ab",S6b:Gavrilov 1985a; S6b:Gavrilov 1985b
Passeriformes,Coleus monedula,9,209.0,S,D,151.2,"Gavrilov, 1985ab",S6b:Gavrilov 1985a; S6b:Gavrilov 1985b
Passeriformes,Coleus monedula,9,215.0,W,N,160.8,"Gavrilov, 1979ab, 1981",S6b:Gavrilov 1979a; S6b:Gavrilov 1979b; S6b:Gavrilov 1981
Passeriformes,Coleus monedula,9,215.0,W,D,167.5,"Gavrilov, 1981",S6b:Gavrilov 1981
Passeriformes,Corvus frugilegus,5,390.0,W,N,226.1,"Gavrilov, 1979ab",S6b:Gavrilov 1979a; S6b:Gavrilov 1979b
Passeriformes,Corvus corone cornix,11,518.0,S,N,286.8,"Gavrilov, 1979ab, 1980abc, 1982ab, 1997, 1999ab",S6b:Gavrilov 1979a; S6b:Gavrilov 1979b; S6b:Gavrilov 1980a; S6b:Gavrilov 1980b; S6b:Gavrilov 1980c; S6b:Gavrilov 1982a; S6b:Gavrilov 1982b; S6b:Gavrilov 1997; S6b:Gavrilov 1999a; S6b:Gavrilov 1999b
Passeriformes,Corvus corone cornix,11,518.0,S,D,329.8,"Gavrilov, 1985ab, 1997",S6b:Gavrilov 1985a; S6b:Gavrilov 1985b; S6b:Gavrilov 1997
Passeriformes,Corvus corone cornix,11,540.0,W,N,330.8,"Gavrilov, 1979ab, 1980abc, 1981, 1982ab, 1997, 1999ab",S6b:Gavrilov 1979a; S6b:Gavrilov 1979b; S6b:Gavrilov 1980a; S6b:Gavrilov 1980b; S6b:Gavrilov 1980c; S6b:Gavrilov 1981; S6b:Gavrilov 1982a; S6b:Gavrilov 1982b; S6b:Gavrilov 1997; S6b:Gavrilov 1999a; S6b:Gavrilov 1999b
Passeriformes,Corvus corone cornix,11,540.0,W,D,386.9,"Gavrilov, 1981, 1997",S6b:Gavrilov 1981; S6b:Gavrilov 1997
Passeriformes,Cornus ruficollis,4,660.0,W,N,293.5,"Gavrilov, 1979ab",S6b:Gavrilov 1979a; S6b:Gavrilov 1979b
Passeriformes,Corvus corax,7,1203.0,S,N,476.1,"Gavrilov, 1979ab, 1980abc, 1981, 1982ab, 1997, 1999ab",S6b:Gavrilov 1979a; S6b:Gavrilov 1979b; S6b:Gavrilov 1980a; S6b:Gavrilov 1980b; S6b:Gavrilov 1980c; S6b:Gavrilov 1981; S6b:Gavrilov 1982a; S6b:Gavrilov 1982b; S6b:Gavrilov 1997; S6b:Gavrilov 1999a; S6b:Gavrilov 1999b
Passeriformes,Corvus corax,7,1203.0,S,D,518.9,"Gavrilov, 1985ab, 1997",S6b:Gavrilov 1985a; S6b:Gavrilov 1985b; S6b:Gavrilov 1997
Passeriformes,Corvus corax,7,1208,W,N,518.3,"Gavrilov, 1979ab, 1980abc, 1982ab, 1997, 1999ab",S6b:Gavrilov 1979a; S6b:Gavrilov 1979b; S6b:Gavrilov 1980a; S6b:Gavrilov 1980b; S6b:Gavrilov 1980c; S6b:Gavrilov 1982a; S6b:Gavrilov 1982b; S6b:Gavrilov 1997; S6b:Gavrilov 1999a; S6b:Gavrilov 1999b
Passeriformes,Corvus corax,7,1208,W,D,618.0,"Gavrilov, 1981, 1997",S6b:Gavrilov 1981; S6b:Gavrilov 1997
