"item_id","asked_at","source_label","question","options","recommendation","answer","answered_at"
"Makarieva_2008-1","2026-10-06","Makarieva_2008","Role of the ~20 published papers of the Gavrilov group (the compiler's group) cited by the SI: keep measurement as set, or self (the compilation would be cited instead of the papers)?","measurement | self","measurement","self","2026-10-08"
"Makarieva_2008-2","2026-10-06","Makarieva_2008","S1a/S7 dual keys: a record cites both the size source (the datum) and the SI's Source column. Keep both references on the record, or only the size source?","keep both | size source only","keep both","size source only","2026-10-08"
"Makarieva_2008-3","2026-10-06","Makarieva_2008","Year-letter keys (1960a/b) were mapped to list position (the lists are alphabetical by title; Consensus confirmed Zeledon [1]/[2]). Accept the mapping and decide the four S2a rows on the tab (Edwards & Lloyd 1977 [2], Marshall 1948 [1], Zeledon 1960 [1] and [2]), or nodoi for them?","accept the mapping (decide the four rows on the tab) | nodoi for the four","accept the mapping","accept the mapping","2026-10-08"
"Makarieva_2008-4","2026-10-06","Makarieva_2008","Key White:2005aa: White et al. 2006 (Biol. Lett.) entered under Crossref's online-first year 2005 and reuses that key. Leave, or rename the entry to 2006 by a :year=2006 override on its originating row (a --bib re-run; CiteID White_2005 is on the Sheet)?","leave | rename via :year=2006 override","leave (CiteID White_2005 is on the Sheet; rename only if the 2005 key bothers you)","leave","2026-10-08"
"Faurby_etal_2018-1","2026-10-06","Faurby_etal_2018","Handbook of the Mammals of the World vol. 5 was entered with year 2015 (the source list says 2016 and 2013 in different rows). Confirm 2015 or give the year.","confirm 2015 | give the year","confirm 2015 (the volume's publication year)","2015 (owner, 2026-10-08)","2026-10-08"
"Faurby_etal_2018-2","2026-10-06","Faurby_etal_2018","Walker's Mammals of the World: Nowak:1999ab (JHU DOI, Faurby round) now sits beside the DOI-less Nowak:1999aa (Smith round). Fold them by a doi: decision on the Smith row and a --bib re-run, or leave both?","fold (doi: on the Smith row, --bib) | leave both","fold (one entry per work)","fold","2026-10-08"
"Myhrvold_2015-1","2026-10-06","Myhrvold_2015","sources/databases/Myhrvold_2015/literature_cited.csv (the 948 entries of Supplemental Table 1, transcribed from the archive's PDF) is classed in the licence manifest as a lab-derived table (repository licence). Keep, or reclass it role parsed, class transcription (facts) in a small follow-up PR?","keep derived (repository licence) | reclass: role parsed, class transcription (facts)","reclass as transcription (facts): the file reproduces the archive's list verbatim","reclass: role parsed, class transcription (facts)","2026-10-08"
"Jones_2009-1","2026-10-06","Jones_2009","Curated De-Magalhaes:2009aa lacks a doi field, so --bib minted De-MagalhAES:2009aa for AnAge's paper. Add doi = {10.1111/j.1420-9101.2009.01783.x} to the curated entry in BibDesk and re-run --bib (folds the key; one stale Sheet row to delete afterwards), or leave?","add the DOI and fold | leave","add the DOI and fold","add the DOI and fold (the lead added doi = {10.1111/j.1420-9101.2009.01783.x} to the curated entry, owner instruction 2026-10-08)","2026-10-08"
"Faurby_etal_2018-3","2026-10-08","Faurby_etal_2018","Issue #128: the container-filtered Crossref query (and the issue-as-volume rule for the Mammalian Species accounts) finds a Crossref record agreeing on journal, volume or number, first page and year for 30 of the 266 title-less keys you decided nodoi with a cite: note on 2026-10-08 (133 record links; reports/container_query_Faurby_etal_2018.md, table ""Owner-decided keys the second path resolves""). For 11 keys the record is the work you typed (same title, author and year; e.g. Global Ecology and Biogeography 18: 19-29 = Kelt & Meyer 2009, 91 records). For 18 keys the record of the cited journal, number and page is a different work from the one you typed (16 Mammalian Species accounts, e.g. 612 = Nycteris thebaica where you typed Tylomys nudicaudus; Bull. AMNH 244: 1-306 = Patton et al. 2000 where you typed Voss 2001; Ann. Mag. Nat. Hist. 8 16: 66-79 = Dollman 1915 where you typed Thomas 1915): either PHYLACINE's journal key is wrong and your citation names the real source, or the typed citation is. For 1 key no title was typed (Comp. Biochem. Physiol. A 91: 105-202, Ambid 1988; the record at page 105 is Moreira 1988, so the key's pages look mistyped). Four more keys have two agreeing DOIs (publisher twins; three already carry one of them by your earlier decisions). Upgrade the DOI-less entries to the Crossref DOIs (a session appends doi: queue rows, --apply-queue --bib --sheet; the nodoi keys are replaced)?","upgrade the 11 agreeing keys | upgrade the 11 and the 18 by the key as cited | upgrade the 11, re-decide the 18 by hand (say per key whether the key or the typed citation names the work) | leave all 30 as nodoi","upgrade the 11 agreeing keys (the verified record replaces the typed fields of the same work); the 18 and the 1 are yours to read","upgrade the 11, re-decide the 18 by hand (say per key whether the key or the typed citation names the work)","2026-10-08"
