child_label,parent_label,parent_in_db,relation,tol_log10,priority,status,n_rows_child,evidence,added
Hoehler_etal_2023,Makarieva_2008,TRUE,copies,1e-6,9,confirmed,3026,"Reference column of Dataset S01 cites Makarieva et al. (2008) on 2,922 rows and Makarieva et al. (2005) on 104 (3,026 of the rows read, fishes later excluded); species shared with Makarieva_2008 945, identical 733 (78%), within 0.0105 772; re-measured 2026-10-03",2026-10-03
DeLong_etal_2010,Makarieva_2008,TRUE,copies,1e-6,,confirmed,,"SI names Makarieva et al. (2005, 2008) as the source of the prokaryote and protist rates (README, Provenance); shared 103, identical 52 (50%)",2026-10-03
Ehnes_etal_2011,Chown_etal_2007,TRUE,copies,1e-6,,confirmed,,"Appendix a incorporates the Chown et al. (2007) compilation (about 200 records; README); shared 268, identical 267 (100%)",2026-10-03
Makarieva_2008,Chown_etal_2007,TRUE,copies,1e-6,7,confirmed,,"Table S3 (insects) reproduces Chown et al. (2007) Appendix S2; shared 268, identical 255 (95%)",2026-10-03
Ehnes_etal_2011,Makarieva_2008,TRUE,shared_primary,1e-6,,confirmed,,"Beyond the Chown et al. (2007) records both compile the same terrestrial-invertebrate respiration literature; shared 299, identical 280 (94%; 255 of them explained by Chown_etal_2007)",2026-10-03
Makarieva_2008,White_2006,FALSE,copies,1e-6,7,confirmed,,"Tables S5/S6 (vertebrates) draw on White et al. (2006) and McKechnie & Wolf (2004) (issue #5 analysis); sibling Uyeda_etal_2017: shared 358, identical 208 (58%)",2026-10-03
Uyeda_etal_2017,White_2006,FALSE,copies,1e-6,8,confirmed,,"Vertebrate BMR compilation built on White et al. (2006) (issue #5 analysis); siblings Makarieva_2008 (58% identical) and Hoehler_etal_2023 (shared 706, identical 347, 49%)",2026-10-03
Makarieva_2008,McKechnie_2004,FALSE,copies,1e-6,7,confirmed,,"Bird BMR of Table S6 from McKechnie & Wolf (2004) (issue #5 analysis)",2026-10-03
Uyeda_etal_2017,McKechnie_2004,FALSE,copies,1e-6,8,confirmed,,"Bird BMR from McKechnie & Wolf (2004) (issue #5 analysis)",2026-10-03
Hoehler_etal_2023,White_2006,FALSE,via,1e-6,9,suspected,1006,"1,006 rows coded Savage et al. (2004), whose vertebrate BMR data and White et al. (2006) rest on the same compilations (White & Seymour 2003); of the species shared with Uyeda_etal_2017 through these rows 214 of 346 are identical (62%)",2026-10-03
Hoehler_etal_2023,Nagy_1999,FALSE,copies,1e-6,9,confirmed,164,"164 rows coded Nagy et al. (1999) (field metabolic rates); sibling Castro_2025: of the species shared through these rows 41 of 76 are identical (54%)",2026-10-03
Castro_2025,Nagy_1999,FALSE,copies,1e-6,,confirmed,81,"Reference column cites Nagy (1999) on 81 rows; sibling Hoehler_etal_2023 (see that edge)",2026-10-03
Herberstein_etal_2022,Chown_etal_2007,TRUE,shared_primary,1e-6,,confirmed,244,"inTextReference 'Chown et al., 2007' on 244 body-mass rows (the eight ant species of its Appendix S1); the other shared insects were transcribed from the same primary papers Chown et al. compiled: shared 152, identical 84 (55%)",2026-10-03
Meiri_2018,Feldman_etal_2016,TRUE,derived_same_input,0.0105,,confirmed,6633,"Masses computed from SVL with the Feldman et al. (2016) equations (column 'mass_equation (Feldman et al. 2016 unless stated)'): the same datum under two labels (owner decision 2026-10-03); shared 6,169, identical 57, within 0.0105 5,388 (87%)",2026-10-03
Cai_etal_2025,Feldman_etal_2016,TRUE,copies,1e-6,4,confirmed,217,"Ref.BodyMass 'Body sizes and diversification rates of lizards, snakes, amphisbaenians and the tuatara' on 217 rows; of these shared 217, identical 211 (97%)",2026-10-03
Cai_etal_2025,AmphiBIO,TRUE,copies,1e-6,4,confirmed,38,"Ref.BodyMass 'AmphiBIO, a global database for amphibian ecological traits' on 38 rows; of these shared 36, identical 32 (89%)",2026-10-03
Tobias_2022,Dunning_2008,FALSE,copies,1e-6,1,confirmed,8543,"AVONET Mass.Source 'Dunning' on 8,543 of the 10,184 rows kept (the 917 DataFromSplit rows inherit the same values); sibling Wilman_etal_2014: Dunning rows shared 8,433, identical 8,383 (99%)",2026-10-03
Wilman_etal_2014,Dunning_2008,FALSE,copies,1e-6,2,confirmed,8447,"EltonTraits BodyMass-Source 'Dunning08' on 8,447 of the 9,116 rows kept; sibling Tobias_2022: shared 8,664, identical 8,423 (97%)",2026-10-03
Myhrvold_2015,Dunning_2008,FALSE,via,0.0105,3,confirmed,,"Amniote bird masses are Dunning values, re-rounded or reported as the median with other sources (issue #5 analysis; Myhrvold et al. 2015 report the median of multiple raw values); sibling Tobias_2022: shared 8,898, identical 2,066 (23%), within 0.0105 5,861 (66%)",2026-10-03
AnAge,Dunning_2008,FALSE,copies,1e-6,5,confirmed,,"HAGR reference id 820 (Dunning 2008) is cited by 87% of the AnAge bird species whose mass is identical to AVONET's against 31% of the others; sibling Tobias_2022: shared 1,137, identical 281 (25%)",2026-10-03
McCoy_2008,Dunning_2008,FALSE,copies,0.001,6,confirmed,759,"ref_keys '1; 2' (Carey & Judge 2000; Dunning 1993, the first edition of the handbook) on 759 bird rows; the appendix prints four significant digits of wet mass / 4, so the recovered values deviate by up to 2e-4 log10 (tol 0.001); sibling Tobias_2022: shared 531, identical 75, within 0.001 130 (24%; the rest changed between the 1993 and 2008 editions)",2026-10-03
Cai_etal_2025,Tobias_2022,TRUE,via,0.0105,4,confirmed,1043,"Ref.BodyMass 'Ecological drivers of global gradients in avian dispersal inferred from wing morphology' (Sheard et al. 2020) on 1,043 rows; Sheard et al. took body mass from Tobias & Pigot (2019), the AVONET precursor 'based largely on Dunning', and re-rounded it; of these rows shared 1,016, identical 482, within 0.0105 991 (98%)",2026-10-03
Myhrvold_2015,Lislevand_etal_2007,TRUE,copies,1e-6,3,suspected,,"Lislevand et al. (2007) listed among the Amniote bird sources in the issue #5 plan; Amniote publishes no per-value source, so the edge rests on the values: shared 3,122, identical 174 (6%)",2026-10-03
Myhrvold_2015,Ernest_2003,TRUE,copies,1e-6,3,suspected,,"Ernest (2003) mammal life histories listed among the compilations Amniote aggregated in the issue #5 plan; no per-value source published: shared 1,338, identical 317 (24%)",2026-10-03
Myhrvold_2015,Jones_2009,TRUE,via,0.0105,3,confirmed,,"Amniote mammal masses largely reproduce PanTHERIA, re-rounded or as the median with other sources (issue #5 analysis); shared 3,484, identical 1,565 (45%), within 0.0105 1,988 (57%)",2026-10-03
Myhrvold_2015,AnAge,TRUE,copies,1e-6,3,suspected,,"Amniote aggregated 'existing life-history databases' (Myhrvold et al. 2015) and AnAge Build 13 (2014) predates it; shared 2,481, identical 657 (26%), about half of them round numbers the blind rule leaves alone",2026-10-03
Faurby_etal_2018,Smith_2003,TRUE,copies,0.0105,,confirmed,3510,"PHYLACINE Mass.Source 'Smith, F. A., et al. 2003 ... (Updated Version 4.1 obtained from senior author)' on 3,510 rows; of these shared 3,388, identical 2,054 (61%), within 0.001 2,957, within 0.0105 3,271 (97%): PHYLACINE rounds, and its MOM version differs from the published one",2026-10-03
Soria_etal_2021,Myhrvold_2015,TRUE,copies,0.0105,,confirmed,,"COMBINE reproduces Amniote (trait_data_sources.csv; issue #5 analysis); shared 4,437, identical 4,349 (98%), within 0.0105 4,381",2026-10-03
Soria_etal_2021,Faurby_etal_2018,TRUE,copies,1e-6,,confirmed,,"COMBINE reproduces PHYLACINE values (issue #5 analysis; its 26 PHYLACINE-imputed copies are a matter for #8); shared 5,190, identical 993 (19%)",2026-10-03
Soria_etal_2021,Smith_2003,TRUE,copies,1e-6,,confirmed,,"COMBINE reproduces MOM values (issue #5 analysis); shared 3,671, identical 596 (16%)",2026-10-03
Soria_etal_2021,Jones_2009,TRUE,copies,1e-6,,confirmed,,"COMBINE reproduces PanTHERIA values (issue #5 analysis); shared 3,433, identical 1,538 (45%, mostly also explained through Myhrvold_2015)",2026-10-03
Jones_2009,Smith_2003,TRUE,copies,1e-6,,confirmed,,"PanTHERIA adult body mass draws on MOM (issue #5 analysis); shared 3,315, identical 641 (19%)",2026-10-03
Cai_etal_2025,Jones_2009,TRUE,via,0.0105,4,confirmed,1183,"Ref.BodyMass 'Generation length for mammals' (Pacifici et al. 2013) on 1,183 rows; Pacifici et al. 'used PanTHERIA (Jones et al 2009) as our main reference' and re-rounded; of these rows shared 998, identical 434, within 0.0105 958 (96%)",2026-10-03
Cai_etal_2025,Smith_2003,TRUE,copies,1e-6,4,confirmed,22,"Ref.BodyMass 'Body mass of late Quaternary mammals' on 22 rows (MOM values also reach Cai through Pacifici et al. and PanTHERIA)",2026-10-03
Cai_etal_2025,AnAge,TRUE,copies,1e-6,4,confirmed,45,"Ref.BodyMass 'AnAge' on 45 rows; of these shared 14, identical 13",2026-10-03
Cai_etal_2025,Quaardvark,TRUE,copies,1e-6,4,confirmed,18,"Ref.BodyMass 'Animal Diversity Web' on 18 rows (Quaardvark is the ADW query tool); shared 1,059 overall, identical 58",2026-10-03
Cai_etal_2025,fishbase,TRUE,provenance_only,1e-6,4,confirmed,2445,"Ref.BodyMass 'FishBase' on 2,445 rows, but the live FishBase snapshot differs from the values Cai et al. took (shared 629, identical 10): documented provenance, not value duplication",2026-10-03
AnAge,fishbase,TRUE,provenance_only,1e-6,5,confirmed,,"AnAge compiles fish adult weights from FishBase (issue #5 analysis: a provenance-only overlap whose values differ); the live FishBase snapshot differs from the values AnAge holds: shared 240, identical 0, within 0.0105 3, within 0.05 24; re-measured 2026-10-03",2026-10-03
AnAge,Smith_2003,TRUE,copies,1e-6,5,confirmed,,"HAGR reference id 730 (Smith et al. 2003) is cited by 31% of the AnAge mammals whose mass is identical to MOM's against 4% of the others; shared 1,286, identical 183 (14%)",2026-10-03
AnAge,Fisher_2001,TRUE,copies,1e-6,5,confirmed,,"HAGR reference id 522 (Fisher, Blomberg & Owens 2001) is cited by 86% of the AnAge marsupials whose mass is identical to Fisher_2001's against 53% of the others; shared 124, identical 49 (40%)",2026-10-03
McCoy_2008,Smith_2003,TRUE,copies,0.001,6,confirmed,498,"ref_keys '1; 28' (Carey & Judge 2000; Smith et al. 2003) on 498 mammal rows; four printed significant digits of wet mass / 4 (tol 0.001); of these rows shared 310, identical 72, within 0.001 170 (55%)",2026-10-03
McCoy_2008,CareyJudge_2000,FALSE,copies,0.001,6,confirmed,1257,"ref 1 (Carey & Judge 2000, longevity records) on the 759 bird and 498 mammal rows; AnAge shares these masses (owner, issue #5 comment): shared 906, identical 88, within 0.001 117",2026-10-03
AnAge,CareyJudge_2000,FALSE,copies,1e-6,5,confirmed,,"AnAge compiles Carey & Judge (2000) longevity records with their body masses (owner, issue #5 comment); sibling McCoy_2008 (see that edge)",2026-10-03
McCoy_2008,Pauly_1980,FALSE,copies,0.001,6,confirmed,175,"ref 5 (Pauly 1980 asymptotic weights) on 175 fish rows; no other source in the database carries Pauly's values (fishbase: shared 41, identical 0)",2026-10-03
McCoy_2008,Brey_2001,FALSE,provenance_only,1e-6,6,confirmed,116,"ref 25 (Brey 2001 data bank) on 116 invertebrate rows, kJ converted to wet mass with the Brey_2010 factors; no source in the database holds the data bank values (Brose_etal_2018: shared 28, identical 0)",2026-10-03
Tucker_etal_2014b,Jones_2009,TRUE,via,0.0105,,confirmed,149,"References column cites Jones et al. (2009) on 149 of 462 rows; masses are log10 kg to two decimals, so copies sit within 0.005 log10: of these rows shared 148, within 0.0105 146 (99%)",2026-10-03
Tucker_etal_2014a,Jones_2009,TRUE,provenance_only,1e-6,,confirmed,13,"'Predator Body Mass Source' cites Jones et al. (2009) on 13 of 211 rows, but masses are log10 kg to one decimal (0.05 log10 steps), so no value identity can be established (13 shared, 0 identical, 1 within 0.0105)",2026-10-03
Pata_2025,Kiorboe_2013,TRUE,copies,1e-6,,confirmed,,"Pata et al. compile Kiorboe (2013) Table A1 wet masses (issue #5 analysis); shared 58, identical 20 (34%)",2026-10-03
Hebert_etal_2016,Kiorboe_2013,TRUE,provenance_only,1e-6,,confirmed,,"Dry masses converted with the Kiorboe (2013) factor (label 'Hebert_etal_2016; Kiorboe_2013'); the values are not Table A1's (shared 41, identical 0)",2026-10-03
Brose_etal_2018,Hechinger_etal_2011,TRUE,copies,1e-6,,confirmed,,"GATEWAy contains the three Hechinger et al. (2011) estuary webs (issue #5 analysis); shared 96, identical 65 (68%). #14 per-web audit: the GATEWAy web Lafferty et al. (2006) (Carpinteria Salt Marsh, 4,571 resolved rows, 94 species) holds the Hechinger fresh masses: median log10 ratio 0.00, IQR 0.06 (n=56) against the other sources once Hechinger_etal_2011 is excluded",2026-10-03
Brose_etal_2018,Brose_2005,TRUE,copies,1e-6,,confirmed,,"GATEWAy incorporates the Brose et al. (2005) consumer-resource compilation (issue #5 analysis); shared 300, identical 18 (6%). #14 per-web audit: six GATEWAy webs come from Brose 2005 (Grand Caricaie / Cattin Blandenier 2004, Tuesday Lake / Jonsson, Weddell Sea / Jacob Brey & Mintenbeck, Mill Stream / Ledger Edwards & Woodward, Broadstone Stream / Woodward & Hildrew, Skipwith Pond lengths). Only Tuesday Lake is copied verbatim (19 of 25 shared species identical); GATEWAy converted the Cattin invertebrates from dry to fresh mass (GATEWAy = 2.8x Brose 2005, n=188) and revised the Weddell and Mill Stream values, so the 1e-6 tolerance collapses little; both copies are now converted to wet grams (#14)",2026-10-03
