Group,Species,Wet mass (mg),Dry mass (mg),Ash (mg),C (mg),N (mg),Reference
Amphipoda,Themisto japonica female,1.43E+01,3.14E+00,8.04E−01,1.16E+00,2.8E−01,7
Amphipoda,Primno abyssalis female,7.29E+01,1.30E+01,3.1E+00,5.22E+00,1.2E+00,7
Amphipoda,Parathemisto gaudichaudi,,3.60E+00,,1.29E+00,3.1E−01,13
Amphipoda,Parathemisto gaudichaudi,,1.31E+01,,5.44E+00,9.7E−01,13
Amphipoda,Viblia antarctica,,1.21E+01,,4.88E+00,9.9E−01,13
Amphipoda,Hyperia gaudichaudii,,1.05E+02,,4.93E+01,7.5E+00,13
Amphipoda,Parathemisto japonica,2.56E+00,4.70E−01,6.30E–02,2.27E−01,3.9E–02,12
Amphipoda,Platyscelus serratulus,5.99E+00,2.19E+00,7.38E−01,5.67E−01,9.6E–02,12
Amphipoda,Cyphocatris challengeri,1.42E+01,3.13E+00,3.13E−01,1.44E+00,1.9E−01,12
Amphipoda,Parathemisto libellula,1.69E+01,2.98E+00,7.93E−01,1.14E+00,2.7E−01,8
Amphipoda,Primno menevillei,,3.08E+01,,1.44E+01,2.3E+00,5
Amphipoda,Pleustes panopla,,3.12E−01,,1.13E−01,2.1E–02,5
Amphipoda,Parathemisto japonica,,1.40E+00,,5.85E−01,1.1E−01,5
Amphipoda,Parathemisto japonica,,5.14E+00,,2.08E+00,3.9E−01,5
Amphipoda,Pontogenia sp.,,2.08E−01,,5.61E–02,1.33E–02,5
Amphipoda,Pontogenia sp.,,1.91E−01,,5.17E–02,1.20E–02,5
Amphipoda,Lanceola sp.,,2.71E+00,,8.51E−01,1.52E−01,5
Amphipoda,Corophium uenoi,,6.38E–02,,1.72E–02,4.78E–03,5
Amphipoda,Corophium uenoi,,5.98E–02,,1.61E–02,3.47E–03,5
Amphipoda,Vibilia propinqua,,1.02E+00,,3.33E−01,6.94E–02,5
Amphipoda,Vibilia propinqua,,1.43E+00,,5.14E−01,9.84E–02,5
Amphipoda,Vibilia propinqua,,2.32E+00,,8.51E−01,1.76E−01,5
Amphipoda,Phronima sedentaria,,9.48E+00,,2.26E+00,4.83E−01,5
Amphipoda,Hemityphis tenuimanus,,6.64E−01,,1.67E−01,3.12E–02,5
Amphipoda,Hemityphis tenuimanus,,6.49E−01,,1.62E−01,2.92E–02,5
Amphipoda,Thamneus platyrrhynchus,,4.15E+00,,1.00E+00,1.66E−01,5
Amphipoda,Oxycephalus porcellus,,1.77E+01,,4.26E+00,9.72E−01,5
Bivalvia,Bivalve larvae,,1.23E–02,,2.17E–03,4.0E−04,17
Cephalopoda,Psychroteuthis sp.,2.76E+02,6.40E+01,,3.70E+01,4.1E+00,6
Chaetognatha,sagitta elegans,,5.97E+00,,2.45E+00,7.40E−01,5
Chaetognatha,Sagitta elegans,,8.60E−01,,3.35E−01,,15
Chaetognatha,Sagitta enflata,,1.40E+00,,2.52E−01,,15
Chaetognatha,Sagitta hispida,,2.50E−01,,1.13E−01,,15
Chaetognatha,Sagitta nagae,,1.33E+00,5.60E–02,5.77E−01,1.47E−01,12
Chaetognatha,Sagitta elegans,1.01E+01,1.43E+00,6.86E–02,6.82E−01,1.53E−01,12
Chaetognatha,Sagitta nagae,1.15E+01,1.33E+00,5.59E–02,5.79E−01,1.48E−01,12
Chaetognatha,Sagitta elegans,4.25E+01,4.50E+00,4.59E−01,1.73E+00,4.67E−01,8
Chaetognatha,Sagitta elegans,4.00E+01,3.56E+00,4.77E−01,1.36E+00,4.52E−01,8
Chaetognatha,Sagitta elegans,,5.92E−01,,1.81E−01,5.86E–02,5
Chaetognatha,Sagitta elegans,,6.46E–02,,2.53E–02,7.62E–03,5
Chaetognatha,Sagitta elegans,,1.11E+00,,4.51E−01,1.29E−01,5
Chaetognatha,Sagitta minima,,1.57E−01,,5.62E–02,1.71E–02,5
Chaetognatha,Sagitta hexaptera,,1.10E+00,,3.69E−01,8.58E–02,5
Chaetognatha,Sagitta enflata,,2.45E+00,,8.92E−01,2.06E−01,5
Chaetognatha,Sagitta enflata,,3.04E−01,,1.02E−01,2.25E–02,5
Chaetognatha,Eukronia fowleri,,3.90E+00,,1.42E+00,3.47E−01,5
Cnidaria,Chrysaora hysoscella,4.02E+04,1.60E+03,,,,1
Cnidaria,Chrysaora hysoscella,8.71E+04,3.44E+03,,,,1
Cnidaria,Chrysaora hysoscella,2.72E+04,1.09E+03,8.4E+03,,,1
Cnidaria,Chrysaora hysoscella,6.15E+04,2.37E+03,,,,1
Cnidaria,Chrysaora hysoscella,7.62E+04,3.02E+03,,,,1
Cnidaria,Chrysaora hysoscella,8.81E+04,3.45E+03,2.60E+04,,,1
Cnidaria,Chrysaora hysoscella,7.61E+04,2.99E+03,,,,1
Cnidaria,Chrysaora hysoscella,2.66E+04,6.60E+02,,,,1
Cnidaria,Chrysaora hysoscella,4.23E+04,1.66E+03,1.32E+04,,,1
Cnidaria,Chrysaora hysoscella,3.41E+04,1.39E+03,,,,1
Cnidaria,Cyanea capillata,1.69E+05,7.68E+03,,,,1
Cnidaria,Cyanea capillata,2.57E+05,1.19E+04,,,,1
Cnidaria,Cyanea capillata,1.77E+05,7.69E+03,,,,1
Cnidaria,Cyanea capillata,1.09E+05,4.68E+03,,,,1
Cnidaria,Cyanea capillata,2.01E+05,8.56E+03,,,,1
Cnidaria,Cyanea capillata,2.11E+05,9.36E+03,,,,1
Cnidaria,Cyanea capillata,2.44E+04,1.10E+03,,,,1
Cnidaria,Cyanea capillata,1.24E+05,4.64E+03,,,,1
Cnidaria,Cyanea capillata,1.36E+05,5.84E+03,,,,1
Cnidaria,Cyanea capillata,1.18E+05,5.25E+03,,,,1
Cnidaria,Cyanea capillata,1.69E+05,7.45E+03,,,,1
Cnidaria,Cyanea capillata,5.51E+04,2.45E+03,,,,1
Cnidaria,Cyanea capillata,1.54E+05,6.11E+03,,,,1
Cnidaria,Cyanea capillata,2.52E+05,1.07E+04,8.10E+04,,,1
Cnidaria,Cyanea capillata,7.36E+04,2.80E+03,,,,1
Cnidaria,Cyanea capillata,6.98E+04,2.78E+03,,,,1
Cnidaria,Cyanea capillata,1.84E+05,7.30E+03,,,,1
Cnidaria,Cyanea capillata,9.97E+04,4.02E+03,2.99E+04,,,1
Cnidaria,Cyanea capillata,4.56E+04,1.82E+03,,,,1
Cnidaria,Cyanea capillata,1.98E+05,7.93E+03,6.22E+04,,,1
Cnidaria,Cyanea capillata,1.47E+05,6.00E+03,,,,1
Cnidaria,Cyanea capillata,1.19E+05,4.80E+03,,,,1
Cnidaria,Cyanea capillata,4.84E+04,2.10E+03,,,,1
Cnidaria,Cyanea capillata,8.85E+04,3.65E+03,,,,1
Cnidaria,Cyanea capillata,9.06E+04,3.72E+03,,,,1
Cnidaria,Cyanea capillata,1.88E+04,7.80E+02,,,,1
Cnidaria,Cyanea capillata,7.16E+04,3.04E+03,,,,1
Cnidaria,Rhizostoma octopus,2.41E+05,9.59E+03,8.19E+04,,,1
Cnidaria,Rhizostoma octopus,8.85E+05,3.22E+04,2.61E+05,,,1
Cnidaria,Rhizostoma octopus,7.26E+05,2.78E+04,,,,1
Cnidaria,Rhizostoma octopus,7.74E+05,3.21E+04,,,,1
Cnidaria,Rhizostoma octopus,6.02E+04,2.38E+03,,,,1
Cnidaria,Rhizostoma octopus,9.19E+04,2.73E+03,,,,1
Cnidaria,Rhizostoma octopus,3.26E+04,1.36E+03,,,,1
Cnidaria,Rhizostoma octopus,2.59E+04,9.30E+02,,,,1
Cnidaria,Rhizostoma octopus,6.90E+03,2.70E+02,,,,1
Cnidaria,Rhizostoma octopus,7.20E+03,3.40E+02,,,,1
Cnidaria,Diphyes antarctica,2.09E+03,8.50E+01,,9.35E+00,2.55E+00,6
Cnidaria,Aglantha digitale,2.64E+02,1.40E+01,7.91E+00,2.34E+00,6.02E−01,8
Cnidaria,Halicreas papillosum,,3.84E+01,,1.24E+01,2.76E+00,5
Cnidaria,Aglantha digitale,,3.70E−01,,1.12E−01,4.07E–02,5
Cnidaria,Diphyes dispar,,1.12E+00,,1.75E−01,4.61E–02,5
Cnidaria,Abyla sp.,,1.07E+01,,2.78E+00,7.17E−01,5
Copepoda,Calanus propinquus,,1.04E+00,,4.53E−01,1.30E−01,13
Copepoda,Metridia gerlachei,,2.65E−01,,1.20E−01,3.02E–02,13
Copepoda,Calanus pacificus,,3.11E−01,8.50E–03,1.82E−01,2.40E–02,12
Copepoda,Calanus cristatus,2.08E+01,3.47E+00,7.29E–02,2.11E+00,2.19E−01,12
Copepoda,Calanus cristatus,1.66E+01,2.57E+00,8.74E–02,1.00E+00,1.95E−01,12
Copepoda,Calanus cristatus,2.62E−01,8.84E+00,2.56E−01,5.22E+00,5.22E−01,12
Copepoda,Calanus plumchrus,4.55E+00,1.27E+00,2.41E–02,7.85E−01,8.89E–02,12
Copepoda,Calanus pacificus,1.28E+00,2.50E−01,1.10E–02,1.15E−01,2.80E–02,12
Copepoda,Calanus pacificus,1.46E+00,3.10E−01,1.33E–02,1.81E−01,2.42E–02,12
Copepoda,Calanus lighti,1.00E+00,1.30E−01,5.07E–03,6.24E–02,1.65E–02,12
Copepoda,Eucalanus bungii,9.08E+00,1.09E+00,3.71E–02,5.44E−01,8.28E–02,12
Copepoda,Rhincalanus nasutus,1.04E+00,1.40E−01,2.94E–03,7.31E–02,1.39E–02,12
Copepoda,Paraeuchaeta birostrata,1.75E+01,3.23E+00,6.78E–02,1.89E+00,2.29E−01,12
Copepoda,Paraeuchaeta sarsi,,1.00E−01,2.70E–03,6.66E–02,5.10E–03,12
Copepoda,Metridia okhotensis,2.72E+00,5.10E−01,1.68E–02,3.24E−01,2.96E–02,12
Copepoda,Pleuromamma xiphias,1.88E+00,2.30E−01,6.44E–03,1.09E−01,3.01E–02,12
Copepoda,Disseta palumbi,5.64E+00,5.20E−01,1.92E–02,2.65E−01,5.56E–02,12
Copepoda,Candacia aetiopica,4.20E−01,6.00E–02,1.98E–03,2.80E–02,7.56E–03,12
Copepoda,Candacia columbiae,3.10E+00,4.10E−01,2.34E–02,1.91E−01,4.59E–02,12
Copepoda,Labidocera acutifrons,2.21E+00,2.50E−01,1.60E–02,1.15E−01,3.23E–02,12
Copepoda,Pontellina plumata,2.00E−01,3.00E–02,1.02E–03,1.33E–02,3.66E–03,12
Copepoda,Calanus helgolandicus,9.77E–02,4.50E–02,,1.89E–02,3.60E–03,18
Copepoda,Calanus helgolandicus,2.79E−01,9.70E–02,,4.70E–02,8.00E–03,18
Copepoda,Calanus helgolandicus,6.75E−01,2.42E−01,,1.28E−01,1.96E–02,18
Copepoda,Calanus helgolandicus,9.37E−01,2.47E−01,,1.16E−01,2.37E–02,18
Copepoda,Calanus helgolandicus,9.99E−01,2.65E−01,,1.14E−01,2.89E–02,18
Copepoda,Calanus finmarchicus,9.05E−01,2.73E−01,,1.91E−01,1.59E–02,16
Copepoda,Calanus finmarchicus,1.04E+00,3.28E−01,,1.91E−01,1.59E–02,16
Copepoda,Calanus finmarchicus,8.77E−01,2.44E−01,,1.40E−01,1.22E–02,16
Copepoda,Calanus finmarchicus,8.23E−01,2.03E−01,,1.05E−01,1.01E–02,16
Copepoda,Calanus finmarchicus,6.08E−01,1.01E−01,,5.61E–02,6.19E–03,16
Copepoda,Calanus finmarchicus,6.63E−01,1.19E−01,,5.96E–02,7.08E–03,16
Copepoda,Calanus finmarchicus,7.60E−01,1.60E−01,,1.26E−01,5.49E–03,16
Copepoda,Calanus finmarchicus,1.06E+00,2.63E−01,,1.79E−01,1.38E–02,16
Copepoda,Calanus finmarchicus,1.08E+00,3.08E−01,,1.58E−01,1.35E–02,16
Copepoda,Calanus finmarchicus,1.10E+00,3.26E−01,,2.24E−01,1.58E–02,16
Copepoda,Calanus finmarchicus,1.13E+00,3.41E−01,,2.31E−01,1.72E–02,16
Copepoda,Calanus finmarchicus,1.04E+00,2.67E−01,,1.77E−01,1.31E–02,16
Copepoda,Calanus finmarchicus,1.02E+00,2.91E−01,,1.87E−01,1.38E–02,16
Copepoda,Calanus finmarchicus,1.13E+00,3.10E−01,,2.01E−01,1.70E–02,16
Copepoda,Calanus finmarchicus,3.47E−01,8.20E–02,,5.43E–02,4.60E–03,16
Copepoda,Calanus finmarchicus,3.31E−01,8.78E–02,,4.73E–02,3.72E–03,16
Copepoda,Calanus finmarchicus,3.70E−01,6.83E–02,,4.38E–02,3.54E–03,16
Copepoda,Calanus finmarchicus,3.43E−01,4.29E–02,,2.28E–02,2.65E–03,16
Copepoda,Calanus finmarchicus,4.29E−01,7.80E–02,,4.73E–02,4.42E–03,16
Copepoda,Calanus finmarchicus,4.68E−01,8.39E–02,,5.08E–02,7.43E–03,16
Copepoda,Calanus finmarchicus,4.52E−01,1.03E−01,,7.18E–02,6.55E–03,16
Copepoda,Calanus finmarchicus,4.05E−01,9.56E–02,,6.31E–02,4.25E–03,16
Copepoda,Calanus finmarchicus,3.86E−01,7.61E–02,,5.08E–02,3.89E–03,16
Copepoda,Calanus finmarchicus,3.86E−01,8.00E–02,,5.61E–02,8.67E–03,16
Copepoda,Calanus finmarchicus,3.98E−01,7.41E–02,,5.61E–02,2.83E–03,16
Copepoda,Calanus finmarchicus,1.28E+00,3.16E−01,,1.51E−01,1.40E–02,16
Copepoda,Calanus finmarchicus,1.15E+00,1.97E−01,,1.02E−01,1.43E–02,16
Copepoda,Calanus finmarchicus,1.12E+00,1.60E−01,,6.48E-02,1.13E–02,16
Copepoda,Calanus finmarchicus,9.83E−01,2.01E−01,,1.02E−01,8.32E–03,16
Copepoda,Calanus finmarchicus,1.08E+00,2.20E−01,,1.07E−01,8.67E–03,16
Copepoda,Calanus finmarchicus,1.20E+00,2.01E−01,,9.28E–02,1.22E–02,16
Copepoda,Calanus finmarchicus,1.13E+00,1.78E−01,,7.53E–02,1.50E–02,16
Copepoda,Calanus finmarchicus,1.04E+00,1.66E−01,,8.23E–02,1.17E–02,16
Copepoda,Calanus finmarchicus,1.22E+00,2.52E−01,,1.23E−01,1.29E–02,16
Copepoda,Calanus finmarchicus,1.29E+00,2.40E−01,,1.02E−01,1.29E–02,16
Copepoda,Calanus finmarchicus,1.14E+00,2.56E−01,,1.70E−01,1.43E–02,16
Copepoda,Calanus finmarchicus,1.34E+00,3.04E−01,,2.01E−01,1.75E–02,16
Copepoda,Calanus finmarchicus,1.44E+00,2.97E−01,,1.91E−01,1.33E–02,16
Copepoda,Calanus finmarchicus,1.15E+00,2.34E−01,,1.66E−01,1.04E–02,16
Copepoda,Calanus finmarchicus,1.03E+00,2.01E−01,,1.66E−01,1.27E–02,16
Copepoda,Paracalanus parvus,,6.79E–03,,3.00E–03,8.48E−04,17
Copepoda,Paracalanus parvus,,5.94E–03,,2.55E–03,6.70E−04,17
Copepoda,Paracalanus parvus,,4.56E–03,,2.39E–03,6.37E−04,17
Copepoda,Paracalanus parvus,,4.91E–03,,2.16E–03,4.87E−04,17
Copepoda,Paracalanus crassirostris,,8.75E−04,,4.36E−04,9.30E–05,17
Copepoda,Temora turbinata,,2.40E–02,,9.95E–03,2.63E–03,17
Copepoda,Centropages marinus,,3.03E–02,,1.42E–02,3.89E–03,17
Copepoda,Centropages marinus,,2.23E–02,,9.74E–03,2.61E–03,17
Copepoda,Centropages marinus,,1.15E–02,,5.06E–03,1.45E–03,17
Copepoda,Centropages yamadai,,1.60E–02,,6.91E–03,1.96E–03,17
Copepoda,Centropages yamadai,,1.13E–02,,5.25E–03,1.34E–03,17
Copepoda,Centropages yamadai,,7.67E–03,,3.31E–03,9.28E−04,17
Copepoda,Pontella sp.,,2.43E−01,,8.57E–02,2.43E–02,17
Copepoda,Pontellopsis tenuicauda,,5.86E–02,,2.63E–02,7.35E–03,17
Copepoda,Pontellopsis tenuicauda,,3.97E–02,,1.73E–02,4.40E–03,17
Copepoda,Labidocera bipinnata,,7.96E–02,,3.59E–02,1.18E–02,17
Copepoda,Labidocera bipinnata,,6.65E–02,,3.19E–02,1.05E–02,17
Copepoda,Calanopia thompsoni,,5.81E–02,,2.05E–02,6.68E–03,17
Copepoda,Calanopia thompsoni,,3.78E–02,,1.72E–02,4.92E–03,17
Copepoda,Acartia erythraea,,1.15E–02,,4.97E–03,1.42E–03,17
Copepoda,Acartia erythraea,,7.68E–03,,3.63E–03,1.05E–03,17
Copepoda,Acartia pacifica,,8.28E–03,,3.61E–03,1.04E–03,17
Copepoda,Corycaeus affinis,,4.39E–03,,1.88E–03,4.74E−04,17
Copepoda,Microsetella norvegica,,2.14E–03,,1.08E–03,2.21E−04,17
Copepoda,Microsetella norvegica,,1.40E–03,,7.38E−04,1.43E−04,17
Copepoda,Calanus finmarchicus female,1.46E+00,3.87E−01,3.06E–02,2.15E−01,2.95E–02,8
Copepoda,Calanus glacialis female,2.02E+00,4.10E−01,4.26E–02,1.84E−01,4.60E–02,8
Copepoda,Calanus glacialis female,2.83E+00,6.62E−01,5.83E–02,3.33E−01,6.41E–02,8
Copepoda,Calanus hyperborius female,1.23E+01,3.95E+00,2.57E−01,2.34E+00,2.82E−01,8
Copepoda,Calanus hyperboreus CV,8.12E+00,1.94E+00,1.42E−01,1.11E+00,1.43E−01,8
Copepoda,Calanus hyperboreus CV,8.54E+00,2.68E+00,1.53E−01,1.64E+00,1.80E−01,8
Copepoda,Metridia longa female,1.55E+00,3.53E−01,3.21E–02,1.67E−01,3.69E–02,8
Copepoda,Neocalanus cristatus CV,2.08E+01,3.74E+00,2.73E−01,1.89E+00,3.25E−01,7
Copepoda,Neocalanus plumchrus V+VI male,2.40E+00,4.28E−01,,2.42E−01,2.95E–02,7
Copepoda,Pseudocalanus minutus CV+VI female,9.47E–02,3.42E–02,,2.10E–02,2.29E–03,7
Copepoda,Gaidius variabilis CVI female,2.01E+00,4.24E−01,3.99E–02,2.09E−01,4.24E–02,7
Copepoda,Gaidius variabilis CV male,1.09E+00,2.42E−01,,1.19E−01,2.32E–02,7
Copepoda,Paraeuchaeta elongata VI female,1.11E+01,2.52E+00,2.02E-01,1.33E+00,2.14E−01,7
Copepoda,Paraeuchaeta elongata V,5.25E+00,1.34E+00,,7.54E−01,1.13E−01,7
Copepoda,Metridia pacifica VI female,8.67E−01,1.63E−01,9.94E–03,8.79E–02,1.24E–02,7
Copepoda,Oithona atlantica,,2.70E–03,,1.26E–03,2.65E−04,7
Copepoda,Calanus cristatus CV,,1.98E+00,,7.88E−01,2.24E−01,5
Copepoda,Calanus cristatus CV,,2.73E+00,,1.17E+00,2.98E−01,5
Copepoda,Calanus cristatus CV,,5.95E+00,,3.45E+00,5.36E−01,5
Copepoda,Calanus cristatus CV,,8.28E+00,,4.74E+00,7.70E−01,5
Copepoda,Calanus cristatus CV,,4.31E+00,,2.42E+00,3.92E−01,5
Copepoda,Calanus plumchrus,,9.90E−01,,5.69E−01,8.02E–02,5
Copepoda,Calanus plumchrus,,1.32E+00,,7.88E−01,1.12E−01,5
Copepoda,Calanus plumchrus,,1.69E+00,,9.92E−01,1.42E−01,5
Copepoda,Calanus plumchrus,,1.51E+00,,9.11E−01,1.27E−01,5
Copepoda,Calanus plumchrus,,1.35E+00,,8.29E−01,1.09E−01,5
Copepoda,Pseudocalanus elongatus CV,,2.55E–02,,1.64E–02,1.84E–03,5
Copepoda,Pseudocalanus elongatus CV,,2.72E–02,,1.81E–02,1.74E–03,5
Copepoda,Pseudocalanus elongatus CV,,2.79E–02,,1.86E–02,1.81E–03,5
Copepoda,Pseudocalanus elongatus CV,,2.77E–02,,1.75E–02,1.99E–03,5
Copepoda,Paraeuchaeta japanica female,,6.68E+00,,3.88E+00,6.01E−01,5
Copepoda,Metridia okhotensis female,,4.30E−01,,2.27E−01,3.66E–02,5
Copepoda,Metridia okhotensis female,,4.55E−01,,2.60E−01,3.82E–02,5
Copepoda,Metridia okhotensis female,,4.05E−01,,2.15E−01,3.48E–02,5
Copepoda,Eucalanus bungi,,3.60E–02,,1.47E–02,3.31E–03,5
Copepoda,Eurytemora pacifica male,,1.92E–02,,8.66E-03,2.20E–03,5
Copepoda,Eurytemora pacifica male,,2.53E–02,,1.13E–02,2.78E–03,5
Copepoda,Eurytemora pacifica female,,5.58E–02,,2.63E–02,6.91E–03,5
Copepoda,Acartia clausi,,1.24E–02,,5.43E–03,1.55E–03,5
Copepoda,Acartia clausi,,1.33E–02,,5.79E–03,1.56E–03,5
Copepoda,Acartia clausi,,1.38E–02,,6.16E–03,1.54E–03,5
Copepoda,Acartia clausi,,1.29E–02,,5.89E–03,1.37E–03,5
Copepoda,Acartia clausi,,1.36E–02,,6.19E–03,1.46E–03,5
Copepoda,Acartia clausi,,1.34E–02,,6.10E–03,1.43E–03,5
Copepoda,Oithona fallax,,5.65E–03,,2.70E–03,,5
Copepoda,Zaus sp.,,1.22E–02,,5.26E–03,1.35E–03,5
Copepoda,Calanus cristatus CV,,1.53E+00,,7.62E−01,1.29E−01,5
Copepoda,Calanus plumchrus CIV,,6.57E-01,,3.91E−01,4.99E–02,5
Copepoda,Calanus plumchrus CIV,,2.89E-01,,1.56E−01,2.40E–02,5
Copepoda,Calanus plumchrus CIV,,3.28E-01,,1.81E−01,2.59E–02,5
Copepoda,Calanus plumchrus CV,,1.03E+00,,5.93E−01,8.24E–02,5
Copepoda,Eucalanus bungii,,9.42E−01,,3.61E−01,9.14E–02,5
Copepoda,Eucalanus bungii,,1.20E+00,,4.94E−01,1.18E−01,5
Copepoda,Pseudocalanus elongatus,,1.64E–02,,7.38E–03,2.03E–03,5
Copepoda,Pseudocalanus elongatus,,1.50E–02,,6.98E–03,1.85E–03,5
Copepoda,Pseudocalanus elongatus,,1.12E–02,,5.14E–03,1.27E–03,5
Copepoda,Pseudocalanus elongatus,,1.07E–02,,4.91E–03,1.26E–03,5
Copepoda,Metridia pacifica,,3.04E–02,,1.25E–02,3.01E–03,5
Copepoda,Metridia pacifica,,2.20E−01,,1.04E−01,2.51E–02,5
Copepoda,Metridia pacifica,,2.23E−01,,9.86E–02,2.68E–02,5
Copepoda,Acartia longiremis,,1.05E–02,,4.65E–03,1.26E–03,5
Copepoda,Acartia longiremis,,1.06E–02,,4.68E–03,1.28E–03,5
Copepoda,Acartia longiremis,,1.02E–02,,4.52E–03,1.25E–03,5
Copepoda,Acartia longiremis,,1.03E–02,,4.32E–03,1.21E–03,5
Copepoda,Acartia longiremis,,9.73E–03,,4.08E–03,1.14E–03,5
Copepoda,Tortanus discaudatus,,5.03E–02,,2.21E–02,5.58E–03,5
Copepoda,Tortanus discaudatus,,1.00E−01,,4.41E–02,1.12E–02,5
Copepoda,Chirundina streetsi female,,8.32E+00,,4.63E+00,7.07E−01,5
Copepoda,Metridia princeps female,,1.05E+00,,5.04E−01,7.57E–02,5
Copepoda,Metridia princeps female,,1.19E+00,,4.65E−01,9.28E–02,5
Copepoda,Metridia princeps female,,1.12E+00,,4.59E−01,8.07E–02,5
Copepoda,Paraeuchaeta norvegica,,6.66E+00,,3.04E+00,6.19E−01,5
Copepoda,Calanus tenuicornis female,,3.69E–02,,1.46E–02,4.42E–03,5
Copepoda,Calanus plumchrus,,1.61E−01,,5.82E–02,1.29E–02,5
Copepoda,Calanus plumchrus,,3.86E−01,,1.91E−01,3.44E–02,5
Copepoda,Calanus plumchrus,,2.71E−01,,1.15E−01,2.35E–02,5
Copepoda,Calanus plumchrus,,2.63E−01,,1.12E−01,2.31E–02,5
Copepoda,Calanus plumchrus,,3.65E−01,,1.81E−01,3.29E–02,5
Copepoda,Paracalanus parvus,,5.16E–03,,1.95E–03,6.50E−04,5
Copepoda,Paracalanus parvus,,7.74E–03,,3.35E–03,9.91E−04,5
Copepoda,Pseudodiaptomus marinus,,1.85E–02,,7.31E–03,1.55E–03,5
Copepoda,Pseudodiaptomus marinus,,1.49E–02,,5.07E–03,1.51E–03,5
Copepoda,Pseudodiaptomus marinus,,1.54E–02,,5.90E–03,1.43E–03,5
Copepoda,Pseudodiaptomus marinus,,9.61E–03,,3.29E–03,7.59E−04,5
Copepoda,Pseudodiaptomus marinus,,1.87E–02,,7.44E–03,1.76E–03,5
Copepoda,Pseudodiaptomus marinus,,1.40E–02,,6.02E–03,1.80E–03,5
Copepoda,Acartia clausi,,9.27E–03,,3.87E–03,1.21E–03,5
Copepoda,Acartia clausi,,9.22E–03,,3.88E–03,1.19E–03,5
Copepoda,Acartia clausi,,1.09E–02,,4.35E–03,1.35E–03,5
Copepoda,Acartia clausi,,1.04E–02,,4.38E–03,1.03E–03,5
Copepoda,Macrosetella sp.,,1.04E–02,,4.89E–03,1.36E–03,5
Copepoda,Calanus minor V female,,5.11E–02,,2.15E–02,5.77E–03,5
Copepoda,Calanus minor V female,,5.24E–02,,2.25E–02,5.92E–02,5
Copepoda,Calanus minor V female,,4.90E–02,,2.09E–02,5.39E–02,5
Copepoda,Neocalanus gracilis female,,2.25E−01,,1.04E−01,2.14E–02,5
Copepoda,Neocalanus gracilis female,,1.67E−01,,7.05E–02,1.60E–02,5
Copepoda,Neocalanus gracilis female,,5.86E−01,,2.67E−01,6.10E–02,5
Copepoda,Neocalanus gracilis female,,6.54E−01,,3.14E−01,6.41E–02,5
Copepoda,Neocalanus gracilis female,,5.84E−01,,2.71E−01,6.07E–02,5
Copepoda,Neocalanus gracilis female,,1.84E−01,,8.06E–02,1.98E–02,5
Copepoda,Undinula darwinii V female,,6.38E–02,,2.76E–02,6.83E–03,5
Copepoda,Undinula darwinii V female,,7.36E–02,,3.18E–02,8.02E–03,5
Copepoda,Undinula vulgaris female,,2.40E−01,,1.03E−01,2.59E–02,5
Copepoda,Undinula vulgaris female,,2.26E−01,,9.68E–02,2.51E–02,5
Copepoda,Undinula vulgaris female,,2.47E−01,,1.05E−01,2.72E–02,5
Copepoda,Undinula vulgaris female,,1.97E−01,,8.02E–02,2.09E–02,5
Copepoda,Undinula vulgaris female,,2.20E−01,,9.06E–02,2.37E–02,5
Copepoda,Undinula vulgaris female,,2.14E−01,,8.55E–02,2.27E–02,5
Copepoda,Eucalanus attenuatus female,,1.47E−01,,5.83E–02,1.35E–02,5
Copepoda,Eucalanus attenuatus female,,1.25E−01,,4.88E–02,1.17E–02,5
Copepoda,Eucalanus attenuatus female,,1.84E−01,,7.32E–02,1.75E–02,5
Copepoda,Eucalanus attenuatus female,,2.41E−01,,9.21E–02,2.27E–02,5
Copepoda,Eucalanus attenuatus female,,2.78E−01,,1.09E−01,2.61E–02,5
Copepoda,Eucalanus attenuatus female,,4.08E−01,,1.93E−01,4.49E–02,5
Copepoda,Eucalanus attenuatus female,,4.07E−01,,1.87E−01,4.69E–02,5
Copepoda,Eucalanus attenuatus female,,3.85E−01,,1.74E−01,4.47E–02,5
Copepoda,Centropages brachiatus,,2.32E–02,,9.67E–03,2.35E–03,5
Copepoda,Centropages brachiatus,,2.34E–02,,9.77E–03,2.36E–03,5
Copepoda,Labidocera acuta,,2.84E−01,,1.24E−01,3.52E–02,5
Copepoda,Labidocera acuta,,2.98E−01,,1.28E−01,3.64E–02,5
Copepoda,Labidocera acuta,,2.50E−01,,1.07E−01,3.03E–02,5
Copepoda,Labidocera detruncata male,,1.41E−01,,6.18E–02,1.62E–02,5
Copepoda,Labidocera detruncata male,,1.37E−01,,5.98E–02,1.57E–02,5
Copepoda,Pontella danae,,5.83E−01,,2.40E−01,6.64E–02,5
Copepoda,Pontella danae,,8.18E−01,,3.62E−01,1.03E−01,5
Ctenophora,Beroe sp.,,4.02E+02,,3.61E+01,9.24E+00,13
Ctenophora,Mnemiopsis leidy,3.86E+03,1.29E+02,,,,9
Ctenophora,Mnemiopsis leidy,5.67E+03,1.94E+02,,,,9
Ctenophora,Mnemiopsis leidy,5.01E+03,1.66E+02,,,,9
Ctenophora,Mnemiopsis leidy,2.12E+03,7.20E+01,,,,9
Ctenophora,Mnemiopsis leidy,3.24E+03,1.09E+02,,,,9
Ctenophora,Mnemiopsis leidy,1.44E+03,5.00E+01,,,,9
Ctenophora,Mnemiopsis leidy,6.90E+03,2.30E+02,,,,9
Ctenophora,Mnemiopsis leidy,2.67E+03,9.00E+01,,,,9
Ctenophora,Mnemiopsis leidy,2.44E+03,8.40E+01,,,,9
Ctenophora,Mnemiopsis leidy,1.46E+04,4.98E+02,,,,9
Ctenophora,Mnemiopsis leidy,5.91E+03,1.78E+02,,,,9
Ctenophora,Mnemiopsis leidy,3.37E+03,1.15E+02,,,,9
Ctenophora,Mnemiopsis leidy,5.74E+03,1.96E+02,,,,9
Ctenophora,Mnemiopsis leidy,2.07E+03,7.00E+01,,,,9
Ctenophora,Mnemiopsis leidy,5.63E+03,1.90E+02,,,,9
Ctenophora,Mnemiopsis leidy,1.03E+03,3.60E+01,,,,9
Ctenophora,Mnemiopsis leidy,1.42E+03,4.90E+01,,,,9
Ctenophora,Mnemiopsis leidy,2.23E+03,7.70E+01,,,,9
Ctenophora,Mnemiopsis leidy,3.52E+03,1.20E+02,,,,9
Ctenophora,Mnemiopsis leidy,3.99E+03,1.39E+02,,,,9
Ctenophora,Mnemiopsis leidy,2.22E+03,7.60E+01,,,,9
Ctenophora,Mnemiopsis leidy,4.69E+03,1.61E+02,,,,9
Ctenophora,Mnemiopsis leidy,5.73E+03,1.86E+02,,,,9
Ctenophora,Mnemiopsis leidy,2.79E+03,9.40E+01,,,,9
Ctenophora,Mnemiopsis leidy,3.94E+03,1.31E+02,,,,9
Ctenophora,Mnemiopsis leidy,5.26E+03,1.76E+02,,,,9
Ctenophora,Mnemiopsis leidy,6.84E+03,2.31E+02,,,,9
Ctenophora,Mnemiopsis leidy,5.13E+03,1.76E+02,,,,9
Ctenophora,Mnemiopsis leidy,4.58E+03,1.49E+02,,,,9
Ctenophora,Mnemiopsis leidy,3.35E+03,1.10E+02,,,,9
Ctenophora,Mnemiopsis leidy,5.78E+03,1.88E+02,,,,9
Ctenophora,Mnemiopsis leidy,2.37E+04,7.86E+02,,,,9
Ctenophora,Mnemiopsis leidy,1.28E+04,4.24E+02,,,,9
Ctenophora,Mnemiopsis leidy,1.68E+04,5.53E+02,,,,9
Ctenophora,Mnemiopsis leidy,1.17E+04,3.82E+02,,,,9
Ctenophora,Mnemiopsis leidy,1.57E+04,5.26E+02,,,,9
Ctenophora,Mnemiopsis leidy,7.46E+03,2.47E+02,,,,9
Ctenophora,Mnemiopsis leidy,9.77E+03,3.20E+02,,,,9
Ctenophora,Mnemiopsis leidy,6.07E+03,2.01E+02,,,,9
Ctenophora,Mnemiopsis leidy,5.88E+03,2.03E+02,,,,9
Ctenophora,Mnemiopsis leidy,2.37E+03,8.20E+01,,,,9
Ctenophora,Mnemiopsis leidy,2.12E+03,7.10E+01,,,,9
Ctenophora,Mnemiopsis leidy,2.13E+03,7.40E+01,,,,9
Ctenophora,Mnemiopsis leidy,2.80E+03,9.20E+01,,,,9
Ctenophora,Mnemiopsis leidy,3.43E+03,1.13E+02,,,,9
Ctenophora,Mnemiopsis leidy,5.14E+03,1.73E+02,,,,9
Ctenophora,Mnemiopsis leidy,2.98E+03,9.40E+01,,,,9
Ctenophora,Mnemiopsis leidy,5.16E+03,1.73E+02,,,,9
Ctenophora,Mnemiopsis leidy,2.40E+03,8.60E+01,,,,9
Ctenophora,Mnemiopsis leidy,3.41E+03,1.16E+02,,,,9
Ctenophora,Mnemiopsis leidy,1.65E+03,5.50E+01,,,,9
Ctenophora,Mnemiopsis leidy,3.67E+03,1.23E+02,,,,9
Ctenophora,Mnemiopsis leidy,2.31E+03,7.70E+01,,,,9
Ctenophora,Mnemiopsis leidy,1.92E+03,6.40E+01,,,,9
Ctenophora,Mnemiopsis leidy,4.05E+03,1.34E+02,,,,9
Ctenophora,Mnemiopsis leidy,4.21E+03,1.39E+02,,,,9
Ctenophora,Mnemiopsis leidy,4.09E+03,1.37E+02,,,,9
Ctenophora,Mnemiopsis leidy,6.90E+02,2.30E+01,,,,9
Ctenophora,Mnemiopsis leidy,2.10E+03,7.00E+01,,,,9
Ctenophora,Mnemiopsis leidy,5.72E+03,1.89E+02,,,,9
Ctenophora,Mnemiopsis leidy,6.12E+03,2.05E+02,,,,9
Ctenophora,Mnemiopsis leidy,7.14E+03,2.43E+02,,,,9
Ctenophora,Mnemiopsis leidy,5.35E+03,1.82E+02,,,,9
Ctenophora,Mnemiopsis leidy,5.63E+03,1.86E+02,,,,9
Ctenophora,Mnemiopsis leidy,4.62E+03,1.52E+02,,,,9
Ctenophora,Mnemiopsis leidy,6.30E+03,2.10E+02,,,,9
Ctenophora,Mnemiopsis leidy,1.01E+03,3.50E+01,,,,9
Ctenophora,Mnemiopsis leidy,3.15E+03,1.08E+02,,,,9
Ctenophora,Mnemiopsis leidy,2.35E+03,8.00E+01,,,,9
Ctenophora,Mnemiopsis leidy,3.70E+03,1.27E+02,,,,9
Ctenophora,Mnemiopsis leidy,2.38E+03,8.00E+01,,,,9
Ctenophora,Mnemiopsis leidy,2.90E+03,9.80E+01,,,,9
Ctenophora,Mnemiopsis leidy,1.06E+03,3.70E+01,,,,9
Ctenophora,Mnemiopsis leidy,2.48E+03,8.20E+01,,,,9
Ctenophora,Mnemiopsis leidy,1.57E+04,5.33E+02,,,,9
Ctenophora,Mnemiopsis leidy,1.67E+04,5.62E+02,,,,9
Ctenophora,Mnemiopsis leidy,5.19E+03,1.27E+02,,,,9
Ctenophora,Mnemiopsis leidy,7.30E+03,2.46E+02,,,,9
Ctenophora,Mnemiopsis leidy,3.41E+03,1.13E+02,,,,9
Ctenophora,Mnemiopsis leidy,5.92E+03,1.12E+02,,,,9
Ctenophora,Mnemiopsis leidy,5.93E+03,2.00E+02,,,,9
Ctenophora,Mnemiopsis leidy,4.44E+03,1.46E+02,,,,9
Ctenophora,Mnemiopsis leidy,7.72E+03,2.57E+02,,,,9
Ctenophora,Mnemiopsis leidy,5.85E+03,1.97E+02,,,,9
Ctenophora,Mnemiopsis leidy,4.58E+03,9.00E+01,,,,9
Ctenophora,Mnemiopsis leidy,4.66E+03,8.70E+01,,,,9
Ctenophora,Mnemiopsis leidy,6.06E+03,1.99E+02,,,,9
Ctenophora,Mnemiopsis leidy,6.35E+03,2.07E+02,,,,9
Ctenophora,Mnemiopsis leidy,1.27E+04,4.22E+02,,,,9
Ctenophora,Mnemiopsis leidy,1.23E+04,4.15E+02,,,,9
Ctenophora,Mnemiopsis leidy,1.06E+04,3.58E+02,,,,9
Ctenophora,Mnemiopsis leidy,3.78E+04,1.08E+03,,,,9
Ctenophora,Mnemiopsis leidy,2.90E+04,9.35E+02,,,,9
Ctenophora,Mnemiopsis leidy,2.22E+03,8.10E+01,,,,9
Ctenophora,Mnemiopsis leidy,1.34E+04,4.43E+02,,,,9
Ctenophora,Mnemiopsis leidy,1.10E+04,3.56E+02,,,,9
Ctenophora,Mnemiopsis leidy,2.50E+03,8.20E+01,,,,9
Ctenophora,Mnemiopsis leidy,4.42E+03,1.17E+02,,,,9
Ctenophora,Mnemiopsis leidy,3.05E+03,1.00E+02,,,,9
Ctenophora,Mnemiopsis leidy,2.42E+03,9.00E+01,,,,9
Ctenophora,Mnemiopsis leidy,5.12E+03,1.74E+02,,,,9
Ctenophora,Mnemiopsis leidy,3.73E+03,1.26E+02,,,,9
Ctenophora,Mnemiopsis leidy,5.51E+03,1.82E+02,,,,9
Ctenophora,Mnemiopsis leidy,4.19E+03,1.41E+02,,,,9
Ctenophora,Mnemiopsis leidy,5.22E+03,1.76E+02,,,,9
Ctenophora,Mnemiopsis leidy,4.46E+03,1.50E+02,,,,9
Ctenophora,Mnemiopsis leidy,5.56E+03,1.88E+02,,,,9
Ctenophora,Mnemiopsis leidy,4.27E+03,1.45E+02,,,,9
Ctenophora,Mnemiopsis leidy,3.70E+03,1.26E+02,,,,9
Ctenophora,Mnemiopsis leidy,4.57E+03,1.56E+02,,,,9
Ctenophora,Mnemiopsis leidy,4.79E+03,1.60E+02,,,,9
Ctenophora,Mnemiopsis leidy,2.92E+03,9.60E+01,,,,9
Ctenophora,Mnemiopsis leidy,5.83E+03,1.93E+02,,,,9
Ctenophora,Mnemiopsis leidy,2.66E+03,9.00E+01,,,,9
Ctenophora,Mnemiopsis leidy,1.39E+04,4.65E+02,,,,9
Ctenophora,Mnemiopsis leidy,1.25E+04,4.16E+02,,,,9
Ctenophora,Mnemiopsis leidy,8.91E+03,2.93E+02,,,,9
Ctenophora,Mnemiopsis leidy,8.12E+03,2.69E+02,,,,9
Ctenophora,Mnemiopsis leidy,8.46E+03,2.87E+02,,,,9
Ctenophora,Mnemiopsis leidy,6.41E+03,2.16E+02,,,,9
Ctenophora,Mnemiopsis leidy,8.51E+03,2.90E+02,,,,9
Ctenophora,Mnemiopsis leidy,2.71E+03,9.10E+01,,,,9
Ctenophora,Mnemiopsis leidy,1.87E+03,6.70E+01,,,,9
Ctenophora,Mnemiopsis leidy,1.15E+03,3.90E+01,,,,9
Ctenophora,Mnemiopsis leidy,1.05E+03,3.80E+01,,,,9
Ctenophora,Mnemiopsis leidy,2.46E+03,8.40E+01,,,,9
Ctenophora,Beroe sp.,1.59E+04,6.27E+02,,3.32E+01,8.78E+00,6
Ctenophora,Beroe sp.,7.12E+04,2.65E+03,,1.61E+02,4.50E+01,6
Ctenophora,Mertensia sp.,2.28E+03,9.40E+01,,1.05E+01,2.26E+00,6
Ctenophora,Beroe sp.,1.67E+03,6.36E+01,4.15E+01,7.12E+00,1.91E+00,7
Ctenophora,Beroe cucumis,,1.00E+02,,1.13E+01,3.71E+00,5
Cumacea,Hemilamprops sp.,,8.73E–02,,2.57E–02,7.85E–03,5
Cumacea,Leptocuma sp.,,3.18E−01,,1.07E−01,1.78E–02,5
Cumacea,Leptocuma sp.,,2.74E−01,,9.27E–02,1.73E–02,5
Cumacea,Diastylis sp.,,3.92E+00,,1.17E+00,2.00E−01,5
Cumacea,Lamprops sp. male,,6.91E–02,,1.98E–02,3.94E–03,5
Cumacea,Lamprops sp. female,,1.12E+00,,3.37E−01,8.31E–02,5
Cumacea,Lamprops sp. female,,1.02E−01,,2.89E–02,6.29E–03,5
Cumacea,Lamprops sp. female,,8.54E–02,,2.39E–02,4.61E–03,5
Decapoda,Lucifer reynaudii,1.20E+00,1.60E−01,1.90E–02,6.58E–02,1.49E–02,12
Decapoda,Chorismus antarcticus,2.27E+03,5.93E+02,,2.42E+02,6.11E+01,6
Decapoda,Macruran mysis larva,,4.34E–02,,1.70E–02,,5
Decapoda,Crangon sp.,,4.47E−01,,2.19E−01,4.60E–02,5
Decapoda,Macruran larva,,3.51E−01,,1.43E−01,3.79E–02,5
Decapoda,Eualus gracilirostris,,4.80E−01,,1.83E−01,4.80E–02,5
Decapoda,Macruran mysis larva,,6.63E–02,,2.45E–02,5.51E–03,5
Decapoda,Brachyuran zoea,,2.51E–02,,7.16E–03,2.40E–03,5
Decapoda,Phyllosoma larva,,9.15E+01,,4.19E+01,7.59E+00,5
Decapoda,Leptochela larva,,2.87E+00,,9.16E−01,2.10E−01,5
Decapoda,Megalopa larva,,3.32E+00,,7.77E−01,1.26E−01,5
Decapoda,Megalopa larva,,8.60E+00,,2.67E+00,4.39E−01,5
Decapoda,Portunidae larva,,1.85E+00,,5.42E−01,1.15E−01,5
Decapoda,Balanus nauplius,,2.39E–03,,1.02E–03,2.45E−04,17
Decapoda,Balanus nauplius,,3.09E−04,,1.36E−04,3.40E–05,17
Decapoda,Anomuran zoea,,5.34E−01,,1.34E−01,2.82E–02,17
Decapoda,Brachyuran zoea,,5.40E−01,,1.84E−01,3.59E–02,17
Decapoda,Brachyuran zoea,,5.83E–03,,2.32E–03,5.50E−04,17
Decapoda,Hymenodora frontalis,,1.29E+01,,7.71E+00,9.45E−01,5
Euphausiacea,Euphausia tricantha,,2.28E+01,,9.39E+00,2.64E+00,13
Euphausiacea,Euphausia superba,,2.70E+01,,1.11E+01,2.97E+00,13
Euphausiacea,Euphausia superba,,7.68E+01,,3.43E+01,7.83E+00,13
Euphausiacea,Euphausia superba,,1.44E+02,,6.70E+01,1.42E+01,13
Euphausiacea,Euphausia superba,,2.38E+02,,1.13E+02,2.42E+01,13
Euphausiacea,Euphausia superba,,3.54E+02,,1.68E+02,3.64E+01,13
Euphausiacea,Euphausia pacifica,7.63E+00,1.54E+00,1.23E−01,5.96E−01,1.65E−01,12
Euphausiacea,Euphausia pacifica,6.18E+01,1.40E+01,1.19E+00,5.54E+00,1.41E+00,12
Euphausiacea,Tessarabrachion oculatus,6.77E+01,1.45E+01,1.17E+00,6.82E+00,1.45E+00,12
Euphausiacea,Thysanoessa inermis,9.82E+01,1.49E+01,1.38E+00,,,2
Euphausiacea,Thysanoessa inermis,1.10E+02,3.11E+01,,,,2
Euphausiacea,Thysanoessa inermis,1.16E+02,3.81E+01,3.81E+00,,,2
Euphausiacea,Thysanoessa inermis,7.87E+01,1.98E+01,,,,2
Euphausiacea,Thysanoessa inermis,8.87E+01,2.21E+01,2.97E+00,,,2
Euphausiacea,Thysanoessa inermis,1.14E+02,3.36E+01,3.38E+00,,,2
Euphausiacea,Thysanoessa inermis,1.03E+02,3.42E+01,3.24E+00,,,2
Euphausiacea,Thysanoessa inermis,1.05E+02,3.40E+01,3.90E+00,,,2
Euphausiacea,Thysanoessa inermis,8.99E+01,2.84E+01,,,,2
Euphausiacea,Thysanoessa inermis,7.98E+01,2.18E+01,2.96E+00,,,2
Euphausiacea,Thysanoessa inermis,8.57E+01,2.44E+01,2.77E+00,,,2
Euphausiacea,Thysanoessa inermis,8.97E+01,2.14E+01,2.43E+00,,,2
Euphausiacea,Thysanoessa inermis,8.33E+01,1.95E+01,3.05E+00,,,2
Euphausiacea,Thysanoessa inermis,1.10E+02,2.85E+01,2.84E+00,,,2
Euphausiacea,Thysanoessa inermis,1.30E+02,3.66E+01,,,,2
Euphausiacea,Thysanoessa inermis,4.90E+00,8.90E−01,1.40E−01,,,2
Euphausiacea,Thysanoessa inermis,1.10E+01,2.79E+00,4.90E−01,,,2
Euphausiacea,Thysanoessa inermis,1.61E+01,3.80E+00,5.60E−01,,,2
Euphausiacea,Thysanoessa inermis,1.57E+01,3.70E+00,5.50E−01,,,2
Euphausiacea,Thysanoessa inermis,1.58E+01,3.60E+00,6.20E−01,,,2
Euphausiacea,Thysanoessa inermis,1.64E+01,3.90E+00,5.40E−01,,,2
Euphausiacea,Thysanoessa inermis,1.77E+01,3.80E+00,5.20E−01,,,2
Euphausiacea,Thysanoessa inermis,2.09E+01,4.40E+00,4.90E−01,,,2
Euphausiacea,Thysanoessa inermis,1.87E+01,3.60E+00,9.90E−01,,,2
Euphausiacea,Thysanoessa inermis,2.51E+01,4.90E+00,7.40E−01,,,2
Euphausiacea,Thysanoessa inermis,4.89E+01,1.10E+01,,,,2
Euphausiacea,Thysanoessa inermis,6.56E+01,1.58E+01,,,,2
Euphausiacea,Thysanoessa inermis,8.05E+01,2.42E+01,,,,2
Euphausiacea,Thysanoessa raschii,6.60E+01,1.47E+01,2.16E+00,,,2
Euphausiacea,Thysanoessa raschii,8.39E+01,,,,,2
Euphausiacea,Thysanoessa raschii,9.97E+01,2.37E+01,,,,2
Euphausiacea,Thysanoessa raschii,4.21E+01,9.86E+00,,,,2
Euphausiacea,Thysanoessa raschii,5.33E+01,1.45E+01,2.17E+00,,,2
Euphausiacea,Thysanoessa raschii,8.86E+01,2.10E+01,3.19E+00,,,2
Euphausiacea,Thysanoessa raschii,6.07E+01,2.34E+01,2.94E+00,,,2
Euphausiacea,Thysanoessa raschii,7.94E+01,2.27E+01,2.74E+00,,,2
Euphausiacea,Thysanoessa raschii,8.08E+01,2.08E+01,,,,2
Euphausiacea,Thysanoessa raschii,6.76E+01,1.73E+01,1.90E+00,,,2
Euphausiacea,Thysanoessa raschii,6.92E+01,1.57E+01,2.30E+00,,,2
Euphausiacea,Thysanoessa raschii,6.11E+01,1.37E+01,1.96E+00,,,2
Euphausiacea,Thysanoessa raschii,6.39E+01,1.27E+01,1.84E+00,,,2
Euphausiacea,Thysanoessa raschii,5.31E+01,1.04E+01,3.19E+00,,,2
Euphausiacea,Thysanoessa raschii,9.30E+01,2.08E+01,,,,2
Euphausiacea,Thysanoessa raschii,5.30E+00,1.63E+00,2.60E−01,,,2
Euphausiacea,Thysanoessa raschii,1.08E+01,2.46E+00,3.80E−01,,,2
Euphausiacea,Thysanoessa raschii,1.38E+01,2.79E+00,5.50E−01,,,2
Euphausiacea,Thysanoessa raschii,9.80E+00,2.00E+00,3.50E−01,,,2
Euphausiacea,Thysanoessa raschii,1.19E+01,2.48E+00,3.90E−01,,,2
Euphausiacea,Thysanoessa raschii,9.50E+00,2.01E+00,4.00E−01,,,2
Euphausiacea,Thysanoessa raschii,9.03E+00,1.73E+00,3.30E−01,,,2
Euphausiacea,Thysanoessa raschii,9.26E+00,1.66E+00,3.60E−01,,,2
Euphausiacea,Thysanoessa raschii,8.52E+00,1.43E+00,,,,2
Euphausiacea,Thysanoessa raschii,1.89E+01,2.46E+00,5.10E−01,,,2
Euphausiacea,Thysanoessa raschii,3.37E+01,7.67E+00,1.24E+00,,,2
Euphausiacea,Thysanoessa raschii,3.33E+01,7.60E+00,,,,2
Euphausiacea,Thysanoessa raschii,3.16E+01,9.32E+00,,,,2
Euphausiacea,Meganyctiphanes norvegica,6.79E+02,1.46E+02,2.22E+01,,,2
Euphausiacea,Meganyctiphanes norvegica,6.21E+02,1.47E+02,1.74E+01,,,2
Euphausiacea,Meganyctiphanes norvegica,6.25E+02,1.61E+02,1.75E+01,,,2
Euphausiacea,Meganyctiphanes norvegica,6.31E+02,1.36E+02,2.12E+01,,,2
Euphausiacea,Meganyctiphanes norvegica,8.80E+01,2.22E+01,,,,2
Euphausiacea,Meganyctiphanes norvegica,1.20E+02,2.70E+01,,,,2
Euphausiacea,Meganyctiphanes norvegica,1.56E+02,3.65E+01,,,,2
Euphausiacea,Meganyctiphanes norvegica,2.64E+02,6.30E+01,,,,2
Euphausiacea,Meganyctiphanes norvegica,6.53E+02,1.71E+02,2.28E+01,,,2
Euphausiacea,Meganyctiphanes norvegica,6.57E+02,1.98E+02,2.65E+01,,,2
Euphausiacea,Meganyctiphanes norvegica,5.69E+02,1.62E+02,1.93E+01,,,2
Euphausiacea,Meganyctiphanes norvegica,6.86E+02,1.97E+02,2.60E+01,,,2
Euphausiacea,Meganyctiphanes norvegica,6.92E+02,1.79E+02,2.45E+01,,,2
Euphausiacea,Meganyctiphanes norvegica,6.62E+02,1.72E+02,2.45E+01,,,2
Euphausiacea,Meganyctiphanes norvegica,7.42E+02,1.73E+02,,,,2
Euphausiacea,Meganyctiphanes norvegica,7.04E+02,1.75E+02,2.83E+01,,,2
Euphausiacea,Meganyctiphanes norvegica,6.84E+02,1.71E+02,2.59E+01,,,2
Euphausiacea,Meganyctiphanes norvegica,7.21E+02,1.63E+02,2.64E+01,,,2
Euphausiacea,Meganyctiphanes norvegica,1.47E+02,3.21E+01,6.80E+00,,,2
Euphausiacea,Euphausia superba,2.29E+02,4.70E+01,,2.00E+01,5.22E+00,6
Euphausiacea,Euphausia superba,3.76E+02,7.60E+01,,3.26E+01,8.21E+00,6
Euphausiacea,Euphausia superba,4.31E+02,1.35E+02,,5.89E+01,1.43E+01,6
Euphausiacea,Euphausia superba,1.10E+03,2.42E+02,,1.06E+02,2.61E+01,6
Euphausiacea,Euphausia superba,1.45E+03,3.51E+02,,1.65E+02,3.51E+01,6
Euphausiacea,Euphausia crystallorophias,7.90E+01,1.70E+01,,7.70E+00,1.87E+00,6
Euphausiacea,Euphausia crystallorophias,2.11E+02,4.70E+01,,2.15E+01,5.17E+00,6
Euphausiacea,Euphausia crystallorophias,2.49E+02,5.00E+01,,2.19E+01,5.50E+00,6
Euphausiacea,Euphausia superba larvae,,3.76E−01,,1.34E−01,3.65E–02,11
Euphausiacea,Thysanoessa inermis,1.76E+01,4.57E+00,4.71E-01,2.21E+00,4.59E−01,8
Euphausiacea,Thysanoessa inermis,1.08E+02,3.48E+01,2.85E+00,1.93E+01,2.59E+00,8
Euphausiacea,Calyptotis larvae,,4.70E–03,,2.00E–03,5.73E−04,5
Euphausiacea,Cyrtopia larvae,,7.06E–02,,3.08E–02,7.76E–03,5
Euphausiacea,Cyrtopia larvae,,1.49E−01,,6.14E–02,1.71E–02,5
Euphausiacea,Cyrtopia larvae,,2.09E−01,,8.47E–02,2.34E–02,5
Euphausiacea,Euphausia pacifica,,8.94E+00,,3.70E+00,9.74E−01,5
Euphausiacea,Thysanoessa longipes male,,9.45E+00,,3.85E+00,9.92E−01,5
Euphausiacea,Cyrtopia larvae,,4.81E−01,,2.04E−01,4.42E–02,5
Euphausiacea,Cyrtopia larvae,,3.96E−01,,1.64E−01,3.96E–02,5
Euphausiacea,Euphausia recurva,,6.52E+00,,2.62E+00,6.85E−01,5
Euphausiacea,Euphausia diomedeae,,5.31E−01,,2.05E−01,5.95E–02,5
Euphausiacea,Euphausia diomedeae,,7.54E−01,,3.03E-01,9.04E–02,5
Euphausiacea,Euphausia diomedeae,,4.71E+00,,1.79E+00,4.52E−01,5
Euphausiacea,Euphausia tenera,,6.07E−01,,2.41E−01,6.26E–02,5
Euphausiacea,Euphausia tenera,,3.22E−01,,1.28E−01,3.06E–02,5
Euphausiacea,Euphausia tenera,,5.86E−01,,2.40E−01,5.74E–02,5
Euphausiacea,Euphausia tenera,,7.06E−01,,2.84E−01,7.34E–02,5
Euphausiacea,Euphausia tenera,,6.00E−01,,2.43E−01,6.18E–02,5
Euphausiacea,Euphausia distinguenda,,2.24E+00,,9.25E−01,2.37E−01,5
Euphausiacea,Euphausia lucens,,1.26E+00,,5.27E−01,1.32E−01,5
Euphausiacea,Euphausia lucens,,1.66E+00,,6.93E−01,1.96E−01,5
Euphausiacea,Euphausia lucens,,7.83E−01,,3.22E−01,8.69E–02,5
Euphausiacea,Euphausia pacifica,,2.36E+01,,1.10E+01,2.50E+00,5
Gastropoda,Cardiapoda sublaeviss,,1.77E+00,,5.56E−01,1.27E−01,5
Gastropoda,Cuvierina columnella,,6.52E+00,,1.25E+00,1.63E−01,5
Gastropoda,Euclio cuspidata,,6.63E+01,,1.36E+01,2.19E+00,5
Gastropoda,Cavolinia globulosa,,9.00E+01,,1.74E+01,2.52E+00,5
Gastropoda,Limacina bulimoides,,2.29E−01,,5.91E–02,8.47E–03,5
Gastropoda,Limacina bulimoides,,2.00E−01,,5.16E–02,7.20E–03,5
Gastropoda,Clionina sp.,,1.58E+01,,6.21E+00,1.28E+00,5
Gastropoda,Hydromyles globulosa,,3.85E+00,,1.45E+00,3.23E−01,5
Gastropoda,Limacina antarctica,,6.45E+00,,2.15E+00,5.22E−01,13
Gastropoda,Clione antarctica,,2.53E+01,,1.01E+01,1.95E+00,13
Gastropoda,Cleodora sulcata,,5.48E+01,,2.00E+01,4.66E+00,13
Gastropoda,Clio pyramidata,1.60E+01,4.97E+00,2.13E+00,1.01E+00,1.44E−01,12
Gastropoda,Limacina inflata,2.20E−01,8.00E–02,3.73E–02,1.36E–02,1.20E–03,12
Gastropoda,Limacina helicina,5.60E−01,1.40E−01,3.99E–02,4.06E–02,8.40E–03,12
Gastropoda,Limacina helicina,2.66E+00,5.90E−01,1.69E-01,2.19E−01,5.18E–02,8
Gastropoda,Clione limacina,2.84E+02,1.65E+01,7.69E+00,3.87E+00,7.77E−01,8
Gastropoda,Clione limacina,1.03E+03,7.64E+01,2.79E+01,2.57E+01,4.34E+00,8
Gastropoda,Limacina helicina,,5.28E−01,,1.55E−01,5.49E–02,5
Gastropoda,Clione limacina,,2.25E+01,,6.33E+00,1.37E+00,5
Gastropoda,Limacina helicina,,2.55E–02,,6.48E–03,1.74E–03,5
Gastropoda,Clione limacina,,7.10E+00,,3.69E+00,6.67E−01,5
Isopoda,Idothea metallica,,4.71E+01,,1.50E+01,2.40E+00,5
Mysidacea,Siriella aequiremis,5.25E+00,9.80E−01,1.00E−01,4.16E−01,1.08E−01,12
Mysidacea,Antarctomysis maxima,7.21E+02,1.71E+02,,7.54E+01,1.80E+01,6
Mysidacea,Mysis sp.,,1.36E+00,,5.23E−01,1.39E−01,17
Mysidacea,Mysis sp.,,1.81E+00,,6.90E−01,1.94E−01,17
Mysidacea,Mysis sp.,,1.21E+00,,4.94E−01,1.28E−01,17
Mysidacea,Mysis sp.,,2.54E−01,,1.12E−01,2.70E–02,17
Mysidacea,Meterythrops microphthalma female,8.05E+01,1.84E+01,2.40E+00,8.46E+00,1.71E+00,7
Mysidacea,Meterythrops microphthalma male,1.03E+02,1.97E+01,3.47E+00,8.12E+00,1.93E+00,7
Mysidacea,Meterythrops microphthalma juv,3.81E+01,7.54E+00,1.30E+00,3.14E+00,7.46E−01,7
Mysidacea,Eucopia sp.,,6.82E+00,,3.51E+00,5.73E−01,5
Mysidacea,Meterythrops microphthakma male,,1.15E+01,,5.27E+00,1.07E+00,5
Mysidacea,Siriella sp.,,1.11E+00,,4.35E−01,1.21E−01,5
Mysidacea,Achantomysis sp.,,1.89E+00,,7.82E−01,2.02E−01,5
Mysidacea,Acanthomysis pseudomacropsis,,2.46E+00,,1.05E+00,2.66E−01,5
Mysidacea,Acanthomysis pseudomacropsis,,2.14E+00,,9.82E−01,2.53E−01,5
Mysidacea,Siriella thompsoni,,2.60E+00,,1.00E+00,2.55E−01,5
Mysidacea,Siriella thompsoni,,4.03E+00,,1.70E+00,4.19E−01,5
Ostracoda,Conchoecia pseudodiscophora VII,1.76E−01,4.23E–02,1.07E–02,1.69E–02,3.09E–03,7
Ostracoda,Conchoecia pseudodiscophora VIII female,,2.75E–02,,1.31E–02,1.57E–03,7
Ostracoda,Philomedes interpuncta,,5.80E−01,,1.31E−01,2.73E–02,5
Phoronida,Larvae,,2.00E–02,,7.14E–03,1.82E–03,17
Polychaeta,Polychaet,,1.13E–02,,5.95E–03,1.46E–03,17
Polychaeta,Polychaet,,4.76E–03,,2.55E–03,6.20E−04,17
Polychaeta,Tomopteris carpenteri,,9.73E+00,,3.39E+00,8.47E−01,13
Polychaeta,Tomopteris carpenteri,,1.38E+02,,4.81E+01,1.14E+01,13
Polychaeta,Naiades cantrainii,,2.84E+01,,1.16E+01,2.41E+00,5
Polychaeta,Tomopteris sp.,,9.22E−01,,3.70E−01,8.58E–02,5
Protista,Alexandrium catenella,1.31E–05,,,2.32E−06,5.07E−07,10
Protista,Amphidinium asymmetricum,2.81E–05,,,4.13E−06,7.24E−07,10
Protista,Amphidinium carterae,4.70E−07,,,9.55E−08,4.71E−08,10
Protista,Amphidinium carterae,9.60E−07,,,2.59E−07,4.44E−08,10
Protista,Ceratium fusus,4.74E–05,,,3.31E−06,7.28E−07,10
Protista,Ceratocorys horrida,8.48E–05,,,1.44E–05,2.66E−06,10
Protista,Glenodinium foliaceum,8.16E−06,,,1.65E−06,3.13E−07,10
Protista,Glenodinium sp.,4.22E−07,,,1.25E−07,1.94E−08,10
Protista,Gymnodinium sanguineum,8.81E–05,,,4.45E−06,9.10E−07,10
Protista,Gymnodinium simplex,1.80E−07,,,4.78E−08,1.06E−08,10
Protista,Prorocentrum micans,1.63E–05,,,2.74E−06,7.96E−07,10
Protista,Scrippsiella trochoidea,8.47E−06,,,2.01E−06,3.99E−07,10
Protista,Bernardinium sp.,1.58E−06,,,2.23E−07,4.84E−08,10
Protista,Noctilluca scintillans,1.20E–02,,,3.53E–05,,10
Protista,Oxyrrhis marina,4.75E−06,,,4.69E−07,8.91E−08,10
Protista,Protoperidinium conicum,5.07E–05,,,2.72E−06,,10
Protista,Protoperidinium depressum,2.79E−04,,,3.02E–05,,10
Protista,Protoperidinium excentricum,2.42E–05,,,5.53E−06,,10
Protista,Protoperidinium oceanicum,1.24E−04,,,9.15E−06,,10
Protista,Protoperidinium pellucidum,1.06E−04,,,8.13E−06,,10
Protista,Strobilidium sp.,2.34E–05,,,3.89E−06,,14
Protista,Strobilidium sp.,2.40E–05,,,2.59E−06,,14
Protista,Strobilidium sp.,2.79E–05,,,3.24E−06,,14
Protista,Strobilidium sp.,3.57E–05,,,3.24E−06,,14
Protista,Strombidium capitatum,3.38E–05,,,5.41E−06,,14
Protista,Strombidium capitatum,4.09E–05,,,5.84E−06,,14
Protista,Strombidium capitatum,4.55E–05,,,7.35E−06,,14
Protista,Strombidium capitatum,4.87E–05,,,8.00E−06,,14
Protista,Strombidium capitatum,5.20E–05,,,6.92E−06,,14
Protista,Laboea strobila,7.73E–05,,,1.36E–05,,14
Protista,Laboea strobila,1.69E−04,,,2.03E–05,,14
Protista,Laboea strobila,1.19E−04,,,1.90E–05,,14
Protista,Strobilidium spiralis,9.29E–05,,,1.92E–05,,14
Protista,Strobilidium spiralis,9.29E–05,,,1.84E–05,,14
Protista,Strobilidium spiralis,9.81E–05,,,1.82E–05,,14
Protista,Strobilidium spiralis,1.05E−04,,,1.71E–05,,14
Protista,Strobilidium spiralis,1.09E−04,,,1.82E–05,,14
Protista,Noctiluca scintillans,1.00E−01,1.10E–03,2.53E–05,5.42E−04,6.38E–05,12
Stomatopoda,Coroniderichthus larvae,,2.02E+01,,8.20E+00,1.56E+00,5
Stomatopoda,Alima larvae,,3.50E+00,,1.40E+00,3.01E−01,5
Tanaidacea,Tanais sp.,,1.46E−01,,4.88E–02,1.05E–02,5
Tunicata,Ihlea racovitzai,,1.09E+01,,1.10E+00,3.05E−01,13
Tunicata,Salpa thompsoni,,1.15E+02,,5.39E+00,1.38E+00,13
Tunicata,Salpa thompsoni aggregate,2.62E+02,6.78E+00,,3.50E−01,8.53E–02,4
Tunicata,Salpa thompsoni aggregate,4.97E+02,1.40E+01,,7.72E−01,1.93E−01,4
Tunicata,Salpa thompsoni aggregate,4.69E+02,1.38E+01,9.28E+00,9.21E−01,2.38E−01,4
Tunicata,Salpa thompsoni aggregate,5.23E+02,1.21E+01,,8.70E−01,2.11E−01,4
Tunicata,Salpa thompsoni aggregate,4.62E+02,1.31E+01,,9.92E−01,2.62E−01,4
Tunicata,Salpa thompsoni aggregate,9.44E+02,2.75E+01,1.92E+01,,,4
Tunicata,Salpa thompsoni aggregate,8.31E+02,2.24E+01,,1.66E+00,4.16E−01,4
Tunicata,Salpa thompsoni aggregate,6.76E+02,1.89E+01,1.23E+01,,,4
Tunicata,Salpa thompsoni aggregate,1.10E+03,2.77E+01,,1.81E+00,4.82E−01,4
Tunicata,Salpa thompsoni aggregate,1.25E+03,3.72E+01,2.60E+01,2.11E+00,5.21E−01,4
Tunicata,Salpa thompsoni aggregate,1.36E+03,4.38E+01,3.05E+01,2.67E+00,6.80E−01,4
Tunicata,Salpa thompsoni aggregate,2.37E+03,7.98E+01,5.87E+01,3.50E+00,8.36E−01,4
Tunicata,Salpa thompsoni aggregate,1.43E+03,4.55E+01,3.27E+01,2.84E+00,7.25E−01,4
Tunicata,Salpa thompsoni aggregate,1.47E+03,4.32E+01,3.10E+01,2.82E+00,7.40E−01,4
Tunicata,Salpa thompsoni aggregate,3.04E+03,9.80E+01,7.23E+01,4.39E+00,1.05E+00,4
Tunicata,Salpa thompsoni aggregate,3.14E+03,1.10E+02,7.89E+01,6.26E+00,1.27E+00,4
Tunicata,Salpa thompsoni aggregate,2.11E+03,6.42E+01,4.38E+01,3.69E+00,9.86E−01,4
Tunicata,Salpa thompsoni aggregate,4.10E+03,1.21E+02,8.45E+01,9.36E+00,2.39E+00,4
Tunicata,Salpa thompsoni aggregate,4.91E+03,1.72E+02,1.23E+02,1.01E+01,2.64E+00,4
Tunicata,Salpa thompsoni aggregate,4.48E+03,1.38E+02,9.66E+01,7.84E+00,1.93E+00,4
Tunicata,Salpa thompsoni aggregate,3.02E+03,1.05E+02,7.44E+01,5.92E+00,1.54E+00,4
Tunicata,Salpa thompsoni aggregate,3.94E+03,1.33E+02,9.24E+01,7.77E+00,1.95E+00,4
Tunicata,Salpa thompsoni aggregate,5.35E+03,1.63E+02,1.15E+02,1.02E+01,2.65E+00,4
Tunicata,Salpa thompsoni aggregate,5.33E+03,1.73E+02,1.20E+02,9.39E+00,2.48E+00,4
Tunicata,Salpa thompsoni aggregate,4.94E+03,1.66E+02,1.13E+02,1.17E+01,3.02E+00,4
Tunicata,Salpa thompsoni aggregate,6.63E+03,2.11E+02,1.47E+02,1.31E+01,3.36E+00,4
Tunicata,Salpa thompsoni aggregate,6.24E+03,2.12E+02,1.54E+02,1.07E+01,2.76E+00,4
Tunicata,Salpa thompsoni aggregate,6.41E+03,2.23E+02,1.54E+02,1.48E+01,3.66E+00,4
Tunicata,Salpa thompsoni aggregate,1.22E+04,4.33E+02,3.15E+02,2.07E+01,4.91E+00,4
Tunicata,Salpa thompsoni aggregate,7.19E+03,2.49E+02,1.77E+02,1.41E+01,3.66E+00,4
Tunicata,Salpa thompsoni aggregate,1.52E+04,5.53E+02,3.95E+02,3.18E+01,8.28E+00,4
Tunicata,Salpa thompsoni solitary,9.41E+02,2.93E+01,,1.49E+00,3.88E-01,4
Tunicata,Salpa thompsoni solitary,2.12E+03,7.28E+01,,3.99E+00,1.04E+00,4
Tunicata,Salpa thompsoni solitary,4.92E+03,1.52E+02,1.02E+02,1.06E+01,2.82E+00,4
Tunicata,Salpa thompsoni solitary,1.15E+04,4.31E+02,3.12E+02,2.18E+01,5.40E+00,4
Tunicata,Salpa thompsoni solitary,1.84E+04,6.92E+02,5.04E+02,3.36E+01,8.70E+00,4
Tunicata,Salpa thompsoni solitary,3.48E+04,1.27E+03,9.74E+02,4.17E+01,9.85E+00,4
Tunicata,Salpa Thompsoni,1.25E+04,4.88E+02,,2.29E+01,4.88E+00,6
Tunicata,Salpa Thompsoni,3.26E+04,1.31E+03,,5.52E+01,1.31E+01,6
Tunicata,Oikopleura dioica,,3.49E-03,,1.61E–03,4.30E-04,17
Tunicata,Salpa thompsoni,1.68E+03,7.19E+01,5.25E+01,2.44E+00,5.10E−01,3
Tunicata,Thetys vagina solitary,,8.48E+02,,3.90E+01,3.39E+00,5
