"source_label","native_key","raw_citation","raw_doi","n_records","role","parsed_author1","parsed_year","parsed_title","parsed_container","parsed_volume","parsed_pages","doi","bibcite","cite_id","match_status","match_reason","services","title_sim","author_match","year_match","container_match","volume_match","pages_match","openalex_id","is_retracted","editorial_notice","verified_at","tool_version","decided_by","decided_at","notes"
"Kiorboe_2013","1","Doyle, T. K., J. D. R. Houghton, R. McDevitt, J. Davenport, and G. C. Hays. 2007. The energy density of jellyfish: Estimates from bomb-calorimetry and proximate-composition. J. Exp. Mar. Biol. Ecol. 343: 239–252.",,47,"measurement","Doyle",2007,"The energy density of jellyfish: Estimates from bomb-calorimetry and proximate-composition","J. Exp. Mar. Biol. Ecol","343","239-252","10.1016/j.jembe.2006.12.010",,,"certain","two_service_agreement","crossref;openalex;consensus-mcp",1,TRUE,TRUE,TRUE,TRUE,TRUE,"https://openalex.org/W2051884577",FALSE,,"2026-10-04T22:57:28Z","tbmcite 0.1.0",,,
"Kiorboe_2013","2","Falk-Petersen, S. 1981. Ecological investigations on the zooplakton community of Balsfjorden, Northern Norway: Seasonal changes in body weight and the main biochemical composition of Thysanoessa inermis (Krøyer), T. raschii (M. Sars), and Meganyctiphanes norvegica (M. Sars) in relation to environmental factors. J. Exp. Mar. Biol. Ecol. 49: 103–120.",,75,"measurement","Falk-Petersen",1981,"Ecological investigations on the zooplakton community of Balsfjorden, Northern Norway: Seasonal changes in body weight and the main biochemical composition of Thysanoessa inermis (Kroyer), T. raschii (M. Sars), and Meganyctiphanes norvegica (M. Sars) in relation to environmental factors","J. Exp. Mar. Biol. Ecol","49","103-120","10.1016/0022-0981(81)90065-4",,,"pending","weak_match","crossref;openalex;consensus-mcp",0.9223,TRUE,TRUE,TRUE,TRUE,TRUE,"https://openalex.org/W2052332368",FALSE,,"2026-10-04T23:01:18Z","tbmcite 0.1.0",,,
"Kiorboe_2013","3","Huntley, M., P. F. Sykes, and V. Marin. 1989. Biometry and trophodynamics of Salpa thompsoni foxton (Tunicata: Thaliacea) near the Antarctic Peninsula in austral summer, 1983–1984. Polar Biol. 10: 59–70.",,1,"measurement","Huntley",1989,"Biometry and trophodynamics of Salpa thompsoni foxton (Tunicata: Thaliacea) near the Antarctic Peninsula in austral summer, 1983-1984","Polar Biol","10","59-70","10.1007/bf00238291",,,"certain","two_service_agreement","crossref;openalex;consensus-mcp",1,TRUE,TRUE,TRUE,TRUE,FALSE,"https://openalex.org/W2068400638",FALSE,,"2026-10-04T22:57:28Z","tbmcite 0.1.0",,,
"Kiorboe_2013","4","Iguchi, N., and T. Ikeda. 2004. Metabolism and elemental composition of aggregate and solitary forms of Salpa thompsoni (Tunicata: Thaliacea) in waters off the Antarctic Peninsula during austral summer 1999. J. Plankton Res. 26: 1025–1037.",,37,"measurement","Iguchi",2004,"Metabolism and elemental composition of aggregate and solitary forms of Salpa thompsoni (Tunicata: Thaliacea) in waters off the Antarctic Peninsula during austral summer 1999","J. Plankton Res","26","1025-1037","10.1093/plankt/fbh093",,,"certain","two_service_agreement","crossref;openalex;consensus-mcp",1,TRUE,TRUE,TRUE,TRUE,TRUE,"https://openalex.org/W2154538769",FALSE,,"2026-10-04T22:57:28Z","tbmcite 0.1.0",,,
"Kiorboe_2013","5","Ikeda, T. 1974. Nutritional ecology of marine zooplankton. Memoirs of the Faculty of Fisheries, Hokkaido University 22: 1–97.",,153,"measurement","Ikeda",1974,"Nutritional ecology of marine zooplankton","Memoirs of the Faculty of Fisheries, Hokkaido University","22","1-97","10.21776/ub.ecsofim.2016.004.01.03",,,"pending","grey_literature","crossref;openalex",0.3305,FALSE,FALSE,FALSE,FALSE,FALSE,"https://openalex.org/W2553263665",FALSE,,"2026-10-04T23:01:18Z","tbmcite 0.1.0",,,
"Kiorboe_2013","6","———, and B. Bruce. 1986. Metabolic activity and elemental composition of krill and other zooplankton from Prydz Bay, Antarctica, during early summer (November–December). Mar. Biol. 92: 545–555.",,13,"measurement","Ikeda",1986,"Metabolic activity and elemental composition of krill and other zooplankton from Prydz Bay, Antarctica, during early summer (November-December)","Mar. Biol","92","545-555","10.1007/bf00392514",,,"certain","two_service_agreement","crossref;openalex;consensus-mcp",1,TRUE,TRUE,TRUE,TRUE,TRUE,"https://openalex.org/W2037357551",FALSE,,"2026-10-04T22:57:28Z","tbmcite 0.1.0",,,
"Kiorboe_2013","7","———, and K. Hirakawa. 1998. Metabolism and body composition of zooplankton from the mesopelagic zone of southern Japan Sea. Plankton Biol. Ecol. 45: 31–44.",,10,"measurement","Ikeda",1998,"Metabolism and body composition of zooplankton from the mesopelagic zone of southern Japan Sea","Plankton Biol. Ecol","45","31-44","10.1016/0198-0149(88)90121-5",,,"not_found","below_threshold","crossref;openalex",0.5929,TRUE,FALSE,FALSE,FALSE,FALSE,"https://openalex.org/W1972618384",FALSE,,"2026-10-04T23:01:18Z","tbmcite 0.1.0",,,
"Kiorboe_2013","8","———, and H. R. Skjoldal. 1989. Metabolism and elemental composition of zooplankton from the Barents Sea during early arctic summer. Mar. Biol. 100: 173–183.",,14,"measurement","Ikeda",1989,"Metabolism and elemental composition of zooplankton from the Barents Sea during early arctic summer","Mar. Biol","100","173-183","10.1007/bf00391956",,,"certain","two_service_agreement","crossref;openalex;consensus-mcp",1,TRUE,TRUE,TRUE,TRUE,TRUE,"https://openalex.org/W2059625457",FALSE,,"2026-10-04T22:57:28Z","tbmcite 0.1.0",,,
"Kiorboe_2013","9","Kremer, P. 1976. The ecology of the ctenophore Mnemiopsis leidyi in Narragansett Bay. Ph.D. thesis, Univ. of Rhode Island.",,126,"measurement","Kremer",1976,"The ecology of the ctenophore Mnemiopsis leidyi in Narragansett Bay","Ph.D. thesis, Univ. of Rhode Island",,,"10.23860/diss-2825",,,"pending","unscreened","crossref;openalex;none",1,TRUE,FALSE,TRUE,FALSE,FALSE,"https://openalex.org/W4408143164",FALSE,"screening:none (no service answered; stays pending)","2026-10-04T23:01:18Z","tbmcite 0.1.0",,,
"Kiorboe_2013","10","Menden-Deuer, S., and E. J. Lessard. 2000. Carbon to volume relationships for dinoflagellates, diatoms, and other protist plankton. Limnol. Oceanogr. 45: 569-579.",,18,"measurement","Menden-Deuer",2000,"Carbon to volume relationships for dinoflagellates, diatoms, and other protist plankton","Limnol. Oceanogr","45","569-579","10.4319/lo.2000.45.3.0569",,,"certain","two_service_agreement","crossref;openalex;consensus-mcp",1,TRUE,TRUE,TRUE,TRUE,TRUE,"https://openalex.org/W2143182887",FALSE,,"2026-10-04T22:57:28Z","tbmcite 0.1.0",,,
"Kiorboe_2013","12","Omori, M. 1969. Weight and chemical composition of some important oceanic zooplankton in the North Pacific. Mar. Biol. 3: 4–10.",,34,"measurement","Omori",1969,"Weight and chemical composition of some important oceanic zooplankton in the North Pacific","Mar. Biol","3","4-10","10.1007/bf00355587",,,"certain","two_service_agreement","crossref;openalex;consensus-mcp",0.9438,TRUE,TRUE,TRUE,TRUE,TRUE,"https://openalex.org/W1989975939",FALSE,,"2026-10-04T22:57:28Z","tbmcite 0.1.0",,,
"Kiorboe_2013","13","———, and T. Ikeda. 1984. Methods in marine zooplankton ecology. John Wiley & Sons.",,19,"measurement","Omori",1984,"Methods in marine zooplankton ecology","John Wiley & Sons",,,"10.1086/414654",,,"pending","weak_match","crossref;openalex",0.7078,FALSE,TRUE,FALSE,FALSE,FALSE,"https://openalex.org/W2516735864",FALSE,,"2026-10-04T23:01:18Z","tbmcite 0.1.0",,,
"Kiorboe_2013","14","Putt, M., and D. K. Stoecker. 1989. Experimentally determined carbon: volume ratio for marine ""oligotrichous"" ciliates from estuarine and coastal waters. Limnol. Oceanogr. 34: 1097–1103.",,13,"measurement","Putt",1989,"Experimentally determined carbon: volume ratio for marine ""oligotrichous"" ciliates from estuarine and coastal waters","Limnol. Oceanogr","34","1097-1103","10.4319/lo.1989.34.6.1097",,,"pending","weak_match","crossref;openalex;consensus-mcp",0.9168,TRUE,TRUE,TRUE,TRUE,TRUE,"https://openalex.org/W1986098491",FALSE,,"2026-10-04T23:01:18Z","tbmcite 0.1.0",,,
"Kiorboe_2013","15","Reeve, M. R. 1980. Comparative experimental studies of the feeding of chaetognaths and ctenophores. J. Plankton Res. 2: 381–393.",,3,"measurement","Reeve",1980,"Comparative experimental studies of the feeding of chaetognaths and ctenophores","J. Plankton Res","2","381-393","10.1093/plankt/2.4.381",,,"certain","two_service_agreement","crossref;openalex;consensus-mcp",0.9827,TRUE,TRUE,TRUE,TRUE,TRUE,"https://openalex.org/W2092750454",FALSE,,"2026-10-04T22:57:28Z","tbmcite 0.1.0",,,
"Kiorboe_2013","16","Tande, K. S. 1982. Ecological Investigations on the zooplankton community of Balsfjorden, Northern Norway: Generation cycles, and variations in body weight and body content of carbon and nitrogen related to overwintering and reproduction in the copepod Calanus finmarchicus (Gunnerus). J. Exp. Mar. Biol. Ecol. 62: 129–142.",,40,"measurement","Tande",1982,"Ecological Investigations on the zooplankton community of Balsfjorden, Northern Norway: Generation cycles, and variations in body weight and body content of carbon and nitrogen related to overwintering and reproduction in the copepod Calanus finmarchicus (Gunnerus)","J. Exp. Mar. Biol. Ecol","62","129-142","10.1016/0022-0981(82)90087-9",,,"certain","two_service_agreement","crossref;openalex;consensus-mcp",1,TRUE,TRUE,TRUE,TRUE,TRUE,"https://openalex.org/W1970031593",FALSE,,"2026-10-04T22:57:28Z","tbmcite 0.1.0",,,
"Kiorboe_2013","17","Uye, S.-I. 1982. Length-weight relationships of important zooplankton from the Inland Sea of Japan. J. Oceanogr. Soc. Japan 38: 149–158.",,25,"measurement","Uye",1982,"Length-weight relationships of important zooplankton from the Inland Sea of Japan","J. Oceanogr. Soc. Japan","38","149-158","10.1007/bf02110286",,,"certain","two_service_agreement","crossref;openalex;consensus-mcp",1,TRUE,TRUE,TRUE,TRUE,TRUE,"https://openalex.org/W2058619707",FALSE,,"2026-10-04T22:57:28Z","tbmcite 0.1.0",,,
"Kiorboe_2013","18","Williams, R., and D. B. Robins. 1982. Effects of preservation on wet weight, dry weight, nitrogen and carbon contents of Calanus helgolandicus (Crustacea: Copepoda). Mar. Biol. 71: 271–281.",,5,"measurement","Williams",1982,"Effects of preservation on wet weight, dry weight, nitrogen and carbon contents of Calanus helgolandicus (Crustacea: Copepoda)","Mar. Biol","71","271-281","10.1007/bf00397044",,,"pending","ambiguous","crossref;openalex;consensus-mcp",1,TRUE,TRUE,TRUE,TRUE,TRUE,"https://openalex.org/W2022680369",FALSE,,"2026-10-04T23:01:18Z","tbmcite 0.1.0",,,
