key,name_in_sheet,citation,doi,link,notes
Baba_K. 2000,Bába_K. 2000,Data on the terrestrial snails found in loess-formations of Mezőföld. Malakológiai Tájékoztató 18 91-98.,,https://real.mtak.hu/140470/1/12BABALOESS.PDF,
Golley Petrusewicz and Ryszowski 2009,Golley Petrusewicz and Ryszowski 2009,Small Mammals: Their productivity and population dynamics 2009. International Biological Programme Synthesis Series 5.,,ISBN: 9780521116060,
AVONET,AVONET,Tobias  J.A.  Sheard  C.  Pigot  A.L.  Devenish  A.J.M.  Yang  J.  Sayol  F.  et al. (2022) AVONET: morphological  ecological and geographical data for all birds. Ecology Letters  25  581–597. https://doi.org/10.1111/ele.13898,10.1111/ele.13898,https://doi.org/10.1111/ele.13898,
Handbuch der Vogel Mitteleuropas,Handbuch der Vögel Mitteleuropas,Glutz von Blotzheim_ U. & K. Bauer (1997): Handbuch der Vögel Mitteleuropas,,ISBN: 3891040202; 9783891040201,
EltonTraits,EltonTraits,Wilman  H.  Belmaker  J.  Simpson  J.  de la Rosa  C.  Rivadeneira  M.M. and Jetz  W. (2014)  EltonTraits 1.0: Species-level foraging attributes of the world's birds and mammals. Ecology  95: 2027-2027. https://doi.org/10.1890/13-1917.1,10.1890/13-1917.1,https://doi.org/10.1890/13-1917.1,
Jedrzejewska_B. and Jedrzejewski_W. 1998,Jędrzejewska_B. and Jędrzejewski_W. 1998,Predation in Vertebrate Communities: The Bialowieza Primeval Forest as a Case Study,10.1007/978-3-662-35364-6,https://doi.org/10.1007/978-3-662-35364-6,
Norberg_R.A. 1978,Norberg_R.Å. 1978,Norberg  R. Å. (1978). Energy Content of Some Spiders and Insects on Branches of Spruce (Picea abies) in Winter; Prey of Certain Passerine Birds. Oikos  31(2)  222–229. https://doi.org/10.2307/3543566,10.2307/3543566,https://doi.org/10.2307/3543566,
Chown_S.L. et al. 2007,Chown_S.L. et al. 2007,Chown  S. L.  Marais  E.  J. S. Terblanche  Klok  C. J.  Lighton  J. R. B.  & Blackburn  T. M. (2007). Scaling of Insect Metabolic Rate Is Inconsistent with the Nutrient Supply Network Model. Functional Ecology  21(2)  282–290. http://www.jstor.org/stable/4139364,,https://www.jstor.org/stable/4139364,
Snow_N.P. et al. 2025,Snow_N.P. et al. 2025,Snow  N.P.  Koriakin  K.J.  Lavelle  M.J. et al. Visually estimating body mass of wild pigs. Sci Rep 15  42292 (2025). https://doi.org/10.1038/s41598-025-22857-8,10.1038/s41598-025-22857-8,https://doi.org/10.1038/s41598-025-22857-8,
Rendon_D. et al. 2019,Rendon_D. et al. 2019,Does prey encounter and nutrient content affect prey selection in wolf spiders inhabiting Bt cotton fields?,10.1371/journal.pone.0210296,https://doi.org/10.1371/journal.pone.0210296; https://datadryad.org/dataset/doi:10.5061/dryad.pm8p741,
Edwards_R.L. 1993,Edwards_R.L. 1993,Edwards  Robert L.  Can the Species Richness of Spiders be Determined?  Psyche: A Journal of Entomology  100  020674  24 pages  1993. https://doi.org/10.1155/1993/20674,10.1155/1993/20674,https://doi.org/10.1155/1993/20674,
James_F.C. and Rathburn_S. 1981,James_F.C. and Rathburn_S. 1981,"James_Frances C. and Rathbun_Stephen (1981) ""Rarefaction Relative Abundance and Diversity of Avian Communities"" The Auk: Vol. 98: Iss. 4 Article 11.",,https://digitalcommons.usf.edu/auk/vol98/iss4/11,
Siemann_E. Tilman_D. and Haarstad_J. 1999,Siemann_E. Tilman_D. and Haarstad_J. 1999,Siemann  E.  Tilman  D. and Haarstad  J. (1999)  Abundance  diversity and body size: patterns from a grassland arthropod community. Journal of Animal Ecology  68: 824-835. https://doi.org/10.1046/j.1365-2656.1999.00326.x,10.1046/j.1365-2656.1999.00326.x,https://doi.org/10.1046/j.1365-2656.1999.00326.x,
PREDICTS,PREDICTS,Lawrence Hudson; Tim Newbold; Sara Contu; Samantha L L Hill et al. (2015). PREDICTS: site-level summary biodiversity and pressure data [Data set]. Natural History Museum.,10.5519/0018993,https://doi.org/10.5519/0018993,data is directly available online following the provided link; data processing assistance is available at https://timnewbold.github.io/PredictsIntroduction.html#introduction
Sheftel_B. and Hanska_I. 2002,Sheftel_B. and Hanska_I. 2002,Sheftel  B.I.  Hanska  I. Species richness  relative abundances and habitat use in local assemblages ofSorex shrews in Eurasian boreal forests. Acta Theriol 47 (Suppl 1)  69–79 (2002).,10.1007/BF03192480,https://doi.org/10.1007/BF03192480,
Niedzialkowska_M et al. 2010,Niedziałkowska_M et al. 2010,Niedziałkowska  M.  Kończak  J.  Czarnomska  S.  & Jędrzejewska  B. (2010). Species diversity and abundance of small mammals in relation to forest productivity in northeast Poland. Écoscience  17(1)  109–119. https://doi.org/10.2980/17-1-3310,10.2980/17-1-3310,https://doi.org/10.2980/17-1-3310,
Sekgororoane_G.B. and Dilworth_ T.G. 1995,Sekgororoane_G.B. and Dilworth_ T.G. 1995,G. B. Sekgororoane and T. G. Dilworth. 1995. Relative abundance  richness  and diversity of small mammals at induced forest edges. Canadian Journal of Zoology. 73(8): 1432-1437. https://doi.org/10.1139/z95-168,10.1139/z95-168,https://doi.org/10.1139/z95-168,
Feng_J. et al. 2021,Feng_J. et al. 2021,Feng J  Sun Y  Li H  et al. Assessing mammal species richness and occupancy in a Northeast Asian temperate forest shared by cattle. Divers Distrib. 2021;27:857–872. https://doi.org/10.1111/ddi.13237,10.1111/ddi.13237,https://doi.org/10.1111/ddi.13237,
Gomes_V. Ribeiro_R and Carretero_M.A. 2011,Gomes_V. Ribeiro_R and Carretero_M.A. 2011,Gomes  V.  Ribeiro  R. & Carretero  M.A. Effects of urban habitat fragmentation on common small mammals: species versus communities. Biodivers Conserv 20  3577–3590 (2011).,10.1007/s10531-011-0149-2,https://doi.org/10.1007/s10531-011-0149-2,
Stiegler_J. et al. 2020,Stiegler_J. et al. 2020,Stiegler  J.  C.vonHoermann  J.Müller  M. E.Benbow  and M.Heurich. 2020. Carcass provisioning for scavenger conservation in a temperate forest ecosystem. Ecosphere11(4):e03063. 10.1002/ecs2.3063,10.1002/ecs2.3063,https://doi.org/10.1002/ecs2.3063,
Hilmers_N. et al. 2018,Hilmers_N. et al. 2018,Hilmers T  Friess N  Bässler C et al. Biodiversity along temperate forest succession. J Appl Ecol. 2018;55:2756–2766. https://doi.org/10.1111/1365-2664.13238,10.1111/1365-2664.13238,https://doi.org/10.1111/1365-2664.13238,
James_F.C. and Wamer_N.O. 1982,James_F.C. and Wamer_N.O. 1982,James  F.C. and Wamer  N.O. (1982)  Relationships between Temperate Forest Bird Communities and Vegetation Structure. Ecology  63: 159-171. https://doi.org/10.2307/1937041,10.2307/1937041,https://doi.org/10.2307/1937041,
