"study","size_ref","location","method","n_rows","n_species","n_shared","median_log10_ratio","iqr_log10_ratio","unit_class","proposed_action","factor","evidence","refs"
"Cattin Blandenier (2004)","Cattin Blandenier (2004)","Country: Switzerland; Lake Neuchâtel","measurement; published account; regression",9235,203,64,-0.75,0.68,"g_wet","keep","1","Grand Caricaie marsh; measurement; published account; regression; ratio -0.75 (n=64) with every life stage included (juveniles/larvae/immature 28 % of rows: no life-stage filter in data_retrieve.r) versus -0.06 for the same web in GATEWAy with the adult filter; suggested: add the GATEWAy life-stage filter to data_retrieve.r","Brose et al. 2005 Ecology 86:2545 doi:10.1890/05-0379 (Ecological Archives E086-135, bodysizes_2008.txt)"
"Jonsson et al. (2004) ","Jonsson et al. (2004) ","Country: United States of America; UTM: 89.32'W, 46.13'N; Tuesday Lake, Michigan ","measurement",618,26,12,-0.65,0.58,"g_wet","keep","1","Tuesday Lake; measurement; kg fresh weight in the source (Cohen et al. 2003 PNAS); ratio -0.65 (n=12)","Brose et al. 2005 Ecology 86:2545 doi:10.1890/05-0379 (Ecological Archives E086-135, bodysizes_2008.txt) ; Cohen et al. 2003 PNAS 100:1781 doi:10.1073/pnas.232715699"
"Ledger, Edwards & Woodward unpublished","Ledger, Edwards & Woodward unpublished","Country: United Kingdom; the River Frome, Dorset;  UTM: 50.40'N, 2.11'W","regression",225,24,7,-1.52,0.64,"dry_or_afdw","undecided","1/dw_per_ww by group (ToWetMass from='dry': insect 0.35, invertebrate 0.2144, mollusc 0.1972, annelid 0.1769, fish 0.2415)","Mill Stream (River Frome); body mass based on species-specific length-mass regressions (Woodward group, dry mass elsewhere in the file); ratio -1.52 (n=7: Gammarus pulex 0.39 mg, Asellus 0.46 mg, Theodoxus 0.83 mg); 30 % larvae; suggested: life-stage filter then convert_dry, or drop (24 spp)","Brose et al. 2005 Ecology 86:2545 doi:10.1890/05-0379 (Ecological Archives E086-135, bodysizes_2008.txt)"
"Pinnegar et al. 2003","Pinnegar et al. 2003","Europe, Celtic Sea ecosystem","regression",364,45,45,-0.34,0.6,"g_wet","keep","1","Celtic Sea fish predators and prey from stomach contents; regression; ratio -0.34 (n=45 fish)","Brose et al. 2005 Ecology 86:2545 doi:10.1890/05-0379 (Ecological Archives E086-135, bodysizes_2008.txt)"
"Woodward & Hildrew (2001); Woodward et al., in press.","Woodward & Hildrew (2002)","Country: United Kingdom; UTM: 51.05'N, 0.03'E; Broadstone Stream in Sussex","regression",265,21,1,-2.11,,"dry_or_afdw","convert_dry","1/dw_per_ww by group (ToWetMass from='dry': insect 0.35, invertebrate 0.2144, mollusc 0.1972, annelid 0.1769, fish 0.2415)","Broadstone Stream; Notes: Dry body masses are species-specific regressions based on body length and head-capsule width; 96 % of rows are larvae (removed by a life-stage filter); the remainder is dry mass (insect factor 0.35)","Brose et al. 2005 Ecology 86:2545 doi:10.1890/05-0379 (Ecological Archives E086-135, bodysizes_2008.txt) ; Woodward & Hildrew 2002 J Anim Ecol 71:1063 doi:10.1046/j.1365-2656.2002.00669.x"
"Ruess, unpublished","Andrassy (1956)","Mid-Europe","measurement",236,27,7,0.06,0.22,"g_wet","keep","1","predatory nematodes; Andrassy (1956) volumetric formula gives fresh weight; ratio +0.06 (n=7 vs the wet-converted Mulder_2011)","Brose et al. 2005 Ecology 86:2545 doi:10.1890/05-0379 (Ecological Archives E086-135, bodysizes_2008.txt)"
"Rayner, unpublished","Rayner, unpublished","Country: Australia; Mulgrave River; UTM: 17.08'S, 145.52'E","measurement",191,27,15,-1.31,1.16,"g_wet","keep","1","Mulgrave River (Australia) fish; measurement; ratio -1.31 (n=15): population means of small individuals (Toxotes chatareus 0.37 g, Caranx ignobilis 30 g) - a life-stage, not a unit problem","Brose et al. 2005 Ecology 86:2545 doi:10.1890/05-0379 (Ecological Archives E086-135, bodysizes_2008.txt)"
"Jacob, Brey & Mintenbeck unpublished","Jacob, Brey & Mintenbeck unpublished","Antarctica: Eastern Weddell Sea","published account",164,24,6,-0.05,0.07,"g_wet","keep","1","Eastern Weddell Sea; published account; ratio -0.05 (n=6 vertebrates); same data as the GATEWAy Weddell web","Brose et al. 2005 Ecology 86:2545 doi:10.1890/05-0379 (Ecological Archives E086-135, bodysizes_2008.txt)"
"Ulrich (1999)","Ulrich, unpublished","Country: Germany; Goettingen; UTM: 51.31'N, 09.56'E; ","regression",21,7,0,,,"g_wet","keep","1","parasitoids; regression of body mass on thorax volume (fresh); 0 shared spp","Brose et al. 2005 Ecology 86:2545 doi:10.1890/05-0379 (Ecological Archives E086-135, bodysizes_2008.txt)"
"Dell, unpublished","Dell, unpublished","Country: Australia","published account | expert",16,5,5,0.06,0.06,"g_wet","keep","1","Australian terrestrial consumers; published account; ratio +0.06 (n=5)","Brose et al. 2005 Ecology 86:2545 doi:10.1890/05-0379 (Ecological Archives E086-135, bodysizes_2008.txt)"
"Ulrich (2001)","Ulrich, unpublished","Country: Germany; Goettingen; UTM: 51.31'N, 09.56'E; ","regression",10,8,0,,,"g_wet","keep","1","parasitoids; regression of body mass on thorax volume (fresh); 0 shared spp","Brose et al. 2005 Ecology 86:2545 doi:10.1890/05-0379 (Ecological Archives E086-135, bodysizes_2008.txt)"
"Cohen et al. (2005)","Cohen et al. (2005)","Country: United Kingdom; UTM: 51.24'N, 0.34'W; Silwood Park, Berkshire","measurement; regression",0,0,0,,,"undetermined","keep",,"no row of this study reaches the pipeline (no species-level taxonomy or no mean mass: Yodzis has functional groups, Warren 1989 lengths only, the parasitoid webs lengths only)","Brose et al. 2005 Ecology 86:2545 doi:10.1890/05-0379 (Ecological Archives E086-135, bodysizes_2008.txt)"
"Dawah et al. (1995)","Dawah et al. (1995)","Country: United Kingdom","measurement",0,0,0,,,"undetermined","keep",,"no row of this study reaches the pipeline (no species-level taxonomy or no mean mass: Yodzis has functional groups, Warren 1989 lengths only, the parasitoid webs lengths only)","Brose et al. 2005 Ecology 86:2545 doi:10.1890/05-0379 (Ecological Archives E086-135, bodysizes_2008.txt)"
"Hansen et al. (1994)","Hansen et al. (1994)",,"published account; regression",0,0,0,,,"undetermined","keep",,"no row of this study reaches the pipeline (no species-level taxonomy or no mean mass: Yodzis has functional groups, Warren 1989 lengths only, the parasitoid webs lengths only)","Brose et al. 2005 Ecology 86:2545 doi:10.1890/05-0379 (Ecological Archives E086-135, bodysizes_2008.txt)"
"Harper-Smith et al., in press","Knapp et al. (2001) ","Country: United States of America; John Muir Wilderness Area and Kings Canyon National Park, Sierra Nevada mountains, California","published account; ",0,0,0,,,"undetermined","keep",,"no row of this study reaches the pipeline (no species-level taxonomy or no mean mass: Yodzis has functional groups, Warren 1989 lengths only, the parasitoid webs lengths only)","Brose et al. 2005 Ecology 86:2545 doi:10.1890/05-0379 (Ecological Archives E086-135, bodysizes_2008.txt)"
"Memmott et al. (2000)","Memmott, unpublished","Country: United Kingdom; UTM: 51.24'N, 0.34'W; Silwood Park, Berkshire","measurement; published account",0,0,0,,,"undetermined","keep",,"no row of this study reaches the pipeline (no species-level taxonomy or no mean mass: Yodzis has functional groups, Warren 1989 lengths only, the parasitoid webs lengths only)","Brose et al. 2005 Ecology 86:2545 doi:10.1890/05-0379 (Ecological Archives E086-135, bodysizes_2008.txt)"
"Scharf et al. (2000)","Scharf et al. (2000)","Country: United States of America; Atlantic coast","measurement",0,0,0,,,"undetermined","keep",,"no row of this study reaches the pipeline (no species-level taxonomy or no mean mass: Yodzis has functional groups, Warren 1989 lengths only, the parasitoid webs lengths only)","Brose et al. 2005 Ecology 86:2545 doi:10.1890/05-0379 (Ecological Archives E086-135, bodysizes_2008.txt)"
"Warren (1989)","Warren (unpub.)","Country: United Kingdom; UTM: 53.40'N, 0.59'W; Skipwith Common, North Yorkshire","measured from sample of specimens collected in the field, over the same period as the links were compiled",0,0,0,,,"undetermined","keep",,"no row of this study reaches the pipeline (no species-level taxonomy or no mean mass: Yodzis has functional groups, Warren 1989 lengths only, the parasitoid webs lengths only)","Brose et al. 2005 Ecology 86:2545 doi:10.1890/05-0379 (Ecological Archives E086-135, bodysizes_2008.txt)"
"Warren, unpublished","Warren, unpublished","Country: United Kingdom; Sheffield;","measurement",0,0,0,,,"undetermined","keep",,"no row of this study reaches the pipeline (no species-level taxonomy or no mean mass: Yodzis has functional groups, Warren 1989 lengths only, the parasitoid webs lengths only)","Brose et al. 2005 Ecology 86:2545 doi:10.1890/05-0379 (Ecological Archives E086-135, bodysizes_2008.txt)"
"Yodzis (1998)","Yodzis (1998)","Africa, Benguela ecosystem","published account; expert; regression",0,0,0,,,"undetermined","keep",,"no row of this study reaches the pipeline (no species-level taxonomy or no mean mass: Yodzis has functional groups, Warren 1989 lengths only, the parasitoid webs lengths only)","Brose et al. 2005 Ecology 86:2545 doi:10.1890/05-0379 (Ecological Archives E086-135, bodysizes_2008.txt)"
