"source_label","native_key","raw_citation","raw_doi","n_records","role","parsed_author1","parsed_year","parsed_title","parsed_container","parsed_volume","parsed_pages","doi","bibcite","cite_id","match_status","match_reason","services","title_sim","author_match","year_match","container_match","volume_match","pages_match","openalex_id","is_retracted","editorial_notice","verified_at","tool_version","decided_by","decided_at","year_override","notes","owner_review","parsed_url","verification_mode"
"Hebert_etal_2016","2","Lynch, M. 1980. The evolution of cladoceran life histories. Quarterly Review of Biology.",,20,"measurement","Lynch",1980,"The evolution of cladoceran life histories","Quarterly Review of Biology",,,"10.1086/411614","Lynch:1980aa","Lynch_1980","certain","two_service_agreement","crossref;openalex;consensus-mcp",1,TRUE,TRUE,TRUE,FALSE,FALSE,"https://openalex.org/W2091700996",FALSE,,"2026-10-05T00:51:25Z","tbmcite 0.1.0",,,,"Article",,,
"Hebert_etal_2016","3","Bottrell, H. H., Duncan, A., Gliwicz, Z. M., Grygierek, E., Herzig, A., Hillbricht-Ilkowska, A., Kurasawa, H., Larsson, P., and T. Weglenska. 1976. A review of some problems in zooplankton production studies. Norwegian Journal of Zoology.",,17,"measurement","Bottrell",1976,"A review of some problems in zooplankton production studies","Norwegian Journal of Zoology",,,,"Bottrell:1976aa","Bottrell_1976","nodoi_approved","owner_nodoi","crossref;openalex",0.4262,FALSE,TRUE,FALSE,FALSE,FALSE,"https://openalex.org/W1997178309",FALSE,,"2026-10-05T00:56:45Z","tbmcite 0.1.0","owner","2026-10-08",,"Article; owner 2026-10-08: cite: Bottrell, H.C., Duncan, A., Gliwicz, Z.M., Grygierek, E., Herzig, A., Hillbricht-Ilkowska, A., Kurasawa, H., Larsson, P. and Weglenska, T., 1976. A review of some problems in zooplankton production studies. Norwegian Journal of Zoology.",,,
"Hebert_etal_2016","4","Tmpling, W. V., and G. Friedrich. 1999. Biologische Gewasseruntersuchung. Methoden der Biologischen Wasseruntersuchung II.",,4,"measurement","Tumpling",1999,"Biologische Gewasseruntersuchung","Methoden der biologischen Wasseruntersuchung",,,,"Tumpling:1999aa","Tumpling_1999","nodoi_approved","owner_nodoi","crossref;openalex",0.3125,FALSE,FALSE,FALSE,FALSE,FALSE,"https://openalex.org/W2134624930",FALSE,,"2026-10-05T00:56:45Z","tbmcite 0.1.0","owner","2026-10-08",,"Book or book chapter; owner 2026-10-08: cite: Tümpling, W.V. and Friedrich, G., 1999. Biologische Gewässeruntersuchung. Methoden der biologischen Wasseruntersuchung.",,,
"Hebert_etal_2016","6","Dumont, H. J., de Velde, I. V., and S. Dumont. 1975. The dry weight estimate of biomass in a selection of Cladocera, Copepoda and Rotifera from the plankton, periphyton and benthos of continental waters. Oecologia.",,15,"measurement","Dumont",1975,"The dry weight estimate of biomass in a selection of Cladocera, Copepoda and Rotifera from the plankton, periphyton and benthos of continental waters","Oecologia",,,"10.1007/bf00377592","Dumont:1975aa","Dumont_1975","certain","two_service_agreement","crossref;openalex;consensus-mcp",1,TRUE,TRUE,TRUE,FALSE,FALSE,"https://openalex.org/W2044424534",FALSE,,"2026-10-05T00:51:25Z","tbmcite 0.1.0",,,,"Article",,,
"Hebert_etal_2016","7","Berne, T. V. 1991. Abundance, standing crop and production of microcrustacean populations (Cladocera, Copepoda) in the littoral zone of Lake Biel, Switzerland. Archiv fr Hydrobiologie.",,1,"measurement","Berne",1991,"Abundance, standing crop and production of microcrustacean populations (Cladocera, Copepoda) in the littoral zone of Lake Biel, Switzerland","Archiv fr Hydrobiologie",,,"10.1127/archiv-hydrobiol/123/1991/165","Vuille:1991aa","Vuille_1991","approved","owner_candidate","crossref;openalex",1,FALSE,TRUE,FALSE,FALSE,FALSE,"https://openalex.org/W2311729105",FALSE,,"2026-10-05T00:56:45Z","tbmcite 0.1.0","owner","2026-10-04",,"Article",,,
"Hebert_etal_2016","9","Smirnov, N. N. 1964. Eurycercus lamellatus (chydoridae: Cladocera): Field observations and nutrition. Hydrobiologia.",,1,"measurement","Smirnov",1964,"Eurycercus lamellatus (chydoridae: Cladocera): Field observations and nutrition","Hydrobiologia",,,"10.1007/bf00046194","Smirnov:1962aa","Smirnov_1962","approved","owner_candidate","crossref;openalex",0.8032,TRUE,FALSE,TRUE,FALSE,FALSE,"https://openalex.org/W154957666",FALSE,,"2026-10-05T00:56:45Z","tbmcite 0.1.0","owner","2026-10-08",,"Article",,,
"Hebert_etal_2016","21","Green, J. D., and M. A. Chapman. 1977. Temperature effects on oxygen consumption by copepod Boeckella dilatata. New Zealand Journal of Marine and Freshwater Research.",,2,"measurement","Green",1977,"Temperature effects on oxygen consumption by copepod Boeckella dilatata","New Zealand Journal of Marine and Freshwater Research",,,"10.1080/00288330.1977.9515683","Green:1977aa","Green_1977","certain","two_service_agreement","crossref;openalex;consensus-mcp",0.9778,TRUE,TRUE,TRUE,FALSE,FALSE,"https://openalex.org/W1999803304",FALSE,,"2026-10-05T00:51:25Z","tbmcite 0.1.0",,,,"Article",,,
"Hebert_etal_2016","22","Comita, G. W. 1968. Oxygen consumption in Diaptomus. Limnology and Oceanography.",,2,"measurement","Comita",1968,"Oxygen consumption in Diaptomus","Limnology and Oceanography",,,"10.4319/lo.1968.13.1.0051","Comita:1968aa","Comita_1968","certain","two_service_agreement","crossref;openalex;consensus-mcp",1,TRUE,TRUE,TRUE,FALSE,FALSE,"https://openalex.org/W1998398576",FALSE,,"2026-10-05T00:51:25Z","tbmcite 0.1.0",,,,"Article",,,
"Hebert_etal_2016","23","Kibby, H.V. 1971. Energetics and population dynamics of Diaptomus gracilis. Ecological Monograph.",,1,"measurement","Kibby",1971,"Energetics and population dynamics of Diaptomus gracilis","Ecological Monograph",,,"10.2307/1948496","Kibby:1971aa","Kibby_1971","certain","two_service_agreement","crossref;openalex;consensus-mcp",1,TRUE,TRUE,TRUE,FALSE,FALSE,"https://openalex.org/W2047713353",FALSE,,"2026-10-05T00:51:25Z","tbmcite 0.1.0",,,,"Article",,,
"Hebert_etal_2016","24","Richman, S. 1964. Energy transformation studies on Diaptomus oregonensis. Verhandlungen des Internationalen Verein Limnologie.",,1,"measurement","Richman",1964,"Energy transformation studies on Diaptomus oregonensis","Verhandlungen des Internationalen Verein Limnologie",,,"10.1080/03680770.1962.11895586","Richman:1964aa","Richman_1964","approved","owner_candidate","crossref;openalex",1,TRUE,TRUE,FALSE,FALSE,FALSE,"https://openalex.org/W2774726183",FALSE,,"2026-10-05T00:56:45Z","tbmcite 0.1.0","owner","2026-10-04",,"Article",,,
"Hebert_etal_2016","25","Shcherbakoff, A. P. 1935. Uber den Sauerstoffverbrauch von einigen Planktoncrustaceen. Arb. Linmol. Stat. Kossino.",,4,"measurement","Shcherbakoff",1935,"Uber den Sauerstoffverbrauch von einigen Planktoncrustaceen","Arb. Linmol. Stat. Kossino",,,"10.1007/bf01639849","Speck:1879aa","Speck_1879","approved","owner_candidate","crossref;openalex",0.5562,FALSE,FALSE,FALSE,FALSE,FALSE,"https://openalex.org/W2065725166",FALSE,,"2026-10-05T00:56:45Z","tbmcite 0.1.0","owner","2026-10-08",,"Article",,,
"Hebert_etal_2016","26","Roff, J. C. 1973. Oxygen consumption of Limnocalanus macrurus (Calanoida, Copepoda) in relation to environmental conditions. Canadian Journal of Zoology.",,1,"measurement","Roff",1973,"Oxygen consumption of Limnocalanus macrurus (Calanoida, Copepoda) in relation to environmental conditions","Canadian Journal of Zoology",,,"10.1139/z73-131","Roff:1973aa","Roff_1973","approved","owner_candidate","crossref;openalex",0.9228,TRUE,TRUE,TRUE,FALSE,FALSE,"https://openalex.org/W2016002284",FALSE,,"2026-10-05T00:56:45Z","tbmcite 0.1.0","owner","2026-10-04",,"Article",,,
"Hebert_etal_2016","27","Laybourn-Parry, J., and I. M. Strachan. 1980. Respiratory metabolism of Cyclops bicuspidatus (Copepoda: Cyclopoida) from Esthwaite Water, Cumbria. Oecologia.",,1,"measurement","Laybourn-Parry",1980,"Respiratory metabolism of Cyclops bicuspidatus (Copepoda: Cyclopoida) from Esthwaite Water, Cumbria","Oecologia",,,"10.1007/bf00346268","Laybourn-Parry:1980aa","Laybourn-Parry_1980","approved","owner_candidate","crossref;openalex",0.8339,TRUE,TRUE,TRUE,FALSE,FALSE,"https://openalex.org/W2061191317",FALSE,,"2026-10-05T00:56:45Z","tbmcite 0.1.0","owner","2026-10-04",,"Article",,,
"Hebert_etal_2016","28","Gophen, M. 1976. Temperature dependence of food intake, ammonia excretion and respiration in Ceriodaphnia reticulata (Jurine) (Lake Kinneret, Israel). Freshwater Biology.",,1,"measurement","Gophen",1976,"Temperature dependence of food intake, ammonia excretion and respiration in Ceriodaphnia reticulata (Jurine) (Lake Kinneret, Israel)","Freshwater Biology",,,"10.1111/j.1365-2427.1976.tb01634.x","GOPHEN:1976aa","GOPHEN_1976","certain","two_service_agreement","crossref;openalex;consensus-mcp",1,TRUE,TRUE,TRUE,FALSE,FALSE,"https://openalex.org/W2051508148",FALSE,,"2026-10-05T00:51:25Z","tbmcite 0.1.0",,,,"Article",,,
"Hebert_etal_2016","29","Ivanova M. B., and R. Z. Klekowski. 1972. Respiratory and filtration rates in Simocephalus vetulus (O.F. Muller) at different pH. Polish Archiv Hydrobiologie.",,1,"measurement","Ivanova",1972,"Respiratory and filtration rates in Simocephalus vetulus (OF Muller)(Cladocera) at different pH","Pol. Arch. Hydrobiol","19","303",,"Ivanova:1972aa","Ivanova_1972","nodoi_approved","owner_nodoi","crossref;openalex",0.4964,FALSE,FALSE,FALSE,FALSE,FALSE,"https://openalex.org/W2089949332",FALSE,,"2026-10-05T00:56:45Z","tbmcite 0.1.0","owner","2026-10-08",,"Article; owner 2026-10-08: cite: Ivanova, M.B. and Klekowski, R.Z., 1972. Respiratory and filtration rates in Simocephalus vetulus (OF Müller)(Cladocera) at different pH. Pol. Arch. Hydrobiol, 19(3), p.303.",,,
"Hebert_etal_2016","30","Obreshkove V. 1930. Oxygen consumption in the developmental stages of a cladoceran. Physiological Zoology.",,1,"measurement","Obreshkove",1930,"Oxygen consumption in the developmental stages of a cladoceran","Physiological Zoology",,,"10.1086/physzool.3.2.30151097","Obreshkove:1930aa","Obreshkove_1930","certain","two_service_agreement","crossref;openalex;consensus-mcp",1,TRUE,TRUE,TRUE,FALSE,FALSE,"https://openalex.org/W2292923926",FALSE,,"2026-10-05T00:51:25Z","tbmcite 0.1.0",,,,"Article",,,
"Hebert_etal_2016","31","Goss, L. B., and D. L. Bunting. 1980. Temperature effects on zooplankton respiration. Comparative and Biochemical Physiology.",,2,"measurement","Goss",1980,"Temperature effects on zooplankton respiration","Comparative and Biochemical Physiology",,,"10.1016/0300-9629(80)90013-4","Goss:1980aa","Goss_1980","approved","owner_candidate","crossref;openalex",1,TRUE,TRUE,FALSE,FALSE,FALSE,"https://openalex.org/W2041672190",FALSE,,"2026-10-05T00:56:45Z","tbmcite 0.1.0","owner","2026-10-04",,"Article",,,
"Hebert_etal_2016","32","Richman, S. 1958. The transformation of energy by Daphnia pulex. Ecological Monograph.",,1,"measurement","Richman",1958,"The transformation of energy by Daphnia pulex","Ecological Monograph",,,"10.2307/1942243","Richman:1958aa","Richman_1958","approved","owner_candidate","crossref;openalex",1,TRUE,TRUE,TRUE,FALSE,FALSE,"https://openalex.org/W2009237732",FALSE,,"2026-10-05T00:56:45Z","tbmcite 0.1.0","owner","2026-10-04",,"Article",,,
"Hebert_etal_2016","33","Kersting, K., and C. Van der Leeuw-Leegwater. 1976. Effect of food concentration on the respiration of Daphnia magna. Hydrobiologia.",,1,"measurement","Kersting",1976,"Effect of food concentration on the respiration of Daphnia magna","Hydrobiologia",,,"10.1007/bf00772684","Kersting:1976aa","Kersting_1976","certain","two_service_agreement","crossref;openalex;consensus-mcp",1,TRUE,TRUE,TRUE,FALSE,FALSE,"https://openalex.org/W2045849875",FALSE,,"2026-10-05T00:51:25Z","tbmcite 0.1.0",,,,"Article",,,
"Hebert_etal_2016","34","Schindler, D. W. 1968. Feeding, assimilation and respiration rates of Daphnia magna under various environmental conditions and their relation to production estimates. Journal of Animal Ecology.",,1,"measurement","Schindler",1968,"Feeding, assimilation and respiration rates of Daphnia magna under various environmental conditions and their relation to production estimates","Journal of Animal Ecology",,,"10.2307/2954","Schindler:1968aa","Schindler_1968","certain","two_service_agreement","crossref;openalex;consensus-mcp",1,TRUE,TRUE,TRUE,FALSE,FALSE,"https://openalex.org/W2334089089",FALSE,,"2026-10-05T00:51:25Z","tbmcite 0.1.0",,,,"Article",,,
"Hebert_etal_2016","41","Lehman, J. T. 1980. Release and cycling of nutrients between planktonic algae and herbivores. Limnology and Oceanography.",,1,"measurement","Lehman",1980,"Release and cycling of nutrients between planktonic algae and herbivores","Limnology and Oceanography",,,"10.4319/lo.1980.25.4.0620","Lehman:1980aa","Lehman_1980","approved","owner_candidate","crossref;openalex",0.8736,TRUE,TRUE,TRUE,FALSE,FALSE,"https://openalex.org/W1997892403",FALSE,,"2026-10-05T00:56:45Z","tbmcite 0.1.0","owner","2026-10-04",,"Article",,,
"Hebert_etal_2016","43","Peters, R. H., and D. Lean. 1973. The characterization of soluble phosphorus released by limnetic zooplankton. Limnology and Oceanography.",,1,"measurement","Peters",1973,"The characterization of soluble phosphorus released by limnetic zooplankton","Limnology and Oceanography",,,"10.4319/lo.1973.18.2.0270","Peters:1973aa","Peters_1973","approved","owner_candidate","crossref;openalex",0.8558,TRUE,TRUE,TRUE,FALSE,FALSE,"https://openalex.org/W2031993171",FALSE,,"2026-10-05T00:56:45Z","tbmcite 0.1.0","owner","2026-10-04",,"Article",,,
"Hebert_etal_2016","45","Rigler, F. H. 1961. The uptake and release of inorganic phosphorus by Daphnia magna (Strauss). Limnology and Oceanography.",,1,"measurement","Rigler",1961,"The uptake and release of inorganic phosphorus by Daphnia magna (Strauss)","Limnology and Oceanography",,,"10.4319/lo.1961.6.2.0165","Rigler:1961aa","Rigler_1961","approved","owner_candidate","crossref;openalex",0.8736,TRUE,TRUE,TRUE,FALSE,FALSE,"https://openalex.org/W2035299985",FALSE,,"2026-10-05T00:56:45Z","tbmcite 0.1.0","owner","2026-10-04",,"Article",,,
"Hebert_etal_2016","47","Bowers, J. A. 1986. Phosphorus regeneration by the predatory copepod Diacyclops thomasi. Canadian Journal of Fisheries and Aquatic Sciences.",,1,"measurement","Bowers",1986,"Phosphorus regeneration by the predatory copepod Diacyclops thomasi","Canadian Journal of Fisheries and Aquatic Sciences",,,"10.1139/f86-046","Bowers:1986aa","Bowers_1986","certain","two_service_agreement","crossref;openalex;consensus-mcp",1,TRUE,TRUE,TRUE,FALSE,FALSE,"https://openalex.org/W2117062168",FALSE,,"2026-10-05T00:51:25Z","tbmcite 0.1.0",,,,"Article",,,
"Hebert_etal_2016","49","Gardner, W. S., and D. Scavia. 1981. Kinetic examination of nitrogen release by zooplankters. Limnology and Oceanography.",,1,"measurement","Gardner",1981,"Kinetic examination of nitrogen release by zooplankters","Limnology and Oceanography",,,"10.4319/lo.1981.26.5.0801","Gardner:1981aa","Gardner_1981","approved","owner_candidate","crossref;openalex",0.8315,TRUE,TRUE,TRUE,FALSE,FALSE,"https://openalex.org/W2141112566",FALSE,,"2026-10-05T00:56:45Z","tbmcite 0.1.0","owner","2026-10-04",,"Article",,,
"Hebert_etal_2016","51","Jacobsen, T. R., and G. W. Comita. 1976. Ammonia?Nitrogen Excretion in Daphnia Pulex. Hydrobiologia.",,1,"measurement","Jacobsen",1976,"Ammonia?Nitrogen Excretion in Daphnia Pulex","Hydrobiologia",,,"10.1007/bf00005743","Jacobsen:1976aa","Jacobsen_1976","certain","two_service_agreement","crossref;openalex;consensus-mcp",1,TRUE,TRUE,TRUE,FALSE,FALSE,"https://openalex.org/W1990402980",FALSE,,"2026-10-05T00:51:25Z","tbmcite 0.1.0",,,,"Article",,,
"Hebert_etal_2016","52","Ganf, G. G., and P. Blazka. 1974. Oxygen uptake, ammonia and phosphate excretion by zooplankton of a shallow equatorial (Lake George, Uganda). Limnology and Oceanography.",,1,"measurement","Ganf",1974,"Oxygen uptake, ammonia and phosphate excretion by zooplankton of a shallow equatorial (Lake George, Uganda)","Limnology and Oceanography",,,"10.4319/lo.1974.19.2.0313","GANF:1974aa","GANF_1974","certain","two_service_agreement","crossref;openalex;consensus-mcp",0.9895,TRUE,TRUE,TRUE,FALSE,FALSE,"https://openalex.org/W2082240971",FALSE,,"2026-10-05T00:51:25Z","tbmcite 0.1.0",,,,"Article",,,
"Hebert_etal_2016","64","Walve, J., and U. Larsson. 1999. Carbon, nitrogen and phosphorus stoichiometry of crustacean zooplankton in the Baltic Sea: implications for nutrient recycling. Journal of Plankton Research.",,1,"measurement","Walve",1999,"Carbon, nitrogen and phosphorus stoichiometry of crustacean zooplankton in the Baltic Sea: implications for nutrient recycling","Journal of Plankton Research",,,"10.1093/plankt/21.12.2309","Walve:1999aa","Walve_1999","certain","two_service_agreement","crossref;openalex;consensus-mcp",1,TRUE,TRUE,TRUE,FALSE,FALSE,"https://openalex.org/W2133336638",FALSE,,"2026-10-05T00:51:25Z","tbmcite 0.1.0",,,,"Article",,,
"Hebert_etal_2016","65","Whittaker, R. E. 1961. Experiments with radiophosphorus tracer in aquarium ecosystems. Ecological Monograph.",,1,"measurement","Whittaker",1961,"Experiments with radiophosphorus tracer in aquarium ecosystems","Ecological Monograph",,,"10.2307/1950753","Whittaker:1961aa","Whittaker_1961","approved","owner_candidate","crossref;openalex",0.8137,TRUE,TRUE,TRUE,FALSE,FALSE,"https://openalex.org/W2331830923",FALSE,,"2026-10-05T00:56:45Z","tbmcite 0.1.0","owner","2026-10-04",,"Article",,,
"Hebert_etal_2016","69","Ikeda, T. 1974. Nutritional ecology of marine zooplankton. Memoirs of Faculty of Fisheries Sciences.",,95,"measurement","Ikeda",1974,"Nutritional ecology of marine zooplankton","Memoirs of Faculty of Fisheries Sciences",,,,"Ikeda:1974aa","Ikeda_1974","nodoi_approved","owner_nodoi","crossref;openalex",0.3521,FALSE,FALSE,FALSE,FALSE,FALSE,"https://openalex.org/W4206949404",FALSE,,"2026-10-05T00:56:45Z","tbmcite 0.1.0","owner","2026-10-08",,"Institutional report, bulletin or memoirs",,,
"Hebert_etal_2016","70","Ikeda, T., Hing Fay, E., Hutchinson, S. A., and G. M. Boto. 1982. Relationships between excretion rates and body size. Vol 1 in Ammonia and inorganic phosphate excretion by zooplankton from inshore waters of the Great Barrier Reef, Queensland. Australian Journal of Marine and Freshwater Research.",,331,"measurement","Ikeda",1982,"Relationships between excretion rates and body size","Vol 1 in Ammonia and inorganic phosphate excretion by zooplankton from inshore waters of the Great Barrier Reef, Queensland. Australian Journal of Marine and Freshwater Research",,,"10.1071/mf9820055","Ikeda:1982ab","Ikeda_1982b","approved","owner_candidate","crossref;openalex",0.445,TRUE,TRUE,TRUE,FALSE,FALSE,"https://openalex.org/W2075080528",FALSE,,"2026-10-05T00:56:45Z","tbmcite 0.1.0","owner","2026-10-04",,"Article",,,
"Hebert_etal_2016","71","Ikeda, T. 2013. Marine zooplankton metabolic measurements.",,40,"measurement","Ikeda",2013,"Marine zooplankton metabolic measurements",,,,"10.1071/mf9810921",,,"rejected","owner_drop","crossref;openalex",0.483,TRUE,FALSE,FALSE,FALSE,FALSE,"https://openalex.org/W1980297728",FALSE,,"2026-10-05T00:56:45Z","tbmcite 0.1.0","owner","2026-10-04",,"Unpublished data",,,
"Hebert_etal_2016","72","Ikeda, T., and H. R. Skjoldal. 1989. Metabolism and elemental composition of zooplankton from the Barent Sea during Arctic summer. Marine Biology.",,36,"measurement","Ikeda",1989,"Metabolism and elemental composition of zooplankton from the Barent Sea during Arctic summer","Marine Biology",,,"10.1007/bf00391956","Ikeda:1989aa","Ikeda_1989","approved","owner_candidate","crossref;openalex",0.843,TRUE,TRUE,TRUE,FALSE,FALSE,"https://openalex.org/W2059625457",FALSE,,"2026-10-05T00:56:45Z","tbmcite 0.1.0","owner","2026-10-04",,"Article",,,
"Hebert_etal_2016","73","Ikeda, T., and A. W. Mitchell. 1982. Oxygen uptake, ammonia excretion and phosphate excretion by krill and other Antarctic zooplankton in relation to their body size and chemical composition. Marine Biology.",,45,"measurement","Ikeda",1982,"Oxygen uptake, ammonia excretion and phosphate excretion by krill and other Antarctic zooplankton in relation to their body size and chemical composition","Marine Biology",,,"10.1007/bf00397045","Ikeda:1982aa","Ikeda_1982","approved","owner_candidate","crossref;openalex",1,TRUE,TRUE,TRUE,FALSE,FALSE,"https://openalex.org/W2010757797",FALSE,,"2026-10-05T00:56:45Z","tbmcite 0.1.0","owner","2026-10-04",,"Article",,,
"Hebert_etal_2016","74","Ikeda, T., and Hirakawa, K. 1998. Metabolism and body composition of zooplankton in the cold mesopelagic zone of the southern Japan Sea. Plankton Biology and Ecology.",,31,"measurement","Ikeda",1998,"Metabolism and body composition of zooplankton in the cold mesopelagic zone of the southern Japan Sea","Plankton Biology and Ecology",,,,"Ikeda:1998aa","Ikeda_1998","nodoi_approved","owner_nodoi","crossref;openalex",0.578,TRUE,FALSE,FALSE,FALSE,FALSE,"https://openalex.org/W1972618384",FALSE,,"2026-10-05T00:56:45Z","tbmcite 0.1.0","owner","2026-10-04",,"Article",,,
"Hebert_etal_2016","75","Ikeda, T., Kanno, Y., Ozaki, K., and A. Shinada. 2001. Metabolic rates of epipelagic marine copepods as a function of body mass and temperature. Marine Biology.",,3,"measurement","Ikeda",2001,"Metabolic rates of epipelagic marine copepods as a function of body mass and temperature","Marine Biology",,,"10.1007/s002270100608","Ikeda:2001aa","Ikeda_2001","approved","owner_candidate","crossref;openalex",1,TRUE,TRUE,TRUE,FALSE,FALSE,"https://openalex.org/W2084629531",FALSE,,"2026-10-05T00:56:45Z","tbmcite 0.1.0","owner","2026-10-04",,"Article; a one-page erratum, Mar. Biol. 139(5): 1020 (Nov 2001), DOI 10.1007/s00227-001-0743-z, exists and is not linked by Crossref update-to (owner note 2026-10-04)",,,
"Hebert_etal_2016","84","Omori, M. 1969. Weight and chemical composition of some importante oceanic zooplankton in the North Pacific Ocean. Marine Biology.",,11,"measurement","Omori",1969,"Weight and chemical composition of some importante oceanic zooplankton in the North Pacific Ocean","Marine Biology",,,"10.1007/bf00355587","Omori:1969aa","Omori_1969","approved","owner_candidate","crossref;openalex",0.8851,TRUE,TRUE,TRUE,FALSE,FALSE,"https://openalex.org/W1989975939",FALSE,,"2026-10-05T00:56:45Z","tbmcite 0.1.0","owner","2026-10-04",,"Article",,,
"Hebert_etal_2016","146","Ikeda, T., Yamaguchi, A., and T. Matsuishi. 2006. Chemical composition and energy content of deep-sea calanoid copepods in the Western North Pacific Ocean. Deep-Sea Research I.",,31,"measurement","Ikeda",2006,"Chemical composition and energy content of deep-sea calanoid copepods in the Western North Pacific Ocean","Deep-Sea Research I",,,"10.1016/j.dsr.2006.08.002","Ikeda:2006aa","Ikeda_2006","certain","two_service_agreement","crossref;openalex;consensus-mcp",1,TRUE,TRUE,TRUE,FALSE,FALSE,"https://openalex.org/W1977334340",FALSE,,"2026-10-05T00:51:25Z","tbmcite 0.1.0",,,,"Article",,,
"Hebert_etal_2016","148","Quetin, L. B., Ross, R. M., and K. Uchio. 1980. Metabolic characteristics of midwater zooplankton: Ammonia excretion, O:N ratios, and the effect of starvation. Marine Biology.",,1,"measurement","Quetin",1980,"Metabolic characteristics of midwater zooplankton: Ammonia excretion, O:N ratios, and the effect of starvation","Marine Biology",,,"10.1007/bf00404742","Quetin:1980aa","Quetin_1980","approved","owner_candidate","crossref;openalex",0.9022,TRUE,TRUE,TRUE,FALSE,FALSE,"https://openalex.org/W2009264303",FALSE,,"2026-10-05T00:56:45Z","tbmcite 0.1.0","owner","2026-10-04",,"Article",,,
"Hebert_etal_2016","153","Ikeda, T. 1972. Chemical composition and nutrition of zooplankton in the Bering Sea. Biological Oceanography of the Northern North Pacific Ocean.",,1,"measurement","Ikeda",1972,"Chemical composition and nutrition of zooplankton in the Bering Sea","Biological Oceanography of the Northern North Pacific Ocean",,,,"Ikeda:1972aa","Ikeda_1972","nodoi_approved","owner_nodoi","crossref;openalex",0.4333,TRUE,FALSE,FALSE,FALSE,FALSE,"https://openalex.org/W2051060518",FALSE,,"2026-10-05T00:56:45Z","tbmcite 0.1.0","owner","2026-10-08",,"Book or book chapter",,,
"Hebert_etal_2016","155","Tande, K. S. 1982. Ecological investigations on the zooplankton community of Balsfjorden, Northern Norway: Generation cycles, and variations in body weight and body content of carbon and nitrogen related to overwintering and reproduction in the copepod Calanus finmarchicus (Gunnerus). Journal of Experimental Marine Biology and Ecology.",,1,"measurement","Tande",1982,"Ecological investigations on the zooplankton community of Balsfjorden, Northern Norway: Generation cycles, and variations in body weight and body content of carbon and nitrogen related to overwintering and reproduction in the copepod Calanus finmarchicus (Gunnerus)","Journal of Experimental Marine Biology and Ecology",,,"10.1016/0022-0981(82)90087-9","Tande:1982aa","Tande_1982","certain","two_service_agreement","crossref;openalex;consensus-mcp",1,TRUE,TRUE,TRUE,FALSE,FALSE,"https://openalex.org/W1970031593",FALSE,,"2026-10-05T00:51:25Z","tbmcite 0.1.0",,,,"Article",,,
"Hebert_etal_2016","156","Bamstedt, U., and A. Ervik. 1984. Local variations in size and activity among Calanus finmarchicus and Metridia longa (Copepoda, Calanoida) overwintering on the west coast of Norway. Journal of Plankton Research.",,2,"measurement","Bamstedt",1984,"Local variations in size and activity among Calanus finmarchicus and Metridia longa (Copepoda, Calanoida) overwintering on the west coast of Norway","Journal of Plankton Research",,,"10.1093/plankt/6.5.843","Bamstedt:1984aa","Bamstedt_1984","certain","two_service_agreement","crossref;openalex;consensus-mcp",1,TRUE,TRUE,TRUE,FALSE,FALSE,"https://openalex.org/W2029669270",FALSE,,"2026-10-05T00:51:25Z","tbmcite 0.1.0",,,,"Article",,,
"Hebert_etal_2016","157","Willason, S. W., Favuzzi, J., and J. L. Cox. 1986. Patchiness and nutritional condition of zooplankton in the California Current. Fishery Bulletin NOAA.",,1,"measurement","Willason",1986,"Patchiness and nutritional condition of zooplankton in the California Current","Fishery Bulletin NOAA",,,,"Willason:1986aa","Willason_1986","nodoi_approved","owner_nodoi","crossref;openalex",0.4901,FALSE,FALSE,FALSE,FALSE,FALSE,"https://openalex.org/W2116510160",FALSE,,"2026-10-05T00:56:45Z","tbmcite 0.1.0","owner","2026-10-08",,"Article",,,
"Hebert_etal_2016","160","Bamstedt, U. 1978. Studies on the deep-water pelagic community of Korsfjorden, western Norway Seasonal variation in weight and biochemical composition of Chiridius armatus (Copepoda), Boreomysis arctica (Mysidacea), and Eukrohnia hamata (Chaetognatha) in relation to their biology. Sarsia.",,1,"measurement","Bamstedt",1978,"Studies on the deep-water pelagic community of Korsfjorden, western Norway Seasonal variation in weight and biochemical composition of Chiridius armatus (Copepoda), Boreomysis arctica (Mysidacea), and Eukrohnia hamata (Chaetognatha) in relation to their biology","Sarsia",,,"10.1080/00364827.1978.10411332","Bamstedt:1977aa","Bamstedt_1977","certain","two_service_agreement","crossref;openalex;consensus-mcp",1,TRUE,TRUE,TRUE,FALSE,FALSE,"https://openalex.org/W2316847970",FALSE,,"2026-10-05T00:51:25Z","tbmcite 0.1.0",,,,"Article",,,
"Hebert_etal_2016","165","Gaudy, R., and J. Boucher. 1983. Relation between respiration, excretion (ammonia and inorganic phosphorus) and activity of amylase and trypsin in different species of pelagic copepods from an Indian Ocean equatorial area. Marine Biology.",,21,"measurement","Gaudy",1983,"Relation between respiration, excretion (ammonia and inorganic phosphorus) and activity of amylase and trypsin in different species of pelagic copepods from an Indian Ocean equatorial area","Marine Biology",,,"10.1007/bf00392628","Gaudy:1983aa","Gaudy_1983","certain","two_service_agreement","crossref;openalex;consensus-mcp",1,TRUE,TRUE,TRUE,FALSE,FALSE,"https://openalex.org/W2069228026",FALSE,,"2026-10-05T00:51:25Z","tbmcite 0.1.0",,,,"Article",,,
"Hebert_etal_2016","171","Ikeda, T. 1977. The effect of laboratory conditions on the extrapolation of experimental measurements to the ecology of marine zooplankton IV Changes in respiration and excretion rates of boreal zooplankton species maintained under fed and starved conditions. Marine Biology.",,1,"measurement","Ikeda",1977,"The effect of laboratory conditions on the extrapolation of experimental measurements to the ecology of marine zooplankton IV Changes in respiration and excretion rates of boreal zooplankton species maintained under fed and starved conditions","Marine Biology",,,"10.1007/bf00394910","Ikeda:1977aa","Ikeda_1977","certain","two_service_agreement","crossref;openalex;consensus-mcp",1,TRUE,TRUE,TRUE,FALSE,FALSE,"https://openalex.org/W2080072240",FALSE,,"2026-10-05T00:51:25Z","tbmcite 0.1.0",,,,"Article",,,
"Hebert_etal_2016","172","Anraku, M. 1964. Influence of the Cape Cod Canal on the hydrography and on the copepods in Buzzard's Bay and Cape Cod Bay, Massachusetts. II. Respiration and feeding. Limnology and Oceanography.",,2,"measurement","Anraku",1964,"Influence of the Cape Cod Canal on the hydrography and on the copepods in Buzzard's Bay and Cape Cod Bay, Massachusetts","II. Respiration and feeding. Limnology and Oceanography",,,"10.4319/lo.1964.9.2.0195","Anraku:1964aa","Anraku_1964","approved","owner_candidate","crossref;openalex",0.7523,TRUE,TRUE,TRUE,FALSE,FALSE,"https://openalex.org/W2061701041",FALSE,,"2026-10-05T00:56:45Z","tbmcite 0.1.0","owner","2026-10-04",,"Article",,,
"Hebert_etal_2016","173","Ikeda, T. 1971. Preliminary shipboard culture experiments on the feeding and respiration of an oceanic copepod, Calanus cristatus, in the Bering Sea. Bulletin of the Plankton Society of Japan.",,1,"measurement","Ikeda",1971,"Preliminary shipboard culture experiments on the feeding and respiration of an oceanic copepod, Calanus cristatus, in the Bering Sea","Bulletin of the Plankton Society of Japan",,,,"Ikeda:1971ab","Ikeda_1971b","nodoi_approved","owner_nodoi","crossref;openalex",0.4948,FALSE,FALSE,FALSE,FALSE,FALSE,"https://openalex.org/W2130681289",FALSE,,"2026-10-05T00:56:45Z","tbmcite 0.1.0","owner","2026-10-08",,"Article",,,
"Hebert_etal_2016","177","Conover, R. J., and E. D. S. Corner. 1968. Respiration and nitrogen excretion by some marine zooplankton in relation to their life cycles. Journal of the Marine Biological Association of the United Kingdom.",,4,"measurement","Conover",1968,"Respiration and nitrogen excretion by some marine zooplankton in relation to their life cycles","Journal of the Marine Biological Association of the United Kingdom",,,"10.1017/s0025315400032410","Conover:1968aa","Conover_1968","certain","two_service_agreement","crossref;openalex;consensus-mcp",1,TRUE,TRUE,TRUE,FALSE,FALSE,"https://openalex.org/W2104763503",FALSE,,"2026-10-05T00:51:25Z","tbmcite 0.1.0",,,,"Article",,,
"Hebert_etal_2016","178","Dagg, M. J., Vidal, J., Whitledge, T. E., Iverson, R., and J. J. Goering. 1982. The feeding, respiration, and excretion of zooplankton in the Bering Sea during a spring bloom. Deep-Sea Research I.",,2,"measurement","Dagg",1982,"The feeding, respiration, and excretion of zooplankton in the Bering Sea during a spring bloom","Deep-Sea Research I",,,"10.1016/0198-0149(82)90060-7","Dagg:1982aa","Dagg_1982","approved","owner_candidate","crossref;openalex",1,TRUE,TRUE,FALSE,FALSE,FALSE,"https://openalex.org/W2059164462",FALSE,,"2026-10-05T00:56:45Z","tbmcite 0.1.0","owner","2026-10-04",,"Article",,,
"Hebert_etal_2016","179","Mayzaud, P. 1976. Respiration and nitrogen excretion of zooplankton. IV. The influence of starvation on the metabolism and the biochemical composition of some species. Marine Biology.",,1,"measurement","Mayzaud",1976,"Respiration and nitrogen excretion of zooplankton","IV. The influence of starvation on the metabolism and the biochemical composition of some species. Marine Biology",,,"10.1007/bf00386778","Mayzaud:1976aa","Mayzaud_1976","approved","owner_candidate","crossref;openalex",0.6002,TRUE,FALSE,TRUE,FALSE,FALSE,"https://openalex.org/W1977333271",FALSE,,"2026-10-05T00:56:45Z","tbmcite 0.1.0","owner","2026-10-04",,"Article",,,
"Hebert_etal_2016","181","Ikeda, T. 1971. Respiration in Zooplankton: Relationships between respiration rate and body size in marine plankton animals as a function of the temperature of habitat. Bulletin of the Faculty of Fisheries.",,8,"measurement","Ikeda",1971,"Respiration in Zooplankton: Relationships between respiration rate and body size in marine plankton animals as a function of the temperature of habitat","Bulletin of the Faculty of Fisheries",,,,"Ikeda:1971ac","Ikeda_1971c","nodoi_approved","owner_nodoi","crossref;openalex",0.4978,FALSE,FALSE,FALSE,FALSE,FALSE,"https://openalex.org/W2006755055",FALSE,,"2026-10-05T00:56:45Z","tbmcite 0.1.0","owner","2026-10-08",,"Institutional report, bulletin or memoirs",,,
"Hebert_etal_2016","195","Cass, C., Wakeham, S., and K. Daly. 2011. Lipid composition of tropical and subtropical copepod species of the genus Rhincalanus (Copepoda: Eucalanidae): a novel fatty acid and alcohol signature. Marine Ecology Progress Series.",,3,"measurement","Cass",2011,"Lipid composition of tropical and subtropical copepod species of the genus Rhincalanus (Copepoda: Eucalanidae): a novel fatty acid and alcohol signature","Marine Ecology Progress Series",,,"10.3354/meps09324","Cass:2011aa","Cass_2011","certain","two_service_agreement","crossref;openalex;consensus-mcp",1,TRUE,TRUE,TRUE,FALSE,FALSE,"https://openalex.org/W2319651208",FALSE,,"2026-10-05T00:51:25Z","tbmcite 0.1.0",,,,"Article",,,
