group,rate_type,species,mass_g,metabolic_rate_W
Prokaryotes,endogenous,Francisella tularensis,1.00E-14,9.86E-18
Prokaryotes,endogenous,Acholeplasma laidlawii,4.00E-14,1.49E-17
Prokaryotes,endogenous,Nocardia farcinica,1.00E-13,3.74E-16
Prokaryotes,endogenous,Haemophilus influenzae,1.40E-13,1.86E-17
Prokaryotes,endogenous,Vibrio sp.,1.40E-13,5.66E-17
Prokaryotes,endogenous,Methylophilus methylotrophus,1.50E-13,5.14E-17
Prokaryotes,endogenous,Paracoccus denitrificans,1.60E-13,5.99E-16
Prokaryotes,endogenous,Pseudomonas oleovorans,1.60E-13,2.38E-16
Prokaryotes,endogenous,Achromobacter ruhlandii,2.00E-13,1.35E-15
Prokaryotes,endogenous,Arthrobacter sp.,2.00E-13,1.00E-16
Prokaryotes,endogenous,Enterococcus faecalis,2.00E-13,2.71E-17
Prokaryotes,endogenous,Lactococcus lactis,2.00E-13,5.41E-17
Prokaryotes,endogenous,Mycobacterium tuberculosis,2.00E-13,1.17E-16
Prokaryotes,endogenous,Neisseria elongata,2.00E-13,7.49E-16
Prokaryotes,endogenous,Neisseria flava,2.00E-13,1.08E-15
Prokaryotes,endogenous,Neisseria gonorrhoeae,2.00E-13,3.20E-17
Prokaryotes,endogenous,Neisseria mucosa,2.00E-13,1.35E-15
Prokaryotes,endogenous,Neisseria sicca,2.00E-13,1.17E-15
Prokaryotes,endogenous,Streptococcus pyogenes,2.00E-13,2.98E-16
Prokaryotes,endogenous,Nitrobacter winogradskyi,2.40E-13,1.08E-15
Prokaryotes,endogenous,Thiobacillus ferrooxidans,2.50E-13,8.34E-17
Prokaryotes,endogenous,Thiobacillus thiooxidans,2.50E-13,1.98E-16
Prokaryotes,endogenous,Xanthomonas axonopodis,2.50E-13,4.17E-15
Prokaryotes,endogenous,Staphylococcus aureus,2.70E-13,1.15E-15
Prokaryotes,endogenous,Acidovorax facilis,3.00E-13,9.47E-16
Prokaryotes,endogenous,Bdellovibrio bacteriovorus,3.00E-13,3.38E-15
Prokaryotes,endogenous,Brucella melitensis,3.00E-13,6.49E-16
Prokaryotes,endogenous,Enterobacter aerogenes,3.00E-13,1.35E-15
Prokaryotes,endogenous,Flavobacterium capsulatum,3.00E-13,8.53E-15
Prokaryotes,endogenous,Legionella pneumophila,3.00E-13,1.60E-15
Prokaryotes,endogenous,Streptococcus agalactiae,3.00E-13,1.36E-16
Prokaryotes,endogenous,Enterococcus cecorum,4.00E-13,6.86E-16
Prokaryotes,endogenous,Haemophilus parainfluenzae,4.00E-13,3.73E-16
Prokaryotes,endogenous,Halomonas halodenitrificans,4.00E-13,1.79E-14
Prokaryotes,endogenous,Klebsiella pneumoniae,4.00E-13,5.95E-16
Prokaryotes,endogenous,Mycobacterium phlei,4.00E-13,1.49E-15
Prokaryotes,endogenous,Proteus morganii,4.00E-13,9.02E-16
Prokaryotes,endogenous,Proteus vulgaris,4.00E-13,5.33E-16
Prokaryotes,endogenous,Sallinivibrio costicola,4.00E-13,1.87E-15
Prokaryotes,endogenous,Serratia marcescens,4.00E-13,4.26E-16
Prokaryotes,endogenous,Streptococcus pneumoniae,4.00E-13,3.07E-16
Prokaryotes,endogenous,Taylorella equigenitalis,4.00E-13,1.80E-17
Prokaryotes,endogenous,Thiobacillus intermedius,4.00E-13,1.98E-15
Prokaryotes,endogenous,Achromobacter xerosis,5.00E-13,5.19E-15
Prokaryotes,endogenous,Arthrobacter globiformis,5.00E-13,1.87E-15
Prokaryotes,endogenous,Azorhizobium caulinodans,5.00E-13,8.57E-15
Prokaryotes,endogenous,Azotobacter vinelandii,5.00E-13,3.38E-16
Prokaryotes,endogenous,Pseudomonas aeruginosa,5.00E-13,1.51E-15
Prokaryotes,endogenous,Staphylococcus epidermidis,5.00E-13,6.09E-15
Prokaryotes,endogenous,Yersinia pestis,5.50E-13,1.39E-15
Prokaryotes,endogenous,Achromobacter sp.,6.00E-13,2.27E-15
Prokaryotes,endogenous,Achromobacter viscosus,6.00E-13,9.47E-15
Prokaryotes,endogenous,Aminobacter lissarensis,6.00E-13,6.40E-16
Prokaryotes,endogenous,Nitrosomonas europaea,6.00E-13,4.40E-15
Prokaryotes,endogenous,Rhizobium leguminosarum,6.00E-13,2.57E-15
Prokaryotes,endogenous,Unidentified bacterium,6.00E-13,2.98E-15
Prokaryotes,endogenous,Vibrio alginolyticus,6.00E-13,8.93E-16
Prokaryotes,endogenous,Vibrio fischeri,6.00E-13,1.32E-14
Prokaryotes,endogenous,Vibrio metschnikovii,6.00E-13,8.93E-16
Prokaryotes,endogenous,Vibrio parahaemolyticus,6.00E-13,4.60E-16
Prokaryotes,endogenous,Salmonella typhimurium,6.60E-13,2.64E-15
Prokaryotes,endogenous,Bacillus pumilus,7.00E-13,1.58E-15
Prokaryotes,endogenous,Bacillus stearothermophilus,7.00E-13,6.11E-16
Prokaryotes,endogenous,Bradyrhizobium japonicum,7.00E-13,3.41E-16
Prokaryotes,endogenous,Burkholderia sp.,7.00E-13,6.63E-15
Prokaryotes,endogenous,Escherichia coli,7.00E-13,5.97E-15
Prokaryotes,endogenous,Rhizobium japonicum,7.00E-13,8.77E-15
Prokaryotes,endogenous,Rhizobium meliloti,7.00E-13,3.79E-15
Prokaryotes,endogenous,Acetobacter aceti,7.50E-13,2.03E-16
Prokaryotes,endogenous,Alcaligenes eutrophus,8.00E-13,2.38E-14
Prokaryotes,endogenous,Bacillus popilliae,8.00E-13,2.89E-16
Prokaryotes,endogenous,Delftia acidovorans,8.00E-13,4.69E-15
Prokaryotes,endogenous,Enterococcus sp.,8.00E-13,1.19E-14
Prokaryotes,endogenous,Lactococcus sp.,8.00E-13,8.30E-16
Prokaryotes,endogenous,Rhodobacter sphaeroides,8.00E-13,7.16E-15
Prokaryotes,endogenous,Aquaspirillum itersonii,9.00E-13,4.06E-15
Prokaryotes,endogenous,Bacillus firmus,9.00E-13,5.28E-15
Prokaryotes,endogenous,Enterobacter cloacae,9.00E-13,1.26E-14
Prokaryotes,endogenous,Azospirillum brasiliense,1.00E-12,7.19E-15
Prokaryotes,endogenous,Methylobacterium extorquens,1.00E-12,2.71E-15
Prokaryotes,endogenous,Methylosinus trichosporium,1.00E-12,1.89E-14
Prokaryotes,endogenous,Myxococcus xanthus,1.00E-12,2.08E-15
Prokaryotes,endogenous,Picrophilus oshimae,1.00E-12,1.38E-15
Prokaryotes,endogenous,Pseudomonas fluorescens,1.00E-12,2.32E-15
Prokaryotes,endogenous,Thiocapsa roseopersicina,1.00E-12,2.53E-15
Prokaryotes,endogenous,Micrococcus luteus,1.10E-12,3.52E-16
Prokaryotes,endogenous,Branhamella catarrhalis,1.30E-12,5.89E-16
Prokaryotes,endogenous,Bacillus subtilis,1.40E-12,2.08E-15
Prokaryotes,endogenous,Agrobacterium tumefaciens,1.50E-12,1.35E-14
Prokaryotes,endogenous,Arthrobacter sp.,1.50E-12,8.12E-16
Prokaryotes,endogenous,Beneckea natriegens,1.50E-12,1.79E-13
Prokaryotes,endogenous,Chromatium vinosum,1.50E-12,1.49E-15
Prokaryotes,endogenous,Desulfovibrio salexigens,1.50E-12,8.80E-15
Prokaryotes,endogenous,Lactobacillus brevis,1.60E-12,1.44E-16
Prokaryotes,endogenous,Arthrobacter crystallopoietes,1.70E-12,1.53E-16
Prokaryotes,endogenous,Pseudomonas putida,1.70E-12,7.67E-16
Prokaryotes,endogenous,Acinetobacter baumannii,2.00E-12,1.08E-14
Prokaryotes,endogenous,Acinetobacter calcoaceticus,2.00E-12,6.04E-15
Prokaryotes,endogenous,Acinetobacter johnsonii,2.00E-12,4.15E-14
Prokaryotes,endogenous,Acinetobacter sp.,2.00E-12,4.40E-15
Prokaryotes,endogenous,Acinetobacter sp.,2.00E-12,5.41E-15
Prokaryotes,endogenous,Acinetobacter sp.,2.00E-12,7.22E-15
Prokaryotes,endogenous,Cellvibrio gilvus,2.00E-12,3.34E-14
Prokaryotes,endogenous,Phaeospirillum fulvum,2.00E-12,2.95E-14
Prokaryotes,endogenous,Nocardia corallina,2.10E-12,1.61E-15
Prokaryotes,endogenous,Pediococcus acidilactici,2.20E-12,3.28E-15
Prokaryotes,endogenous,Moraxella osloensis,2.30E-12,1.35E-14
Prokaryotes,endogenous,Methylomicrobium sp.,3.00E-12,1.49E-14
Prokaryotes,endogenous,Bacillus cereus,3.70E-12,1.38E-14
Prokaryotes,endogenous,Sporosarcina ureae,3.80E-12,2.06E-14
Prokaryotes,endogenous,Azospirillum lipoferum,4.00E-12,4.16E-14
Prokaryotes,endogenous,Amoebobacter roseus,5.00E-12,1.22E-14
Prokaryotes,endogenous,Amoebobaeter pendens,5.00E-12,1.92E-14
Prokaryotes,endogenous,Sphaerotilus natans,6.50E-12,1.54E-13
Prokaryotes,endogenous,Bacillus megaterium,7.00E-12,1.04E-14
Prokaryotes,endogenous,Pseudomonas formicans,7.00E-12,3.16E-14
Prokaryotes,endogenous,Rhodospirillum rubrum,9.00E-12,1.80E-14
Prokaryotes,endogenous,Thiocystis violacea,1.10E-11,1.24E-14
Prokaryotes,endogenous,Azomonas agilis?,1.30E-11,1.68E-13
Prokaryotes,endogenous,Azotobacter chroococcum,1.40E-11,1.58E-13
Prokaryotes,endogenous,Amoebobacter purpureus,3.60E-11,1.79E-13
Protists,endogenous,Acanthamoeba castellani,6.70E-09,2.55E-11
Protists,endogenous,Acanthamoeba sp.,4.32E-09,2.29E-11
Protists,endogenous,Actinosphaerium eichhornii,1.46E-05,5.82E-09
Protists,endogenous,Amoeba proteus,9.00E-07,9.00E-10
Protists,endogenous,Astasia klebsii,3.80E-09,6.84E-12
Protists,endogenous,Astasia longa,1.35E-08,3.92E-11
Protists,endogenous,Bresslaua insidiatrix,1.70E-08,3.69E-10
Protists,endogenous,Chilomonas paramecium,2.26E-09,3.62E-11
Protists,endogenous,Coleps hirtus,9.10E-08,3.82E-10
Protists,endogenous,Colpidium campylum,5.44E-08,5.88E-10
Protists,endogenous,Crithida fasciculata,2.08E-09,1.52E-11
Protists,endogenous,Crithidia oncopelti,3.00E-11,1.35E-13
Protists,endogenous,Dictyostelium discodeum,8.40E-10,4.12E-12
Protists,endogenous,Eimeria acervulina,2.64E-09,5.28E-12
Protists,endogenous,Eimeria stiedae,7.98E-09,2.00E-11
Protists,endogenous,Eimeria tenella,5.44E-09,1.25E-11
Protists,endogenous,Endotrypanum schaudinni,1.14E-10,9.58E-14
Protists,endogenous,Entamoeba hystolitica,8.60E-09,3.44E-12
Protists,endogenous,Frontonia leucas,7.45E-07,2.98E-10
Protists,endogenous,Leishmania brasiliensis,9.00E-12,1.80E-13
Protists,endogenous,Leishmania donovani,1.80E-11,1.67E-13
Protists,endogenous,Leishmania enrietti,1.20E-11,8.40E-14
Protists,endogenous,Mayorella palestinensis,8.30E-09,3.07E-11
Protists,endogenous,Noctiluca miliaris,2.24E-04,3.14E-07
Protists,endogenous,Paramecium aurelia,1.60E-07,4.64E-10
Protists,endogenous,Paramecium calkinsi,1.57E-07,5.34E-10
Protists,endogenous,Paramecium caudatum,5.26E-07,1.05E-10
Protists,endogenous,Paramecium multimicronucleatum,6.85E-07,3.63E-09
Protists,endogenous,Pelomyxa carolinensis,4.97E-05,2.49E-08
Protists,endogenous,Pelomyxa palustris,9.00E-05,6.30E-08
Protists,endogenous,Plasmodium cathemerium,5.40E-11,9.72E-14
Protists,endogenous,Plasmodium gallinaceum,7.10E-11,5.68E-14
Protists,endogenous,Plasmodium knowlesi,5.90E-11,5.31E-14
Protists,endogenous,Pleuromonas jaculans,2.50E-11,3.00E-13
Protists,endogenous,Podophrya fixa,1.49E-08,4.32E-11
Protists,endogenous,Schizotrypanum verpertilionis,1.08E-10,2.27E-13
Protists,endogenous,Spirostoma minus,5.00E-07,1.70E-09
Protists,endogenous,Spirostomum ambiguum,1.20E-05,7.08E-08
Protists,endogenous,Spirostomum intermedium,2.29E-07,2.75E-10
Protists,endogenous,Spirostomum teres,4.23E-07,2.12E-10
Protists,endogenous,Stentor coeruleus,1.10E-06,1.98E-09
Protists,endogenous,Tetrahymena pyriformis,2.20E-08,1.30E-10
Protists,endogenous,Tetrahymena pyriformis,4.90E-08,2.99E-10
Protists,endogenous,Tracheloraphis sp.,3.40E-07,5.44E-09
Protists,endogenous,Trichomonas foetus,5.80E-10,1.57E-12
Protists,endogenous,Trichomonas batrachorum,5.60E-10,1.06E-12
Protists,endogenous,Trichomonas nasai,2.10E-10,1.70E-12
Protists,endogenous,Trichomonas vaginalis,8.70E-10,8.70E-13
Protists,endogenous,Trypanosoma cruzi,1.69E-10,2.03E-13
Protists,endogenous,Trypanosoma lewisi,5.80E-11,5.22E-14
Protists,endogenous,Urostyla grandis,1.66E-07,9.46E-09
Protists,endogenous,Trichosphaerium sieboldi,1.00E-10,4.00E-13
Metazoans,endogenous,Asterias rubens,1.00E+01,2.23E-03
Metazoans,endogenous,Parastichopus japonicus,5.00E+01,1.40E-03
Metazoans,endogenous,Homarus americanus,5.00E+02,6.70E-02
Metazoans,endogenous,Pachygrapsus crassipes,1.00E+01,2.40E-03
Metazoans,endogenous,Uca pugilator,7.84E-01,3.52E-04
Metazoans,endogenous,Erpobdella octoculata,3.00E-02,2.23E-05
Metazoans,endogenous,Glossiphonia complanata,3.00E-02,2.76E-05
Metazoans,endogenous,Arenicola marina,1.00E+00,3.46E-04
Metazoans,endogenous,Clymenella torquata,1.00E-01,1.10E-04
Metazoans,endogenous,Mercenaria mercenaria,1.00E+00,5.92E-04
Metazoans,endogenous,Mytilus edulis,1.00E+00,4.27E-04
Metazoans,endogenous,Crepidula fornicata,1.00E+00,1.52E-04
Metazoans,endogenous,Helix pomatia,1.00E-01,1.51E-04
Metazoans,endogenous,Crenobia alpina,1.00E-02,6.70E-06
Metazoans,endogenous,Polycelis felina,1.00E-02,9.49E-06
Prokaryotes,active,Mycoplasma bovis,1.40E-14,2.80E-17
Prokaryotes,active,Mycoplasma capricolum,6.00E-14,1.20E-16
Prokaryotes,active,Leptospira sp.,7.00E-14,2.81E-15
Prokaryotes,active,Streptococcus pyogenes,1.80E-13,3.24E-15
Prokaryotes,active,Lactococcus lactis,2.00E-13,3.34E-15
Prokaryotes,active,Neisseria gonorrhoeae,2.00E-13,1.65E-15
Prokaryotes,active,Streptococcus pneumoniae,2.50E-13,2.00E-15
Prokaryotes,active,Mycoplasma gallisepticum,2.60E-13,5.20E-16
Prokaryotes,active,Streptococcus thermophilus,2.60E-13,3.04E-16
Prokaryotes,active,Neisseria meningitidis,3.00E-13,4.96E-15
Prokaryotes,active,Streptococcus agalactiae,3.00E-13,9.75E-15
Prokaryotes,active,Aerobacter aerogenes,4.00E-13,2.45E-14
Prokaryotes,active,Enterococcus cecorum,4.00E-13,1.62E-14
Prokaryotes,active,Vibrio sp. DW1,4.50E-13,3.19E-14
Prokaryotes,active,Bdellovibrio bacteriovorus,5.00E-13,6.32E-15
Prokaryotes,active,Corynebacterium sp.,5.00E-13,2.41E-14
Prokaryotes,active,Staphylococcus epidermidis,5.00E-13,1.67E-14
Prokaryotes,active,Pseudomonas aeruginosa,6.00E-13,5.34E-13
Prokaryotes,active,Rhizobium leguminosarum,6.00E-13,1.00E-14
Prokaryotes,active,Zymomonas mobilis,6.00E-13,5.25E-14
Prokaryotes,active,Burkholderia sp. JT1500,6.60E-13,9.83E-14
Prokaryotes,active,Bradyrhizobium sp.,7.00E-13,3.09E-14
Prokaryotes,active,Bacillus licheniformis,8.00E-13,4.65E-14
Prokaryotes,active,Enterococcus sp. RfL6,8.00E-13,3.72E-14
Prokaryotes,active,Lactococcus sp. TmLO5,8.00E-13,1.26E-14
Prokaryotes,active,Alteromonas haloplanktis,1.00E-12,1.87E-13
Prokaryotes,active,Azospirillum brasilense,1.00E-12,2.80E-14
Prokaryotes,active,Bacillus macerans,1.00E-12,6.13E-15
Prokaryotes,active,Pseudomonas natrigiens,1.00E-12,1.35E-13
Prokaryotes,active,Streptococcus faecalis,1.00E-12,2.92E-14
Prokaryotes,active,Bacillus subtilis,1.10E-12,5.57E-14
Prokaryotes,active,Escherichia coli,1.20E-12,1.39E-13
Prokaryotes,active,Pseudomonas fluorescens,1.20E-12,4.73E-14
Prokaryotes,active,Lactobacillus bulgaricus,1.30E-12,1.19E-14
Prokaryotes,active,Pseudomonas perfectomarinus,1.70E-12,3.51E-13
Prokaryotes,active,Desulfovibrio propionicus,1.80E-12,2.27E-14
Prokaryotes,active,Lactobacillus casei,1.90E-12,1.97E-14
Prokaryotes,active,Pseudomonas putida,1.90E-12,2.23E-13
Prokaryotes,active,Vibrio anguillarum,2.60E-12,1.77E-13
Prokaryotes,active,Bacillus cereus,3.70E-12,1.60E-13
Prokaryotes,active,Lactobacillus plantarum,3.80E-12,3.77E-14
Prokaryotes,active,Azospirillum lipoferum,4.00E-12,1.19E-13
Prokaryotes,active,Azotobacter chroococcum,1.20E-11,1.62E-11
Prokaryotes,active,Azotobacter agilis,1.90E-11,2.14E-11
Protists,active,Acanthamoeba castellanii,2.95E-09,8.85E-11
Protists,active,Acanthamoeba palestinensis,6.76E-09,3.75E-11
Protists,active,Acanthamoeba rhysodes,5.00E-09,4.18E-11
Protists,active,Ammonia sp.,6.54E-06,9.86E-08
Protists,active,Amoeba proteus,9.55E-07,3.90E-09
Protists,active,Amoeba sp.,2.12E-08,2.22E-11
Protists,active,Astasia klebsii,3.75E-09,1.05E-11
Protists,active,Astasia longa,2.47E-09,6.07E-11
Protists,active,Blepharisma americanum,2.50E-07,3.38E-08
Protists,active,Bolivina pacifica,1.09E-06,1.73E-08
Protists,active,Bolivina spissa,4.00E-06,5.96E-08
Protists,active,Bresslaua insidiatrix,2.40E-08,1.07E-09
Protists,active,Bulimina subornata,1.71E-06,3.84E-08
Protists,active,Buliminella sp.,6.60E-07,1.55E-07
Protists,active,Chaos carolinensis,3.50E-05,3.18E-08
Protists,active,Chilomonas paramecium,5.14E-09,1.02E-10
Protists,active,Chilostomella ovoidea,1.44E-05,2.50E-08
Protists,active,Cibicidoides woellerstorfi,6.89E-06,1.90E-07
Protists,active,Colpidium campylum,4.30E-08,6.44E-10
Protists,active,Colpoda cucullus,4.50E-08,4.58E-10
Protists,active,Corythion dubium,6.54E-08,1.52E-10
Protists,active,Didinium nasutum,7.35E-07,1.08E-08
Protists,active,Elphidium sp.,1.19E-06,1.24E-07
Protists,active,Entamoeba hystolitica,8.60E-06,1.66E-07
Protists,active,Favella ehrenbergii,6.60E-07,2.78E-08
Protists,active,Favella taraikaensis,3.30E-07,1.07E-08
Protists,active,Frontonia leucas,6.14E-07,2.86E-10
Protists,active,Globobulimina affinis,3.11E-05,1.23E-07
Protists,active,Ochromonas sp.,2.50E-10,1.96E-11
Protists,active,Paramecium aurelia,1.12E-07,1.68E-09
Protists,active,Paramecium calkinsi,1.35E-07,1.31E-09
Protists,active,Paramecium caudatum,5.81E-07,1.06E-08
Protists,active,Paraphysomonas imperforata,2.22E-10,1.52E-11
Protists,active,Placus sp. 1,3.82E-07,4.89E-09
Protists,active,Placus sp. 2,7.12E-07,4.00E-09
Protists,active,Pleuromonas jaculans,5.00E-11,7.46E-12
Protists,active,Podophrya fixa,4.55E-08,9.48E-11
Protists,active,Polychaos fasciculatum,7.13E-08,3.59E-11
Protists,active,Qunqueloculina sp.,2.06E-06,1.88E-07
Protists,active,Reophax sp.,2.56E-06,1.54E-07
Protists,active,Saccamoeba limax,5.15E-09,2.89E-09
Protists,active,Spirostomum ambiguum,2.74E-06,1.07E-08
Protists,active,Spirostomum teres,3.49E-07,2.31E-10
Protists,active,Stainforthia apertura,1.11E-06,5.38E-08
Protists,active,Tetrahymena pyriformis,1.79E-08,1.13E-09
Protists,active,Textularia kattegatensis,1.24E-06,1.02E-07
Protists,active,Tintinnopsis acuminata,7.07E-09,1.98E-12
Protists,active,Tintinnopsis vasculum,6.08E-08,7.17E-12
Protists,active,Trichosphaerium sieboldi,6.10E-08,1.85E-09
Protists,active,Uvigerina akitaensis,3.30E-06,1.10E-07
Protists,active,Vanella sp.,7.93E-09,3.73E-09
Metazoans,active,Acartia clausi,4.01E-05,4.63E-06
Metazoans,active,Asellus aquaticus,1.68E-02,4.42E-05
Metazoans,active,Bathycalanus sp.,1.38E-01,3.34E-03
Metazoans,active,Bosmina longirostris,7.69E-06,7.00E-08
Metazoans,active,Brachionus calyciflorus,1.54E-06,2.16E-08
Metazoans,active,Brachionus plicatilis,3.08E-06,3.31E-08
Metazoans,active,Brachyuran larvae (megalops),9.00E-03,1.14E-05
Metazoans,active,Branchinella kugenumaensis,9.96E-02,1.06E-05
Metazoans,active,Calanoides carinatus,1.00E-03,3.70E-06
Metazoans,active,Calanus finmarchicus,1.78E-03,6.53E-05
Metazoans,active,Calanus gracilis,4.15E-03,3.97E-06
Metazoans,active,Calanus hyperboreus,1.99E-02,7.82E-05
Metazoans,active,Calanus pacificus (F),1.38E-03,5.03E-06
Metazoans,active,Calanus pacificus (II),7.69E-05,3.75E-07
Metazoans,active,Calanus pacificus (IV),2.00E-04,7.33E-07
Metazoans,active,Calanus pacificus (N1),7.69E-06,3.41E-07
Metazoans,active,Calanus pacificus (V),3.38E-04,2.21E-06
Metazoans,active,Calanus sp.,1.22E-02,1.37E-05
Metazoans,active,Candacia spp.,1.92E-03,3.61E-06
Metazoans,active,Cavolinia inflexa,1.00E-02,7.34E-06
Metazoans,active,Centropages hamatus,7.01E-05,1.07E-06
Metazoans,active,Centropages typicus,6.63E-05,1.34E-06
Metazoans,active,Daphnia ambigua,3.54E-05,3.88E-07
Metazoans,active,Daphnia carinata,4.82E-04,9.22E-07
Metazoans,active,Daphnia galeata,9.23E-05,7.30E-07
Metazoans,active,Daphnia magna,9.39E-04,5.17E-06
Metazoans,active,Daphnia pulex,4.62E-04,1.95E-06
Metazoans,active,Diacria trispinosa,1.17E-01,5.16E-05
Metazoans,active,Epilabidocera amphitrites,3.85E-03,6.92E-04
Metazoans,active,Euchaeta spp.,6.23E-03,5.90E-06
Metazoans,active,Euchirella rostrata,5.94E-03,1.59E-04
Metazoans,active,Euclio pyramidata,2.31E-02,4.78E-05
Metazoans,active,Euphausia pacifica,1.52E-01,3.13E-04
Metazoans,active,Eurytemora herdmani,4.94E-05,7.24E-07
Metazoans,active,Euthemisto compressa,3.64E-02,1.90E-03
Metazoans,active,Gammarus fossarum,4.19E-02,6.90E-05
Metazoans,active,Gammarus lacustris,1.51E-01,9.56E-05
Metazoans,active,Gammarus pulex,6.58E-02,1.75E-04
Metazoans,active,Gammarus roeseli,9.92E-02,1.38E-04
Metazoans,active,Homarus americanus,2.18E+02,4.39E-02
Metazoans,active,Hyas araneus,1.30E+01,6.43E-04
Metazoans,active,Hyperia galba,5.10E-02,1.55E-03
Metazoans,active,Jasus edwardsii,7.00E+02,2.48E-02
Metazoans,active,Libinia emarginata,1.23E+02,2.43E-02
Metazoans,active,Limacina helicoides,1.31E-02,5.48E-06
Metazoans,active,Meganyctiphanes norvegica,2.58E-01,4.97E-04
Metazoans,active,Nematoscelis atlantica,7.00E-03,3.74E-05
Metazoans,active,Niphargus sphagnicolus,5.90E-03,2.72E-05
Metazoans,active,Oithona similus,7.46E-06,5.07E-08
Metazoans,active,Oncaea sp.,3.08E-05,1.76E-07
Metazoans,active,Pagrus major,2.00E-02,1.23E-03
Metazoans,active,Palaemon peringueyi,1.46E-01,4.14E-04
Metazoans,active,Paraeuchaeta norvegica,3.15E-02,6.48E-04
Metazoans,active,Parathemisto pacifica,1.27E-02,3.27E-05
Metazoans,active,Phronima sedentaria,3.05E-01,7.33E-04
Metazoans,active,Pleurobrachia bacheii,8.77E-02,2.22E-05
Metazoans,active,Pleuromamma gracilis,3.08E-03,4.13E-06
Metazoans,active,Pleuromamma robusta,2.18E-03,2.71E-04
Metazoans,active,Pleuroncodes planipes,3.32E+00,8.04E-04
Metazoans,active,Pseudocalanus minutus,6.32E-05,8.33E-07
Metazoans,active,Rhincalanus nasutus,7.50E-03,2.59E-04
Metazoans,active,Sagitta elegana,1.10E-02,1.41E-05
Metazoans,active,Sergestes sp.,5.29E-01,7.48E-04
Metazoans,active,Simocephalus vetulus,3.96E-04,4.22E-07
Metazoans,active,Solea senegalensis,7.00E+01,2.31E-03
Metazoans,active,Systellaspis debilis,3.69E-01,5.72E-04
Metazoans,active,Temora longicornis,6.17E-05,1.25E-06
Metazoans,active,Themisto sp.,6.15E-02,2.21E-04
Metazoans,active,Tomopteris septentrionalis,4.32E-02,9.66E-05
Metazoans,active,Tortanus discaudalus,8.90E-05,2.08E-06
Metazoans,active,Triops longicaudatus,3.64E-01,8.50E-04
