"source_label","native_key","raw_citation","raw_doi","n_records","role","parsed_author1","parsed_year","parsed_title","parsed_container","parsed_volume","parsed_pages","doi","bibcite","cite_id","match_status","match_reason","services","title_sim","author_match","year_match","container_match","volume_match","pages_match","openalex_id","is_retracted","editorial_notice","verified_at","tool_version","decided_by","decided_at","year_override","notes"
"Gonzalez_2024","Benstead et al. 2010","Benstead, J. P. et al. Biotic and abiotic controls on the ecosystem significance of consumer excretion in two contrasting tropical streams. Freshwater Biology 55, 2047–2061 (2010).","10.1111/j.1365-2427.2010.02461.x",163,"measurement","Benstead",2010,"Biotic and abiotic controls on the ecosystem significance of consumer excretion in two contrasting tropical streams","Freshwater Biology","55","2047-2061","10.1111/j.1365-2427.2010.02461.x",,,"certain","doi_resolves","crossref;openalex;consensus-mcp",1,TRUE,TRUE,TRUE,TRUE,TRUE,"https://openalex.org/W1582314720",FALSE,,"2026-10-05T04:10:16Z","tbmcite 0.1.0",,,,"paper"
"Gonzalez_2024","Bertram et al. 2008","Bertram, S. M., Bowen, M., Kyle, M. & Schade, J. D. Extensive natural intraspecific variation in stoichiometric (C:N:P) composition in two terrestrial insect species. Journal of Insect Science 8, 26 (2008).","10.1673/031.008.2601",78,"measurement","Bertram",2008,"Extensive natural intraspecific variation in stoichiometric (C:N:P) composition in two terrestrial insect species","Journal of Insect Science","8","26","10.1673/031.008.2601",,,"certain","doi_resolves","crossref;openalex;consensus-mcp",1,TRUE,TRUE,TRUE,TRUE,FALSE,"https://openalex.org/W2015127004",FALSE,,"2026-10-05T04:10:16Z","tbmcite 0.1.0",,,,"paper"
"Gonzalez_2024","Christian et al. 2008","Christian, A. D., Crump, B. G. & Berg, D. J. Nutrient release and ecological stoichiometry of freshwater mussels (Mollusca:Unionidae) in 2 small, regionally distinct streams. Journal of the North American Benthological Society 27, 440–450 (2008).","10.1899/07-112.1",89,"measurement","Christian",2008,"Nutrient release and ecological stoichiometry of freshwater mussels (Mollusca:Unionidae) in 2 small, regionally distinct streams","Journal of the North American Benthological Society","27","440-450","10.1899/07-112.1",,,"certain","doi_resolves","crossref;openalex;consensus-mcp",1,TRUE,TRUE,TRUE,TRUE,TRUE,"https://openalex.org/W1973099045",FALSE,,"2026-10-05T04:10:16Z","tbmcite 0.1.0",,,,"paper"
"Gonzalez_2024","Dalton, CM & AS Flecker, unpublished","Dalton, CM & AS Flecker, unpublished",,18,"measurement","Dalton",,"Dalton, CM & AS Flecker, unpublished",,,,"10.1039/c7dt04836j",,,"pending","grey_literature","crossref;openalex",0.3353,FALSE,FALSE,FALSE,FALSE,FALSE,"https://openalex.org/W2784350555",FALSE,,"2026-10-05T04:15:43Z","tbmcite 0.1.0",,,,"Vanni_database sub-source; not in the upstream list, key kept as the citation (the database reference is Vanni, M. J. et al. A global database of nitrogen and phosphorus excretion rates of aquatic animals. Ecology 98, 1475–1475 (2017). DOI 10.1002/ecy.1792)"
"Gonzalez_2024","Durston & El-Sabaawi 2017","Durston, D. J. & El-Sabaawi, R. W. Bony traits and genetics drive intraspecific variation in vertebrate elemental composition. Functional Ecology 31, 2128–2137 (2017).","10.1111/1365-2435.12919",442,"measurement","Durston",2017,"Bony traits and genetics drive intraspecific variation in vertebrate elemental composition","Functional Ecology","31","2128-2137","10.1111/1365-2435.12919",,,"certain","doi_resolves","crossref;openalex;consensus-mcp",1,TRUE,TRUE,TRUE,TRUE,TRUE,"https://openalex.org/W2623538159",FALSE,,"2026-10-05T04:10:16Z","tbmcite 0.1.0",,,,"paper"
"Gonzalez_2024","Ebel et al. 2016","Ebel, J. D., Leroux, S. J., Robertson, M. J. & Dempson, J. B. Whole body-element composition of Atlantic salmon Salmo salar influenced by migration direction and life stage in three distinct populations. Journal of Fish Biology 89, 2365–2374 (2016).","10.1111/jfb.13123",45,"measurement","Ebel",2016,"Whole body-element composition of Atlantic salmon Salmo salar influenced by migration direction and life stage in three distinct populations","Journal of Fish Biology","89","2365-2374","10.1111/jfb.13123",,,"certain","doi_resolves","crossref;openalex;consensus-mcp",1,TRUE,TRUE,TRUE,TRUE,TRUE,"https://openalex.org/W2518682664",FALSE,,"2026-10-05T04:10:16Z","tbmcite 0.1.0",,,,"paper"
"Gonzalez_2024","Filipiak & Weiner 2014","Filipiak, M. & Weiner, J. How to Make a Beetle Out of Wood: Multi-Elemental Stoichiometry of Wood Decay, Xylophagy and Fungivory. PLOS ONE 9, e115104 (2014).","10.1371/journal.pone.0115104",35,"measurement","Filipiak",2014,"How to Make a Beetle Out of Wood: Multi-Elemental Stoichiometry of Wood Decay, Xylophagy and Fungivory","PLOS ONE","9","e115104","10.1371/journal.pone.0115104",,,"certain","doi_resolves","crossref;openalex;consensus-mcp",1,TRUE,TRUE,TRUE,TRUE,TRUE,"https://openalex.org/W2054275327",FALSE,,"2026-10-05T04:10:16Z","tbmcite 0.1.0",,,,"paper"
"Gonzalez_2024","Filipiak & Weiner 2017","Filipiak, M. & Weiner, J. Nutritional dynamics during the development of xylophagous beetles related to changes in the stoichiometry of 11 elements. Physiological Entomology 42, 73–84 (2017).","10.1111/phen.12168",13,"measurement","Filipiak",2017,"Nutritional dynamics during the development of xylophagous beetles related to changes in the stoichiometry of 11 elements","Physiological Entomology","42","73-84","10.1111/phen.12168",,,"certain","doi_resolves","crossref;openalex;consensus-mcp",1,TRUE,TRUE,TRUE,TRUE,TRUE,"https://openalex.org/W2611172936",FALSE,,"2026-10-05T04:10:16Z","tbmcite 0.1.0",,,,"paper"
"Gonzalez_2024","Filipiak et al. 2016","Filipiak, M., Sobczyk, Ł. & Weiner, J. Fungal Transformation of Tree Stumps into a Suitable Resource for Xylophagous Beetles via Changes in Elemental Ratios. Insects 7, 13 (2016).","10.3390/insects7020013",8,"measurement","Filipiak",2016,"Fungal Transformation of Tree Stumps into a Suitable Resource for Xylophagous Beetles via Changes in Elemental Ratios","Insects","7","13","10.3390/insects7020013",,,"certain","doi_resolves","crossref;openalex;consensus-mcp",1,TRUE,TRUE,TRUE,TRUE,TRUE,"https://openalex.org/W2331586666",FALSE,,"2026-10-05T04:10:16Z","tbmcite 0.1.0",,,,"paper"
"Gonzalez_2024","Filipiak et al. 2017","Filipiak, M. et al. Ecological stoichiometry of the honeybee: Pollen diversity and adequate species composition are needed to mitigate limitations imposed on the growth and development of bees by pollen quality. PLOS ONE 12, e0183236 (2017).","10.1371/journal.pone.0183236",87,"measurement","Filipiak",2017,"Ecological stoichiometry of the honeybee: Pollen diversity and adequate species composition are needed to mitigate limitations imposed on the growth and development of bees by pollen quality","PLOS ONE","12","e0183236","10.1371/journal.pone.0183236",,,"certain","doi_resolves","crossref;openalex;consensus-mcp",1,TRUE,TRUE,TRUE,TRUE,TRUE,"https://openalex.org/W2749219443",FALSE,,"2026-10-05T04:10:16Z","tbmcite 0.1.0",,,,"paper"
"Gonzalez_2024","Follum & Gray 1987","Follum, O. A. & Gray, J. S. Nitrogenous excretion by the sediment-living bivalve Nucula tenuis from the Oslofjord, Norway. Mar. Biol. 96, 355–358 (1987).","10.1007/bf00412517",1,"measurement","Follum",1987,"Nitrogenous excretion by the sediment-living bivalve Nucula tenuis from the Oslofjord, Norway. Mar","Biol","96","355-358","10.1007/bf00412517",,,"certain","doi_resolves","crossref;openalex;consensus-mcp",0.9458,TRUE,TRUE,TRUE,TRUE,TRUE,"https://openalex.org/W2020533522",FALSE,,"2026-10-05T04:10:16Z","tbmcite 0.1.0",,,,"paper"
"Gonzalez_2024","Goncharov et al. 2016","Goncharov, A. A., Tsurikov, S. M., Potapov, A. M. & Tiunov, A. V. Short-term incorporation of freshly fixed plant carbon into the soil animal food web: field study in a spruce forest. Ecological Research 31, 923–933 (2016).","10.1101/594101",64,"measurement","Goncharov",2016,"Short-term incorporation of freshly fixed plant carbon into the soil animal food web: field study in a spruce forest","Ecological Research","31","923-933","10.1101/594101",,,"pending","doi_mismatch","crossref;openalex",0.3621,FALSE,FALSE,FALSE,FALSE,FALSE,"https://openalex.org/W2929165885",FALSE,,"2026-10-05T04:15:43Z","tbmcite 0.1.0",,,,"template"
"Gonzalez_2024","González et al. 2011","González, A. L. et al. Exploring patterns and mechanisms of interspecific and intraspecific variation in body elemental composition of desert consumers. OIKOS 12098): 1247-1255 (2011).","10.1007/s00442-011-2032-y",70,"measurement","Gonzalez",2011,,,,,"10.1007/s00442-011-2032-y",,,"certain","doi_resolves","crossref;openalex",0,TRUE,TRUE,FALSE,FALSE,FALSE,"https://openalex.org/W2075680770",FALSE,,"2026-10-05T04:10:16Z","tbmcite 0.1.0",,,,"template"
"Gonzalez_2024","Hamback et al. 2009","Hambäck, P. A. et al. Effects of body size, trophic mode and larval habitat on Diptera stoichiometry: a regional comparison. Oikos 118, 615–623 (2009).","10.1111/j.1600-0706.2008.17177.x",70,"measurement","Hamback",2009,"Effects of body size, trophic mode and larval habitat on Diptera stoichiometry: a regional comparison","Oikos","118","615-623","10.1111/j.1600-0706.2008.17177.x",,,"certain","doi_resolves","crossref;openalex;consensus-mcp",1,TRUE,TRUE,TRUE,TRUE,TRUE,"https://openalex.org/W2172015454",FALSE,,"2026-10-05T04:10:16Z","tbmcite 0.1.0",,,,"paper"
"Gonzalez_2024","Horn & de la Vega 2016","Horn, S. & de la Vega, C. Relationships between fresh weight, dry weight, ash free dry weight, carbon and nitrogen content for selected vertebrates. Journal of Experimental Marine Biology and Ecology 481, 41–48 (2016).","10.1016/j.jembe.2016.04.010",14,"measurement","Horn",2016,"de la Vega, C. Relationships between fresh weight, dry weight, ash free dry weight, carbon and nitrogen content for selected vertebrates","Journal of Experimental Marine Biology and Ecology","481","41-48","10.1016/j.jembe.2016.04.010",,,"certain","doi_resolves","crossref;openalex;consensus-mcp",0.8428,TRUE,TRUE,TRUE,TRUE,TRUE,"https://openalex.org/W2368475419",FALSE,,"2026-10-05T04:10:16Z","tbmcite 0.1.0",,,,"paper"
"Gonzalez_2024","Ikeda database","Ikeda, T. & Skjoldal, H. R. Metabolism and elemental composition of zooplankton from the Barents Sea during early Arctic summer. Marine Biology 100, 173–183 (1989).","10.1007/bf00391956",450,"measurement","Ikeda",1989,"Metabolism and elemental composition of zooplankton from the Barents Sea during early Arctic summer","Marine Biology","100","173-183","10.1007/bf00391956",,,"certain","doi_resolves","crossref;openalex;consensus-mcp",1,TRUE,TRUE,TRUE,TRUE,TRUE,"https://openalex.org/W2059625457",FALSE,,"2026-10-05T04:10:16Z","tbmcite 0.1.0",,,,"Ikeda_database (records cite 'Ikeda database'; mapped to the compilers' database reference)"
"Gonzalez_2024","Jankowski 2000","Jankowski, T. Chemical composition and biomass parameters of a population of Craspedacusta sowerbii Lank1880 (Cnidaria: Limnomedusa). Journal of Plankton Research 22, 1329–1340 (2000).","10.1093/plankt/22.7.1329",24,"measurement","Jankowski",2000,"Chemical composition and biomass parameters of a population of Craspedacusta sowerbii Lank1880 (Cnidaria: Limnomedusa)","Journal of Plankton Research","22","1329-1340","10.1093/plankt/22.7.1329",,,"certain","doi_resolves","crossref;openalex;consensus-mcp",1,TRUE,TRUE,TRUE,TRUE,TRUE,"https://openalex.org/W2140331313",FALSE,,"2026-10-05T04:10:16Z","tbmcite 0.1.0",,,,"paper"
"Gonzalez_2024","Jansen et al. 2012","Jansen, H. M., Verdegem, M. C. J., Strand, O. & Smaal, A. C. Seasonal variation in mineralization rates (C-N-P-Si) of mussel Mytilus edulis biodeposits. Mar Biol 159, 1567–1580 (2012).","10.1007/s00227-012-1944-3",14,"measurement","Jansen",2012,"Seasonal variation in mineralization rates (C-N-P-Si) of mussel Mytilus edulis biodeposits","Mar Biol","159","1567-1580","10.1007/s00227-012-1944-3",,,"certain","doi_resolves","crossref;openalex;consensus-mcp",1,TRUE,TRUE,TRUE,TRUE,TRUE,"https://openalex.org/W2064406040",FALSE,,"2026-10-05T04:10:16Z","tbmcite 0.1.0",,,,"paper"
"Gonzalez_2024","Johnson et al 2010","Johnson et al 2010",,36,"measurement","Johnson",2010,,,,,"10.1111/j.1743-6109.2009.01590.x",,,"not_found","below_threshold","crossref;openalex",0,FALSE,TRUE,FALSE,FALSE,FALSE,"https://openalex.org/W1926669163",FALSE,,"2026-10-05T04:15:43Z","tbmcite 0.1.0",,,,"Vanni_database sub-source; not in the upstream list, key kept as the citation (the database reference is Vanni, M. J. et al. A global database of nitrogen and phosphorus excretion rates of aquatic animals. Ecology 98, 1475–1475 (2017). DOI 10.1002/ecy.1792)"
"Gonzalez_2024","Leal et al. 2017","Leal, M. C., Best, R. J., Durston, D., El-Sabaawi, R. W. & Matthews, B. Stoichiometric traits of stickleback: Effects of genetic background, rearing environment, and ontogeny. Ecology and Evolution 7, 2617–2625 (2017).","10.1002/ece3.2802",36,"measurement","Leal",2017,"Stoichiometric traits of stickleback: Effects of genetic background, rearing environment, and ontogeny","Ecology and Evolution","7","2617-2625","10.1002/ece3.2802",,,"certain","doi_resolves","crossref;openalex;consensus-mcp",1,TRUE,TRUE,TRUE,TRUE,TRUE,"https://openalex.org/W2597357954",FALSE,,"2026-10-05T04:10:16Z","tbmcite 0.1.0",,,,"paper"
"Gonzalez_2024","Ludwig et al. 2018","Ludwig, L., Barbour, M. A., Guevara, J., Avilés, L. & González, A. L. Caught in the web: Spider web architecture affects prey specialization and spider–prey stoichiometric relationships. Ecology and Evolution 8, 6449–6462 (2018).","10.1002/ece3.4028",86,"measurement","Ludwig",2018,"Caught in the web: Spider web architecture affects prey specialization and spider-prey stoichiometric relationships","Ecology and Evolution","8","6449-6462","10.1002/ece3.4028",,,"certain","doi_resolves","crossref;openalex;consensus-mcp",1,TRUE,TRUE,TRUE,TRUE,TRUE,"https://openalex.org/W2805868202",FALSE,,"2026-10-05T04:10:16Z","tbmcite 0.1.0",,,,"template"
"Gonzalez_2024","McIntyre et al 2008","McIntyre et al 2008",,159,"measurement","McIntyre",2008,,,,,"10.1016/j.cjca.2014.10.004",,,"not_found","below_threshold","crossref;openalex",0,FALSE,FALSE,FALSE,FALSE,FALSE,"https://openalex.org/W2091096940",FALSE,,"2026-10-05T04:15:43Z","tbmcite 0.1.0",,,,"Vanni_database sub-source; not in the upstream list, key kept as the citation (the database reference is Vanni, M. J. et al. A global database of nitrogen and phosphorus excretion rates of aquatic animals. Ecology 98, 1475–1475 (2017). DOI 10.1002/ecy.1792)"
"Gonzalez_2024","McIntyre, PB, unpub","McIntyre, PB, unpub",,5,"measurement","McIntyre",,"McIntyre, PB, unpub",,,,"10.1093/gmo/9781561592630.article.j281200",,,"not_found","below_threshold","crossref;openalex",0.5529,FALSE,FALSE,FALSE,FALSE,FALSE,"https://openalex.org/W4213078096",FALSE,,"2026-10-05T04:15:43Z","tbmcite 0.1.0",,,,"Vanni_database sub-source; not in the upstream list, key kept as the citation (the database reference is Vanni, M. J. et al. A global database of nitrogen and phosphorus excretion rates of aquatic animals. Ecology 98, 1475–1475 (2017). DOI 10.1002/ecy.1792)"
"Gonzalez_2024","McManamay et al 2011","McManamay et al 2011",,74,"measurement","McManamay",2011,,,,,"10.5194/hess-25-2239-2021",,,"not_found","below_threshold","crossref;openalex",0,FALSE,FALSE,FALSE,FALSE,FALSE,"https://openalex.org/W3094975153",FALSE,,"2026-10-05T04:15:43Z","tbmcite 0.1.0",,,,"Vanni_database sub-source; not in the upstream list, key kept as the citation (the database reference is Vanni, M. J. et al. A global database of nitrogen and phosphorus excretion rates of aquatic animals. Ecology 98, 1475–1475 (2017). DOI 10.1002/ecy.1792)"
"Gonzalez_2024","Moody et al. 2019","Moody, E. K., Lujan, N. K., Roach, K. A. & Winemiller, K. O. Threshold elemental ratios and the temperature dependence of herbivory in fishes. Functional Ecology 33, 913–923 (2019).","10.1111/1365-2435.13301",244,"measurement","Moody",2019,"Threshold elemental ratios and the temperature dependence of herbivory in fishes","Functional Ecology","33","913-923","10.1111/1365-2435.13301",,,"certain","doi_resolves","crossref;openalex;consensus-mcp",1,TRUE,TRUE,TRUE,TRUE,TRUE,"https://openalex.org/W2914012716",FALSE,,"2026-10-05T04:10:16Z","tbmcite 0.1.0",,,,"paper"
"Gonzalez_2024","Paseka & Grunberg 2019","Paseka, R. E. & Grunberg, R. L. Allometric and trait-based patterns in parasite stoichiometry. Oikos 128, 102–112 (2019).","10.1111/oik.05339",18,"measurement","Paseka",2019,"Allometric and trait-based patterns in parasite stoichiometry","Oikos","128","102-112","10.1111/oik.05339",,,"certain","doi_resolves","crossref;openalex;consensus-mcp",1,TRUE,TRUE,TRUE,TRUE,TRUE,"https://openalex.org/W2883481077",FALSE,,"2026-10-05T04:10:16Z","tbmcite 0.1.0",,,,"paper"
"Gonzalez_2024","Rizzuto et al. 2019","Rizzuto, M. et al. Patterns and potential drivers of intraspecific variability in the body C, N, and P composition of a terrestrial consumer, the snowshoe hare (Lepus americanus). Ecology and Evolution 9, 14453–14464 (2019).","10.1101/594101v1",50,"measurement","Rizzuto",2019,"Patterns and potential drivers of intraspecific variability in the body C, N, and P composition of a terrestrial consumer, the snowshoe hare (Lepus americanus)","Ecology and Evolution","9","14453-14464",,,,"pending","doi_mismatch","crossref;openalex",,,,,,,,FALSE,,"2026-10-05T04:15:43Z","tbmcite 0.1.0",,,,"template"
"Gonzalez_2024","Sereda et al 2008","Sereda et al 2008",,45,"measurement","Sereda",2008,,,,,"10.4319/lo.2010.55.1.0463",,,"not_found","below_threshold","crossref;openalex",0,TRUE,TRUE,FALSE,FALSE,FALSE,"https://openalex.org/W2135905654",FALSE,,"2026-10-05T04:15:43Z","tbmcite 0.1.0",,,,"Vanni_database sub-source; not in the upstream list, key kept as the citation (the database reference is Vanni, M. J. et al. A global database of nitrogen and phosphorus excretion rates of aquatic animals. Ecology 98, 1475–1475 (2017). DOI 10.1002/ecy.1792)"
"Gonzalez_2024","Small et al 2011","Small et al 2011",,187,"measurement","Small",2011,,,,,"10.1109/mdt.2011.2179339",,,"not_found","below_threshold","crossref;openalex",0,FALSE,TRUE,FALSE,FALSE,FALSE,"https://openalex.org/W2606045730",FALSE,,"2026-10-05T04:15:43Z","tbmcite 0.1.0",,,,"Vanni_database sub-source; not in the upstream list, key kept as the citation (the database reference is Vanni, M. J. et al. A global database of nitrogen and phosphorus excretion rates of aquatic animals. Ecology 98, 1475–1475 (2017). DOI 10.1002/ecy.1792)"
"Gonzalez_2024","Sterrett et al 2015","Sterrett et al 2015",,32,"measurement","Sterrett",2015,,,,,"10.1093/poq/nfv001",,,"not_found","below_threshold","crossref;openalex",0,TRUE,TRUE,FALSE,FALSE,FALSE,"https://openalex.org/W2253509690",FALSE,,"2026-10-05T04:15:43Z","tbmcite 0.1.0",,,,"Vanni_database sub-source; not in the upstream list, key kept as the citation (the database reference is Vanni, M. J. et al. A global database of nitrogen and phosphorus excretion rates of aquatic animals. Ecology 98, 1475–1475 (2017). DOI 10.1002/ecy.1792)"
"Gonzalez_2024","Tande 1982","Tande, K. S. Ecological investigations on the zooplankton community of Balsfjorden, northern Norway: Generation cycles, and variations in body weight and body content of carbon and nitrogen related to overwintering and reproduction in the copepod Calanus finmarchicus (Gunnerus). Journal of Experimental Marine Biology and Ecology 62, 129–142 (1982).","10.1016/0022-0981(82)90087-9",33,"measurement","Tande",1982,"Ecological investigations on the zooplankton community of Balsfjorden, northern Norway: Generation cycles, and variations in body weight and body content of carbon and nitrogen related to overwintering and reproduction in the copepod Calanus finmarchicus (Gunnerus)","Journal of Experimental Marine Biology and Ecology","62","129-142","10.1016/0022-0981(82)90087-9",,,"certain","doi_resolves","crossref;openalex;consensus-mcp",1,TRUE,TRUE,TRUE,TRUE,TRUE,"https://openalex.org/W1970031593",FALSE,,"2026-10-05T04:10:16Z","tbmcite 0.1.0",,,,"paper"
"Gonzalez_2024","Tarvainen et al 2005","Tarvainen et al 2005",,1,"measurement","Tarvainen",2005,,,,,"10.13169/prometheus.37.4.0371",,,"not_found","below_threshold","crossref;openalex",0,TRUE,FALSE,FALSE,FALSE,FALSE,"https://openalex.org/W4226165039",FALSE,,"2026-10-05T04:15:43Z","tbmcite 0.1.0",,,,"Vanni_database sub-source; not in the upstream list, key kept as the citation (the database reference is Vanni, M. J. et al. A global database of nitrogen and phosphorus excretion rates of aquatic animals. Ecology 98, 1475–1475 (2017). DOI 10.1002/ecy.1792)"
"Gonzalez_2024","Taylor et al. 2012","Taylor et al. 2012",,42,"measurement","Taylor",2012,,,,,"10.1002/2013eo370002",,,"not_found","below_threshold","crossref;openalex",0,FALSE,TRUE,FALSE,FALSE,FALSE,"https://openalex.org/W2159835749",FALSE,,"2026-10-05T04:15:43Z","tbmcite 0.1.0",,,,"Vanni_database sub-source; not in the upstream list, key kept as the citation (the database reference is Vanni, M. J. et al. A global database of nitrogen and phosphorus excretion rates of aquatic animals. Ecology 98, 1475–1475 (2017). DOI 10.1002/ecy.1792)"
"Gonzalez_2024","Torres & Vanni 2007","Torres & Vanni 2007",,158,"measurement","Torres Vanni",2007,,,,,"10.1111/j.2006.0030-1299.15268.x",,,"not_found","below_threshold","crossref;openalex;consensus-mcp",0,TRUE,TRUE,FALSE,FALSE,FALSE,"https://openalex.org/W4250013826",FALSE,,"2026-10-05T04:15:43Z","tbmcite 0.1.0",,,,"Vanni_database sub-source; not in the upstream list, key kept as the citation (the database reference is Vanni, M. J. et al. A global database of nitrogen and phosphorus excretion rates of aquatic animals. Ecology 98, 1475–1475 (2017). DOI 10.1002/ecy.1792)"
"Gonzalez_2024","Vanni et al 2002","Vanni et al 2002",,89,"measurement","Vanni",2002,,,,,"10.3917/leph.021.0103",,,"not_found","below_threshold","crossref;openalex",0,TRUE,TRUE,FALSE,FALSE,FALSE,"https://openalex.org/W2110487116",FALSE,,"2026-10-05T04:15:43Z","tbmcite 0.1.0",,,,"Vanni_database sub-source; not in the upstream list, key kept as the citation (the database reference is Vanni, M. J. et al. A global database of nitrogen and phosphorus excretion rates of aquatic animals. Ecology 98, 1475–1475 (2017). DOI 10.1002/ecy.1792)"
"Gonzalez_2024","Woods et al. 2004","Woods, H. A., Fagan, W. F., Elser, J. J. & Harrison, J. F. Allometric and phylogenetic variation in insect phosphorus content. Functional Ecology 18, 103–109 (2004).","10.1111/j.1365-2435.2004.00823.x",11,"measurement","Woods",2004,"Allometric and phylogenetic variation in insect phosphorus content","Functional Ecology","18","103-109","10.1111/j.1365-2435.2004.00823.x",,,"certain","doi_resolves","crossref;openalex;consensus-mcp",1,TRUE,TRUE,TRUE,TRUE,TRUE,"https://openalex.org/W2135050542",FALSE,,"2026-10-05T04:10:16Z","tbmcite 0.1.0",,,,"paper"
"Gonzalez_2024","Zimmer et al 2006","Zimmer et al 2006",,1,"measurement","Zimmer",2006,,,,,"10.1371/journal.pmed.0030365",,,"not_found","below_threshold","crossref;openalex",0,FALSE,TRUE,FALSE,FALSE,FALSE,"https://openalex.org/W1974202703",FALSE,,"2026-10-05T04:15:43Z","tbmcite 0.1.0",,,,"Vanni_database sub-source; not in the upstream list, key kept as the citation (the database reference is Vanni, M. J. et al. A global database of nitrogen and phosphorus excretion rates of aquatic animals. Ecology 98, 1475–1475 (2017). DOI 10.1002/ecy.1792)"
"Gonzalez_2024","unpublished - Filipiak","unpublished - Filipiak. González et al. StoichLife: A global dataset of plant and animal elemental content. (2025)",,68,"self","unpublished - Filipiak Gonzalez StoichLife global dataset of plant animal elemental content",2025,,,,,,,,"self","self",,,,,,,,,,,,"tbmcite 0.1.0",,,,"template (unpublished data contributed to StoichLife; key prepended to the upstream citation of the compilation)"
"Gonzalez_2024","unpublished - González","unpublished - González. González et al. StoichLife: A global dataset of plant and animal elemental content. (2025)",,55,"self","unpublished - Gonzalez Gonzalez StoichLife global dataset of plant animal elemental content",2025,,,,,,,,"self","self",,,,,,,,,,,,"tbmcite 0.1.0",,,,"template (unpublished data contributed to StoichLife; key prepended to the upstream citation of the compilation)"
"Gonzalez_2024","unpublished - Leroux","unpublished - Leroux. González et al. StoichLife: A global dataset of plant and animal elemental content. (2025)",,58,"self","unpublished - Leroux Gonzalez StoichLife global dataset of plant animal elemental content",2025,,,,,,,,"self","self",,,,,,,,,,,,"tbmcite 0.1.0",,,,"template (unpublished data contributed to StoichLife; key prepended to the upstream citation of the compilation)"
"Gonzalez_2024","unpublished - Lutz / González","unpublished - Lutz / González. González et al. StoichLife: A global dataset of plant and animal elemental content. (2025)",,5,"self","unpublished - Lutz  Gonzalez Gonzalez StoichLife global dataset of plant animal elemental content",2025,,,,,,,,"self","self",,,,,,,,,,,,"tbmcite 0.1.0",,,,"template (unpublished data contributed to StoichLife; key prepended to the upstream citation of the compilation)"
"Gonzalez_2024","unpublished - Moody","unpublished - Moody. González et al. StoichLife: A global dataset of plant and animal elemental content. (2025)",,89,"self","unpublished - Moody Gonzalez StoichLife global dataset of plant animal elemental content",2025,,,,,,,,"self","self",,,,,,,,,,,,"tbmcite 0.1.0",,,,"template (unpublished data contributed to StoichLife; key prepended to the upstream citation of the compilation)"
"Gonzalez_2024","unpublished - Paseka","unpublished - Paseka. González et al. StoichLife: A global dataset of plant and animal elemental content. (2025)",,72,"self","unpublished - Paseka Gonzalez StoichLife global dataset of plant animal elemental content",2025,,,,,,,,"self","self",,,,,,,,,,,,"tbmcite 0.1.0",,,,"template (unpublished data contributed to StoichLife; key prepended to the upstream citation of the compilation)"
"Gonzalez_2024","unpublished - Paseka / Grunberg","unpublished - Paseka / Grunberg. González et al. StoichLife: A global dataset of plant and animal elemental content. (2025)",,37,"self","unpublished - Paseka  Grunberg Gonzalez StoichLife global dataset of plant animal elemental content",2025,,,,,,,,"self","self",,,,,,,,,,,,"tbmcite 0.1.0",,,,"template (unpublished data contributed to StoichLife; key prepended to the upstream citation of the compilation)"
"Gonzalez_2024","unpublished - Semenina / Tiunov","unpublished - Semenina / Tiunov. González et al. StoichLife: A global dataset of plant and animal elemental content. (2025)",,6,"self","unpublished - Semenina  Tiunov Gonzalez StoichLife global dataset of plant animal elemental content",2025,,,,,,,,"self","self",,,,,,,,,,,,"tbmcite 0.1.0",,,,"template (unpublished data contributed to StoichLife; key prepended to the upstream citation of the compilation)"
"Gonzalez_2024","unpublished - Semenyuk, Abstract book by Tajovsky","unpublished - Semenyuk, Abstract book by Tajovsky. González et al. StoichLife: A global dataset of plant and animal elemental content. (2025)",,9,"self","unpublished - Semenyuk",2025,,,,,,,,"self","self",,,,,,,,,,,,"tbmcite 0.1.0",,,,"template (unpublished data contributed to StoichLife; key prepended to the upstream citation of the compilation)"
"Gonzalez_2024","unpublished - Thomisch / Eisenhauer / Scheu, bachelor thesis","unpublished - Thomisch / Eisenhauer / Scheu, bachelor thesis. González et al. StoichLife: A global dataset of plant and animal elemental content. (2025)",,35,"self","unpublished - Thomisch  Eisenhauer  Scheu",2025,,,,,,,,"self","self",,,,,,,,,,,,"tbmcite 0.1.0",,,,"template (unpublished data contributed to StoichLife; key prepended to the upstream citation of the compilation)"
"Gonzalez_2024","unpublished - Tiunov","unpublished - Tiunov. González et al. StoichLife: A global dataset of plant and animal elemental content. (2025)",,12,"self","unpublished - Tiunov Gonzalez StoichLife global dataset of plant animal elemental content",2025,,,,,,,,"self","self",,,,,,,,,,,,"tbmcite 0.1.0",,,,"template (unpublished data contributed to StoichLife; key prepended to the upstream citation of the compilation)"
"Gonzalez_2024","unpublished - Zenkova / Rosanova / Tiunov","unpublished - Zenkova / Rosanova / Tiunov. González et al. StoichLife: A global dataset of plant and animal elemental content. (2025)",,41,"self","unpublished - Zenkova  Rosanova  Tiunov Gonzalez StoichLife global dataset of plant animal elemental content",2025,,,,,,,,"self","self",,,,,,,,,,,,"tbmcite 0.1.0",,,,"template (unpublished data contributed to StoichLife; key prepended to the upstream citation of the compilation)"
"Gonzalez_2024","unpublished - Zryanin / Tiunov","unpublished - Zryanin / Tiunov. González et al. StoichLife: A global dataset of plant and animal elemental content. (2025)",,97,"self","unpublished - Zryanin  Tiunov Gonzalez StoichLife global dataset of plant animal elemental content",2025,,,,,,,,"self","self",,,,,,,,,,,,"tbmcite 0.1.0",,,,"template (unpublished data contributed to StoichLife; key prepended to the upstream citation of the compilation)"
