"key","citation","doi","note"
"Benstead et al. 2010","Benstead, J. P. et al. Biotic and abiotic controls on the ecosystem significance of consumer excretion in two contrasting tropical streams. Freshwater Biology 55, 2047–2061 (2010).","10.1111/j.1365-2427.2010.02461.x","paper"
"Bertram et al. 2008","Bertram, S. M., Bowen, M., Kyle, M. & Schade, J. D. Extensive natural intraspecific variation in stoichiometric (C:N:P) composition in two terrestrial insect species. Journal of Insect Science 8, 26 (2008).","10.1673/031.008.2601","paper"
"Borer_database","Borer, E. T. et al. Global biogeography of autotroph chemistry: is insolation a driving force? Oikos 122, 1121–1130 (2013).","10.1111/j.1600-0706.2013.00465.x","Borer_database (the compilers' reference for the database)"
"Christian et al. 2008","Christian, A. D., Crump, B. G. & Berg, D. J. Nutrient release and ecological stoichiometry of freshwater mussels (Mollusca:Unionidae) in 2 small, regionally distinct streams. Journal of the North American Benthological Society 27, 440–450 (2008).","10.1899/07-112.1","paper"
"Cross et al. 2003","Cross, W. F., Benstead, J. P., Rosemond, A. D. & Bruce Wallace, J. Consumer-resource stoichiometry in detritus-based streams. Ecology Letters 6, 721–732 (2003).","10.1046/j.1461-0248.2003.00481.x","paper"
"DAAC_ORNL_database","Vergutz, L., Manzoni, S., Porporato, A., Novais, R. F. & Jackson, R. B. A Global Database of Carbon and Nutrient Concentrations of Green and Senesced Leaves. ORNL DAAC (2012) doi:10.3334/ORNLDAAC/1106.","10.3334/ORNLDAAC/1106","DAAC_ORNL_database (the compilers' reference for the database)"
"Dalton, CM & AS Flecker, unpublished","Dalton, CM & AS Flecker, unpublished",,"Vanni_database sub-source; not in the upstream list, key kept as the citation (the database reference is Vanni, M. J. et al. A global database of nitrogen and phosphorus excretion rates of aquatic animals. Ecology 98, 1475–1475 (2017). DOI 10.1002/ecy.1792)"
"Dierenfeld et al. 2015","Dierenfeld, E. S., Norton, T. M., Hyslop, N. L. & Stevenson, D. J. Nutrient Composition of Prey Items Consumed by Free-Ranging Drymarchon couperi (Eastern Indigo Snakes). Southeastern Naturalist 14, 551–560 (2015).","10.1656/058.014.0311","paper"
"Drescher et al. 2016","Drescher, J. et al. Ecological and socio-economic functions across tropical land use systems after rainforest conversion. Philosophical Transactions of the Royal Society B: Biological Sciences 371, 20150275 (2016).","10.1098/rstb.2015.0275","template (upstream row 'Jochum et al. 2016 / Drescher et al. 2016' split into its two papers)"
"Durston & El-Sabaawi 2017","Durston, D. J. & El-Sabaawi, R. W. Bony traits and genetics drive intraspecific variation in vertebrate elemental composition. Functional Ecology 31, 2128–2137 (2017).","10.1111/1365-2435.12919","paper"
"Ebel et al. 2016","Ebel, J. D., Leroux, S. J., Robertson, M. J. & Dempson, J. B. Whole body-element composition of Atlantic salmon Salmo salar influenced by migration direction and life stage in three distinct populations. Journal of Fish Biology 89, 2365–2374 (2016).","10.1111/jfb.13123","paper"
"El-Sabawi et al. 2012","El-Sabaawi, R. W. et al. Widespread intraspecific organismal stoichiometry among populations of the Trinidadian guppy. Functional Ecology 26, 666–676 (2012).","10.1111/j.1365-2435.2012.01974.x","paper"
"El-Sabawi et al. 2016","El-Sabaawi, R. W., Warbanski, M. L., Rudman, S. M., Hovel, R. & Matthews, B. Investment in boney defensive traits alters organismal stoichiometry and excretion in fish. Oecologia 181, 1209–1220 (2016).","10.1007/s00442-016-3599-0","paper"
"Elser_database","Elser, J. J. et al. Nutritional constraints in terrestrial and freshwater food webs. Nature 408, 578–580 (2000).","10.1038/35046058","Elser_database (the compilers' reference for the database)"
"Filipiak & Weiner 2014","Filipiak, M. & Weiner, J. How to Make a Beetle Out of Wood: Multi-Elemental Stoichiometry of Wood Decay, Xylophagy and Fungivory. PLOS ONE 9, e115104 (2014).","10.1371/journal.pone.0115104","paper"
"Filipiak & Weiner 2017","Filipiak, M. & Weiner, J. Nutritional dynamics during the development of xylophagous beetles related to changes in the stoichiometry of 11 elements. Physiological Entomology 42, 73–84 (2017).","10.1111/phen.12168","paper"
"Filipiak et al. 2016","Filipiak, M., Sobczyk, Ł. & Weiner, J. Fungal Transformation of Tree Stumps into a Suitable Resource for Xylophagous Beetles via Changes in Elemental Ratios. Insects 7, 13 (2016).","10.3390/insects7020013","paper"
"Filipiak et al. 2017","Filipiak, M. et al. Ecological stoichiometry of the honeybee: Pollen diversity and adequate species composition are needed to mitigate limitations imposed on the growth and development of bees by pollen quality. PLOS ONE 12, e0183236 (2017).","10.1371/journal.pone.0183236","paper"
"Follum & Gray 1987","Follum, O. A. & Gray, J. S. Nitrogenous excretion by the sediment-living bivalve Nucula tenuis from the Oslofjord, Norway. Mar. Biol. 96, 355–358 (1987).","10.1007/BF00412517","paper"
"Frost et al. 2003","Frost, P. C., Tank, S. E., Turner, M. A. & Elser, J. J. Elemental Composition of Littoral Invertebrates from Oligotrophic and Eutrophic Canadian Lakes. Journal of the North American Benthological Society 22, 51–62 (2003).","10.2307/1467977","paper"
"Goncharov et al. 2016","Goncharov, A. A., Tsurikov, S. M., Potapov, A. M. & Tiunov, A. V. Short-term incorporation of freshly fixed plant carbon into the soil animal food web: field study in a spruce forest. Ecological Research 31, 923–933 (2016).","10.1101/594101","template"
"Gong et al. 2018","Gong, X. et al. Spatial Patterns of Leaf Carbon, Nitrogen, and Phosphorus Stoichiometry of Aquatic Macrophytes in the Arid Zone of Northwestern China. Front. Plant Sci. 9, (2018).","10.3389/fpls.2018.01398","paper"
"Gonzalez et al. 2018","González, A. L. et al. Ecological mechanisms and phylogeny shape invertebrate stoichiometry: A test using detritus-based communities across Central and South America. Functional Ecology 32, 2448–2463 (2018).","10.1111/1365-2435.13197","paper"
"González et al. 2011","González, A. L. et al. Exploring patterns and mechanisms of interspecific and intraspecific variation in body elemental composition of desert consumers. OIKOS 12098): 1247-1255 (2011).","10.1007/s00442-011-2032-y","template"
"Hamback et al. 2009","Hambäck, P. A. et al. Effects of body size, trophic mode and larval habitat on Diptera stoichiometry: a regional comparison. Oikos 118, 615–623 (2009).","10.1111/j.1600-0706.2008.17177.x","paper"
"Horn & de la Vega 2016","Horn, S. & de la Vega, C. Relationships between fresh weight, dry weight, ash free dry weight, carbon and nitrogen content for selected vertebrates. Journal of Experimental Marine Biology and Ecology 481, 41–48 (2016).","10.1016/j.jembe.2016.04.010","paper"
"Huang et al. 2012","Huang, L., Wu, Y., Wan, R. & Zhang, J. Carbon, nitrogen and phosphorus stoichiometry in Japanese anchovy (Engraulis japonicus) from the Huanghai Sea, China. Acta Oceanol. Sin. 31, 154–161 (2012).","10.1007/s13131-012-0229-5","paper"
"Ikeda database","Ikeda, T. & Skjoldal, H. R. Metabolism and elemental composition of zooplankton from the Barents Sea during early Arctic summer. Marine Biology 100, 173–183 (1989).","10.1007/BF00391956","Ikeda_database (records cite 'Ikeda database'; mapped to the compilers' database reference)"
"Ikeda_database","Ikeda, T. & Skjoldal, H. R. Metabolism and elemental composition of zooplankton from the Barents Sea during early Arctic summer. Marine Biology 100, 173–183 (1989).","10.1007/BF00391956","Ikeda_database (the compilers' reference for the database)"
"Jankowski 2000","Jankowski, T. Chemical composition and biomass parameters of a population of Craspedacusta sowerbii Lank1880 (Cnidaria: Limnomedusa). Journal of Plankton Research 22, 1329–1340 (2000).","10.1093/plankt/22.7.1329","paper"
"Jansen et al. 2012","Jansen, H. M., Verdegem, M. C. J., Strand, O. & Smaal, A. C. Seasonal variation in mineralization rates (C-N-P-Si) of mussel Mytilus edulis biodeposits. Mar Biol 159, 1567–1580 (2012).","10.1007/s00227-012-1944-3","paper"
"Jochum et al. 2016","Jochum, M. et al. Decreasing Stoichiometric Resource Quality Drives Compensatory Feeding across Trophic Levels in Tropical Litter Invertebrate Communities. The American Naturalist 190, 131–143 (2017).","10.1086/691790","template (upstream row 'Jochum et al. 2016 / Drescher et al. 2016' split into its two papers)"
"Johnson et al 2010","Johnson et al 2010",,"Vanni_database sub-source; not in the upstream list, key kept as the citation (the database reference is Vanni, M. J. et al. A global database of nitrogen and phosphorus excretion rates of aquatic animals. Ecology 98, 1475–1475 (2017). DOI 10.1002/ecy.1792)"
"Klarner et al. 2014","Klarner, B. et al. Trophic shift of soil animal species with forest type as indicated by stable isotope analysis. Oikos 123, 1173–1181 (2014).","10.1111/j.1600-0706.2013.00939.x","template"
"Klarner et al. 2017","Klarner, B. et al. Trophic niches, diversity and community composition of invertebrate top predators (Chilopoda) as affected by conversion of tropical lowland rainforest in Sumatra (Indonesia). PLOS ONE 12, e0180915 (2017).","10.1371/journal.pone.0180915","template"
"Korotkevich et al. 2018","Korotkevich, A. Yu., Potapov, A. M., Tiunov, A. V. & Kuznetsova, N. A. Collapse of trophic-niche structure in belowground communities under anthropogenic disturbance. Ecosphere 9, e02528 (2018).","10.1002/ecs2.2528","template"
"Leal et al. 2017","Leal, M. C., Best, R. J., Durston, D., El-Sabaawi, R. W. & Matthews, B. Stoichiometric traits of stickleback: Effects of genetic background, rearing environment, and ontogeny. Ecology and Evolution 7, 2617–2625 (2017).","10.1002/ece3.2802","paper"
"Lessard-Pilon, S, PB McIntyre, AS Flecker & SA Thomas, unpubl","Lessard-Pilon, S, PB McIntyre, AS Flecker & SA Thomas, unpubl",,"Vanni_database sub-source; not in the upstream list, key kept as the citation (the database reference is Vanni, M. J. et al. A global database of nitrogen and phosphorus excretion rates of aquatic animals. Ecology 98, 1475–1475 (2017). DOI 10.1002/ecy.1792)"
"Li et al. 2020","Li, Z. et al. Incorporation of root-derived carbon into soil microarthropods varies between cropping systems. Biol Fertil Soils 56, 839–851 (2020).","10.1007/s00374-020-01467-8","paper"
"Ludwig et al. 2018","Ludwig, L., Barbour, M. A., Guevara, J., Avilés, L. & González, A. L. Caught in the web: Spider web architecture affects prey specialization and spider–prey stoichiometric relationships. Ecology and Evolution 8, 6449–6462 (2018).","10.1002/ece3.4028","template"
"McIntyre et al 2008","McIntyre et al 2008",,"Vanni_database sub-source; not in the upstream list, key kept as the citation (the database reference is Vanni, M. J. et al. A global database of nitrogen and phosphorus excretion rates of aquatic animals. Ecology 98, 1475–1475 (2017). DOI 10.1002/ecy.1792)"
"McIntyre, PB, unpub","McIntyre, PB, unpub",,"Vanni_database sub-source; not in the upstream list, key kept as the citation (the database reference is Vanni, M. J. et al. A global database of nitrogen and phosphorus excretion rates of aquatic animals. Ecology 98, 1475–1475 (2017). DOI 10.1002/ecy.1792)"
"McManamay et al 2011","McManamay et al 2011",,"Vanni_database sub-source; not in the upstream list, key kept as the citation (the database reference is Vanni, M. J. et al. A global database of nitrogen and phosphorus excretion rates of aquatic animals. Ecology 98, 1475–1475 (2017). DOI 10.1002/ecy.1792)"
"Milanovich & Hopton 2014, and unpubl","Milanovich & Hopton 2014, and unpubl",,"Vanni_database sub-source; not in the upstream list, key kept as the citation (the database reference is Vanni, M. J. et al. A global database of nitrogen and phosphorus excretion rates of aquatic animals. Ecology 98, 1475–1475 (2017). DOI 10.1002/ecy.1792)"
"Milanovich, JR & JC Maerz, unpubl","Milanovich, JR & JC Maerz, unpubl",,"Vanni_database sub-source; not in the upstream list, key kept as the citation (the database reference is Vanni, M. J. et al. A global database of nitrogen and phosphorus excretion rates of aquatic animals. Ecology 98, 1475–1475 (2017). DOI 10.1002/ecy.1792)"
"Milanovitch_2007","Milanovitch_2007",,"Vanni_database sub-source; not in the upstream list, key kept as the citation (the database reference is Vanni, M. J. et al. A global database of nitrogen and phosphorus excretion rates of aquatic animals. Ecology 98, 1475–1475 (2017). DOI 10.1002/ecy.1792)"
"Milanovitch_2008","Milanovitch_2008",,"Vanni_database sub-source; not in the upstream list, key kept as the citation (the database reference is Vanni, M. J. et al. A global database of nitrogen and phosphorus excretion rates of aquatic animals. Ecology 98, 1475–1475 (2017). DOI 10.1002/ecy.1792)"
"Moody et al. 2017","Moody, E. K., Rugenski, A. T., Sabo, J. L., Turner, B. L. & Elser, J. J. Does the Growth Rate Hypothesis Apply across Temperatures? Variation in the Growth Rate and Body Phosphorus of Neotropical Benthic Grazers. Front. Environ. Sci. 5, (2017).","10.3389/fenvs.2017.00014","paper"
"Moody et al. 2019","Moody, E. K., Lujan, N. K., Roach, K. A. & Winemiller, K. O. Threshold elemental ratios and the temperature dependence of herbivory in fishes. Functional Ecology 33, 913–923 (2019).","10.1111/1365-2435.13301","paper"
"Mozsar et al. 2019","Mozsár, A., Sály, P., Antal, L., Nagy, S. A. & Boros, G. Organismal stoichiometry at the temporal scale: Seasonal variability shapes interspecific differences in fish. Freshwater Biology 64, 244–254 (2019).","10.1111/fwb.13213","template"
"PANGEA_database","Lovelock, C. E., Reef, R. & Pandolfi, J. M. Regional variation in δ13C of coral reef macroalgae on the Great Barrier Reef. Supplement to: Lovelock, CE et al. (accepted): Regional variation in δ13C of coral reef macroalgae. Global Ecology and Biogeography PANGAEA https://doi.org/10.1594/PANGAEA.900711 (2019).","10.1594/PANGAEA.900711","PANGEA_database (the compilers' reference for the database)"
"Paseka & Grunberg 2019","Paseka, R. E. & Grunberg, R. L. Allometric and trait-based patterns in parasite stoichiometry. Oikos 128, 102–112 (2019).","10.1111/oik.05339","paper"
"Pollierer et al. 2009","Pollierer, M. M., Langel, R., Scheu, S. & Maraun, M. Compartmentalization of the soil animal food web as indicated by dual analysis of stable isotope ratios (15N/14N and 13C/12C). Soil Biology and Biochemistry 41, 1221–1226 (2009).","10.1016/j.soilbio.2009.03.002","template"
"Potapov et al. 2016","Potapov, A. A., Semenina, E. E., Korotkevich, A. Yu., Kuznetsova, N. A. & Tiunov, A. V. Connecting taxonomy and ecology: Trophic niches of collembolans as related to taxonomic identity and life forms. Soil Biology and Biochemistry 101, 20–31 (2016).","10.1016/j.soilbio.2016.07.002","template"
"Prater et al. 2019","Prater, C. et al. Understanding variation in salamander ionomes: A nutrient balance approach. Freshwater Biology 64, 294–305 (2019).","10.1111/fwb.13216","paper"
"Rizzuto et al. 2019","Rizzuto, M. et al. Patterns and potential drivers of intraspecific variability in the body C, N, and P composition of a terrestrial consumer, the snowshoe hare (Lepus americanus). Ecology and Evolution 9, 14453–14464 (2019).","10.1101/594101v1","template"
"Rugenski 2013","Rugenski 2013",,"Vanni_database sub-source; not in the upstream list, key kept as the citation (the database reference is Vanni, M. J. et al. A global database of nitrogen and phosphorus excretion rates of aquatic animals. Ecology 98, 1475–1475 (2017). DOI 10.1002/ecy.1792)"
"Scheunemann et al. 2010","Scheunemann, N., Scheu, S. & Butenschoen, O. Incorporation of decade old soil carbon into the soil animal food web of an arable system. Applied Soil Ecology 46, 59–63 (2010).","10.1016/j.apsoil.2010.06.014","template"
"Scheunemann et al. 2015","Scheunemann, N., Digel, C., Scheu, S. & Butenschoen, O. Roots rather than shoot residues drive soil arthropod communities of arable fields. Oecologia 179, 1135–1145 (2015).","10.1007/s00442-015-3415-2","template"
"Scheunemann et al. 2016","Scheunemann, N. et al. Incorporation of root C and fertilizer N into the food web of an arable field: Variations with functional group and energy channel. Food Webs 9, 39–45 (2016).","10.1016/j.fooweb.2016.02.006","template"
"Seeber et al. 2005","Seeber, J. et al. Abundance and trophic structure of macro-decomposers on alpine pastureland (Central Alps, Tyrol): effects of abandonment of pasturing. Pedobiologia 49, 221–228 (2005).","10.1016/j.pedobi.2004.10.003","template"
"Seeber et al. 2009","Seeber, J., Langel, R., Meyer, E. & Traugott, M. Dwarf shrub litter as a food source for macro-decomposers in alpine pastureland. Applied Soil Ecology 41, 178–184 (2009).","10.1016/j.apsoil.2008.10.006","template"
"Sereda et al 2008","Sereda et al 2008",,"Vanni_database sub-source; not in the upstream list, key kept as the citation (the database reference is Vanni, M. J. et al. A global database of nitrogen and phosphorus excretion rates of aquatic animals. Ecology 98, 1475–1475 (2017). DOI 10.1002/ecy.1792)"
"Small & Pringle 2010","Small, G. E. & Pringle, C. M. Deviation from strict homeostasis across multiple trophic levels in an invertebrate consumer assemblage exposed to high chronic phosphorus enrichment in a Neotropical stream. Oecologia 162, 581–590 (2010).","10.1007/s00442-009-1489-4","paper"
"Small et al 2011","Small et al 2011",,"Vanni_database sub-source; not in the upstream list, key kept as the citation (the database reference is Vanni, M. J. et al. A global database of nitrogen and phosphorus excretion rates of aquatic animals. Ecology 98, 1475–1475 (2017). DOI 10.1002/ecy.1792)"
"Sterrett et al 2015","Sterrett et al 2015",,"Vanni_database sub-source; not in the upstream list, key kept as the citation (the database reference is Vanni, M. J. et al. A global database of nitrogen and phosphorus excretion rates of aquatic animals. Ecology 98, 1475–1475 (2017). DOI 10.1002/ecy.1792)"
"Sulivan et al. 2014","Sullivan, M. L., Zhang, Y. & Bonner, T. H. Carbon and nitrogen ratios of aquatic and terrestrial prey for freshwater fishes. Journal of Freshwater Ecology 29, 259–266 (2014).","10.1080/02705060.2014.888524","paper"
"Tande 1982","Tande, K. S. Ecological investigations on the zooplankton community of Balsfjorden, northern Norway: Generation cycles, and variations in body weight and body content of carbon and nitrogen related to overwintering and reproduction in the copepod Calanus finmarchicus (Gunnerus). Journal of Experimental Marine Biology and Ecology 62, 129–142 (1982).","10.1016/0022-0981(82)90087-9","paper"
"Tarvainen et al 2005","Tarvainen et al 2005",,"Vanni_database sub-source; not in the upstream list, key kept as the citation (the database reference is Vanni, M. J. et al. A global database of nitrogen and phosphorus excretion rates of aquatic animals. Ecology 98, 1475–1475 (2017). DOI 10.1002/ecy.1792)"
"Taylor et al. 2012","Taylor et al. 2012",,"Vanni_database sub-source; not in the upstream list, key kept as the citation (the database reference is Vanni, M. J. et al. A global database of nitrogen and phosphorus excretion rates of aquatic animals. Ecology 98, 1475–1475 (2017). DOI 10.1002/ecy.1792)"
"Torres & Vanni 2007","Torres & Vanni 2007",,"Vanni_database sub-source; not in the upstream list, key kept as the citation (the database reference is Vanni, M. J. et al. A global database of nitrogen and phosphorus excretion rates of aquatic animals. Ecology 98, 1475–1475 (2017). DOI 10.1002/ecy.1792)"
"Urabe 1993","Urabe 1993",,"Elser_database sub-source; not in the upstream list, key kept as the citation (the database reference is Elser, J. J. et al. Nutritional constraints in terrestrial and freshwater food webs. Nature 408, 578–580 (2000). DOI 10.1038/35046058)"
"Vanni et al 2002","Vanni et al 2002",,"Vanni_database sub-source; not in the upstream list, key kept as the citation (the database reference is Vanni, M. J. et al. A global database of nitrogen and phosphorus excretion rates of aquatic animals. Ecology 98, 1475–1475 (2017). DOI 10.1002/ecy.1792)"
"Vanni, MJ unpubl","Vanni, MJ unpubl",,"Vanni_database sub-source; not in the upstream list, key kept as the citation (the database reference is Vanni, M. J. et al. A global database of nitrogen and phosphorus excretion rates of aquatic animals. Ecology 98, 1475–1475 (2017). DOI 10.1002/ecy.1792)"
"Vanni_database","Vanni, M. J. et al. A global database of nitrogen and phosphorus excretion rates of aquatic animals. Ecology 98, 1475–1475 (2017).","10.1002/ecy.1792","Vanni_database (the compilers' reference for the database)"
"Woods et al. 2004","Woods, H. A., Fagan, W. F., Elser, J. J. & Harrison, J. F. Allometric and phylogenetic variation in insect phosphorus content. Functional Ecology 18, 103–109 (2004).","10.1111/j.1365-2435.2004.00823.x","paper"
"Zhang & Han 2010","Zhang, G. & Han, X. N:P stoichiometry in Ficus racemosa and its mutualistic pollinator. Journal of Plant Ecology 3, 123–130 (2010).","10.1093/jpe/rtq006","paper"
"Zimmer et al 2006","Zimmer et al 2006",,"Vanni_database sub-source; not in the upstream list, key kept as the citation (the database reference is Vanni, M. J. et al. A global database of nitrogen and phosphorus excretion rates of aquatic animals. Ecology 98, 1475–1475 (2017). DOI 10.1002/ecy.1792)"
"unpublished - Alfaro","unpublished - Alfaro. González et al. StoichLife: A global dataset of plant and animal elemental content. (2025)",,"template (unpublished data contributed to StoichLife; key prepended to the upstream citation of the compilation)"
"unpublished - Doi","unpublished - Doi. González et al. StoichLife: A global dataset of plant and animal elemental content. (2025)",,"template (unpublished data contributed to StoichLife; key prepended to the upstream citation of the compilation)"
"unpublished - Fariña","unpublished - Fariña. González et al. StoichLife: A global dataset of plant and animal elemental content. (2025)",,"template (unpublished data contributed to StoichLife; key prepended to the upstream citation of the compilation)"
"unpublished - Farjalla","unpublished - Farjalla. González et al. StoichLife: A global dataset of plant and animal elemental content. (2025)",,"template (unpublished data contributed to StoichLife; key prepended to the upstream citation of the compilation)"
"unpublished - Filipiak","unpublished - Filipiak. González et al. StoichLife: A global dataset of plant and animal elemental content. (2025)",,"template (unpublished data contributed to StoichLife; key prepended to the upstream citation of the compilation)"
"unpublished - González","unpublished - González. González et al. StoichLife: A global dataset of plant and animal elemental content. (2025)",,"template (unpublished data contributed to StoichLife; key prepended to the upstream citation of the compilation)"
"unpublished - Harrower","unpublished - Harrower. González et al. StoichLife: A global dataset of plant and animal elemental content. (2025)",,"template (unpublished data contributed to StoichLife; key prepended to the upstream citation of the compilation)"
"unpublished - Hood","unpublished - Hood. González et al. StoichLife: A global dataset of plant and animal elemental content. (2025)",,"template (unpublished data contributed to StoichLife; key prepended to the upstream citation of the compilation)"
"unpublished - Jackson","unpublished - Jackson. González et al. StoichLife: A global dataset of plant and animal elemental content. (2025)",,"template (unpublished data contributed to StoichLife; key prepended to the upstream citation of the compilation)"
"unpublished - Korotkevich / Tiunov","unpublished - Korotkevich / Tiunov. González et al. StoichLife: A global dataset of plant and animal elemental content. (2025)",,"template (unpublished data contributed to StoichLife; key prepended to the upstream citation of the compilation)"
"unpublished - Kratina","unpublished - Kratina. González et al. StoichLife: A global dataset of plant and animal elemental content. (2025)",,"template (unpublished data contributed to StoichLife; key prepended to the upstream citation of the compilation)"
"unpublished - Leroux","unpublished - Leroux. González et al. StoichLife: A global dataset of plant and animal elemental content. (2025)",,"template (unpublished data contributed to StoichLife; key prepended to the upstream citation of the compilation)"
"unpublished - Lutz / González","unpublished - Lutz / González. González et al. StoichLife: A global dataset of plant and animal elemental content. (2025)",,"template (unpublished data contributed to StoichLife; key prepended to the upstream citation of the compilation)"
"unpublished - Moody","unpublished - Moody. González et al. StoichLife: A global dataset of plant and animal elemental content. (2025)",,"template (unpublished data contributed to StoichLife; key prepended to the upstream citation of the compilation)"
"unpublished - Paseka","unpublished - Paseka. González et al. StoichLife: A global dataset of plant and animal elemental content. (2025)",,"template (unpublished data contributed to StoichLife; key prepended to the upstream citation of the compilation)"
"unpublished - Paseka / Grunberg","unpublished - Paseka / Grunberg. González et al. StoichLife: A global dataset of plant and animal elemental content. (2025)",,"template (unpublished data contributed to StoichLife; key prepended to the upstream citation of the compilation)"
"unpublished - Potapov","unpublished - Potapov. González et al. StoichLife: A global dataset of plant and animal elemental content. (2025)",,"template (unpublished data contributed to StoichLife; key prepended to the upstream citation of the compilation)"
"unpublished - Potapov / Scheu","unpublished - Potapov / Scheu. González et al. StoichLife: A global dataset of plant and animal elemental content. (2025)",,"template (unpublished data contributed to StoichLife; key prepended to the upstream citation of the compilation)"
"unpublished - Romero","unpublished - Romero. González et al. StoichLife: A global dataset of plant and animal elemental content. (2025)",,"template (unpublished data contributed to StoichLife; key prepended to the upstream citation of the compilation)"
"unpublished - Rosanova","unpublished - Rosanova. González et al. StoichLife: A global dataset of plant and animal elemental content. (2025)",,"template (not in the upstream list, which has 'unpublished - Rosanova / Tiunov'; added as the other unpublished template rows)"
"unpublished - Rosanova / Tiunov","unpublished - Rosanova / Tiunov. González et al. StoichLife: A global dataset of plant and animal elemental content. (2025)",,"template (unpublished data contributed to StoichLife; key prepended to the upstream citation of the compilation)"
"unpublished - Roussel","unpublished - Roussel. González et al. StoichLife: A global dataset of plant and animal elemental content. (2025)",,"template (unpublished data contributed to StoichLife; key prepended to the upstream citation of the compilation)"
"unpublished - Rugenski","unpublished - Rugenski. González et al. StoichLife: A global dataset of plant and animal elemental content. (2025)",,"template (unpublished data contributed to StoichLife; key prepended to the upstream citation of the compilation)"
"unpublished - Scheunemann / Potapov","unpublished - Scheunemann / Potapov. González et al. StoichLife: A global dataset of plant and animal elemental content. (2025)",,"template (unpublished data contributed to StoichLife; key prepended to the upstream citation of the compilation)"
"unpublished - Semenina / Tiunov","unpublished - Semenina / Tiunov. González et al. StoichLife: A global dataset of plant and animal elemental content. (2025)",,"template (unpublished data contributed to StoichLife; key prepended to the upstream citation of the compilation)"
"unpublished - Semenyuk, Abstract book by Tajovsky","unpublished - Semenyuk, Abstract book by Tajovsky. González et al. StoichLife: A global dataset of plant and animal elemental content. (2025)",,"template (unpublished data contributed to StoichLife; key prepended to the upstream citation of the compilation)"
"unpublished - Susanti / Potapov","unpublished - Susanti / Potapov. González et al. StoichLife: A global dataset of plant and animal elemental content. (2025)",,"template (unpublished data contributed to StoichLife; key prepended to the upstream citation of the compilation)"
"unpublished - Thomisch / Eisenhauer / Scheu, bachelor thesis","unpublished - Thomisch / Eisenhauer / Scheu, bachelor thesis. González et al. StoichLife: A global dataset of plant and animal elemental content. (2025)",,"template (unpublished data contributed to StoichLife; key prepended to the upstream citation of the compilation)"
"unpublished - Tiunov","unpublished - Tiunov. González et al. StoichLife: A global dataset of plant and animal elemental content. (2025)",,"template (unpublished data contributed to StoichLife; key prepended to the upstream citation of the compilation)"
"unpublished - Vanyavina / Potapov XIV Congress Russian Entomo Society","unpublished - Vanyavina / Potapov XIV Congress Russian Entomo Society. González et al. StoichLife: A global dataset of plant and animal elemental content. (2025)",,"template (unpublished data contributed to StoichLife; key prepended to the upstream citation of the compilation)"
"unpublished - Zandona","unpublished - Zandona. González et al. StoichLife: A global dataset of plant and animal elemental content. (2025)",,"template (unpublished data contributed to StoichLife; key prepended to the upstream citation of the compilation)"
"unpublished - Zenkova / Rosanova / Tiunov","unpublished - Zenkova / Rosanova / Tiunov. González et al. StoichLife: A global dataset of plant and animal elemental content. (2025)",,"template (unpublished data contributed to StoichLife; key prepended to the upstream citation of the compilation)"
"unpublished - Zryanin / Tiunov","unpublished - Zryanin / Tiunov. González et al. StoichLife: A global dataset of plant and animal elemental content. (2025)",,"template (unpublished data contributed to StoichLife; key prepended to the upstream citation of the compilation)"
