key,citation
Ayala-Berdon and Medina-Bello 2024,"Ayala-Berdon J, Medina-Bello KI (2024) Torpor energetics are related to the interaction between body mass and climate in bats of the family Vespertilionidae. J Exp Biol 227. https://doi.org/10.1242/jeb.246824"
Ayala-Berdon et al. 2025,"Ayala-Berdon J, Medina-Bello KI, Carballo-Morales JD, Saldaña-Vázquez RA, Villalobos F (2025) Thermal energetics of bats of the family Vespertilionidae: an evolutionary approach. Zoology 126271. https://doi.org/10.1016/j.zool.2025.126271"
Baudinette et al. 2000,"Baudinette RV, Churchill SK, Christian KA, Nelson JE, Hudson PJ (2000) Energy, water balance and the roost microenvironment in three Australian cave-dwelling bats (Microchiroptera). J Comp Physiol B 170:439-446."
Becker et al. 2013,"Becker NI, Tschapka M, Kalko EK, Encarnaçao JA (2013) Balancing the energy budget in free-ranging male Myotis daubentonii bats. Physiol Biochem Zool 86-361-369. https://doi.org/10.1086/670527"
Currie et al. 2015,"Currie SE, Noy K, Geiser F (2015) Passive rewarming from torpor in hibernating bats: minimizing metabolic costs and cardiac demands. Am J Physiol Regul Integr Comp Physiol 308:34–41. https://doi.org/10.1152/ajpregu.00341.2014"
Dixon and Rose 2003,"Dixon KJ, Rose RW (2003) Thermal energetics of Nyctophilus geoffroyi (Chiroptera: Vespertilionidae) at the southern limits of its distribution. Aust J Zool 51: 43-50. https://doi.org/10.1071/ZO02039"
Geiser and Brigham 2000,"Geiser F, Brigham RM (2000) Torpor, thermal biology, and energetics in Australian long- eared bats (Nyctophilus). J Comp Physiol B 170:153-162. https://doi.org/10.1007/s003600050270"
Genoud 1990,Genoud M (1990) Seasonal variations in the basal rate of metabolism of subtropical insectivorous bats (Nycticeius humeralis and Lasiurus seminolus): a comparison with other mammals. Rev Suisse Zool 97: 77-90. https://doi.org/10.5962/bhl.part.79726
Genoud 1993,"Genoud M (1993) Temperature regulation in subtropical tree bats. Comparative Biochemistry and Physiology, Comparative Physiology 104: 321-331. https://doi.org/10.1016/0300-9629(93)90324-w"
Hanus 1959,Hanus K (1959) Body temperatures and metabolism in bats at different environmental temperatures. Physiol Bohemoslov 8:250-259.
Hosken and Withers 1997,"Hosken DJ, Withers PC (1997) Temperature regulation and metabolism of an Australian bat, Chalinolobus gouldii (Chiroptera: Vespertilionidae) when euthermic and torpid. J Comp Physiol B 167:71-80. https://doi.org/10.1007/s003600050049"
Hosken and Withers 1999,"Hosken DJ, Withers PC (1999) Metabolic physiology of euthermic and torpid lesser long-eared bats, Nyctophilus geoffroyi (Chiroptera: Vespertilionidae). J Mammal 80:42-52."
Kurta and Kunz 1988,"Kurta A, Kunz TH (1988) Roosting metabolic rate and body temperature of male little brown bats (Myotis lucifugus) in summer. J Mammal 69:645-651. https://doi.org/10.2307/1381365"
Licht and Leitner 1967,"Licht P, Leitner P (1967) Physiological responses to high environmental temperatures in three species of microchiropteran bats. Comp Biochem Physiol 22:371-387. https://doi.org/10.1016/0010-406X(67)90601-9"
McNab 1969,McNab BK (1969) The economics of temperature regulation in neutropical bats. Comp Biochem Physiol 31:227-268. https://doi.org/10.1016/0010-406X(69)91651-X
McNab 1980,McNab BK (1980) On estimating thermal conductance in endotherms. Physiol Zool 53:145-156. https://doi.org/10.1086/physzool.53.2.30152577
Muñoz-García et al. 2012,"Muñoz-Garcia A, Ben-Hamo M, Pinshow B, Williams JB, Korine C (2012) The relationship between cutaneous water loss and thermoregulatory state in Kuhl’s pipistrelle Pipistrellus kuhlii, a Vespertillionid bat. Physiol Biochem Zool 85:516-525. https://doi.org/10.1086/666989"
Skåra et al. 2021,"Skåra KH, Bech C, Fjelldal MA, van Der Kooij J, Sørås R, Stawski C (2021) Energetics of whiskered bats in comparison to other bats of the family Vespertilionidae. Biol Open 10: bio058640. https://doi.org/10.1242/bio.058640"
Speakman et al. 1989,"Speakman JR, Anderson ME, Racey PA (1989) The energy cost of echolocation in pipistrelle bats (Pipistrettus pipistrellus). J Comp Physiol A 165:679-685. https://doi.org/10.1007/BF00610999"
Sørås et al. 2022,"Sørås R, Fjelldal MA, Bech C, van der Kooij J, Skåra KH, Eldegard K, Stawski C (2022. State dependence of arousal from torpor in brown long-eared bats (Plecotus auritus). J Comp Physiol B 192:815-827. https://doi.org/10.1007/s00360-022-01451-8"
Speakman et al. 2003,"Speakman JR, Thomas DW (2003) Physiological ecology and energetics of bats. In: Kunz TH, Fenton MB (Eds) Bat ecology.Chicago, United States, pp 430-490."
This study,This study
Ayala-Berdon et al. unpublished data,Ayala-Berdon et al. unpublished data
McNab 1989,McNab BK (1969) The economics of temperature regulation in neutropical bats. Comp Biochem Physiol 31:227-268. https://doi.org/10.1016/0010-406X(69)91651-X
