Species,Family,Order,Method,WingStatus,Mass_mg,MetabolicRate_uW,ref_keys
Unknown species*,Meinertellidae,Archaeognatha,Open,0,12.75,38.3,*
Species 1 (Sutherland)*,Lepismatidae,Thysanura,Open,0,23.04,36.9,*
Species 2 (Stellenbosch)*,Lepismatidae,Thysanura,Open,0,26.64,23.0,*
Species 3 (Cederberg)*,Lepismatidae,Thysanura,Open,0,17.80,42.3,*
Anax junius,Aeschnidae,Odonata,Closed,1,1019.00,4148.4,1
Brachymesia gravida,Libellulidae,Odonata,Closed,1,344.00,1555.6,1
Erythemis simplicicollis,Libellulidae,Odonata,Closed,1,263.00,877.5,1
Erythrodiplax berenice,Libellulidae,Odonata,Closed,1,125.00,438.8,1
Erythrodiplax connata,Libellulidae,Odonata,Closed,1,52.00,191.5,1
Libellula auripennis,Libellulidae,Odonata,Closed,1,464.00,1396.1,1
Libellula needhami,Libellulidae,Odonata,Closed,1,518.00,1675.3,1
Miathyria marcella,Libellulidae,Odonata,Closed,1,17.10,765.9,1
Pachydiplax longipennis,Libellulidae,Odonata,Closed,1,200.00,1765.2,1
Pantala flavescens,Libellulidae,Odonata,Closed,1,339.00,1675.3,1
Perithemis tenera,Libellulidae,Odonata,Closed,1,61.00,331.1,1
Tramea carolina,Libellulidae,Odonata,Closed,1,383.00,1795.0,1
Coptotermes formosanus,Rhinotermitidae,Isoptera,Open,0,2.95,8.1,2
Heterotermes tenuior,Rhinotermitidae,Isoptera,Closed,0,1.40,1.9,3
Reticulitermes flavipes,Rhinotermitidae,Isoptera,Open,0,2.97,12.0,2
Schedorhinotermes javanicus,Rhinotermitidae,Isoptera,Closed,0,2.70,2.9,3
Schedorhinotermes sarawakensis,Rhinotermitidae,Isoptera,Closed,0,8.30,17.9,3
Labritermes kistneri,Termitidae,Isoptera,Closed,0,0.70,2.0,3
Dicuspiditermes nemorosus,Termitidae,Isoptera,Closed,0,3.50,1.7,3
Dicuspiditermes santschii,Termitidae,Isoptera,Closed,0,2.60,0.6,3
Homallotermes eleanorae,Termitidae,Isoptera,Closed,0,2.20,1.5,3
Pericapritermes nitobei,Termitidae,Isoptera,Closed,0,1.20,1.2,3
Pericapritermes semarangi,Termitidae,Isoptera,Closed,0,1.30,0.8,3
Procapritermes nr. sandakanensis,Termitidae,Isoptera,Closed,0,5.90,2.4,3
Syncapritermes sp. A,Termitidae,Isoptera,Closed,0,6.70,3.1,3
Termes borneensis,Termitidae,Isoptera,Closed,0,3.00,2.1,3
Globitermes globosus,Termitidae,Isoptera,Closed,0,1.90,1.4,3
Prohamitermes mirabilis,Termitidae,Isoptera,Closed,0,3.50,1.9,3
Aciculioiditermes sp. A,Termitidae,Isoptera,Closed,0,1.80,1.8,3
Bulbitermes sp. C,Termitidae,Isoptera,Closed,0,2.80,2.3,3
Havilanditermes atripennis,Termitidae,Isoptera,Closed,0,8.00,8.0,3
Hospitalitermes hospitalis,Termitidae,Isoptera,Closed,0,7.70,5.6,3
Nasutitermes longinasus,Termitidae,Isoptera,Closed,0,2.60,1.5,3
Proaciculitermes sp. A,Termitidae,Isoptera,Closed,0,1.10,0.8,3
Proaciculitermes sp. E,Termitidae,Isoptera,Closed,0,2.70,1.4,3
Hypotermes xenotermites,Termitidae,Isoptera,Closed,0,2.60,2.9,3
Macrotermes carbonarius,Termitidae,Isoptera,Closed,0,11.93,51.8,4
Macrotermes gilvus,Termitidae,Isoptera,Closed,0,7.00,5.5,3
Macrotermes malaccensis,Termitidae,Isoptera,Closed,0,11.60,14.1,3
Microcerotermes dubius,Termitidae,Isoptera,Closed,0,2.20,2.9,3
Microcerotermes serrula,Termitidae,Isoptera,Closed,0,1.90,2.2,3
Blatta orientalis,Blattidae,Blattodea,Closed,0,325.00,555.9,5
Eublaberus posticus,Blattidae,Blattodea,Open,1,2200.00,4219.5,6
Periplaneta americana,Blattidae,Blattodea,Open,1,900.00,979.4,7
Periplaneta orientalis,Blattidae,Blattodea,Closed,1,165.00,307.9,8
Blatella germanica,Blattellidae,Blattodea,Closed,1,54.76,203.3,9
Byrsotria fumagata,Blattellidae,Blattodea,Open,,4950.00,5584.6,6
Gromphadorhina chopardi,Blattellidae,Blattodea,Open,0,3400.00,2685.1,6
Gromphadorihna portentosa,Blattellidae,Blattodea,Open,0,4950.00,4747.0,10
Parcoblatta sp.,Blattellidae,Blattodea,Closed,,73.00,92.0,11
Blaberus discoidalis,Blaberidae,Blattodea,Open,1,4080.00,3912.6,6
Blaberus giganteus,Blaberidae,Blattodea,Open,1,4330.00,3646.4,12
Leucophaea maderae,Blaberidae,Blattodea,,1,2800.00,2903.9,13
Nauphoeta cinerea,Blaberidae,Blattodea,Closed,1,510.00,732.2,13
Perisphaeria sp.,Blaberidae,Blattodea,Open,1,324.10,196.8,14
Sphodromantis gastrica*,Mantidae,Mantodea,Open,1,335.70,611.6,*
Karoophasma biedouwensis*,Austrophasmatidae,Mantophasmatodea,Open,0,103.95,317.9,*
Oecanthus quadripunctatus,Gryllidae,Orthoptera,Closed,1,50.00,134.3,15
Enyaliopsis petersi,Gryllidae,Orthoptera,Closed,,750.00,1525.7,16
Eugaster loricatus,Gryllidae,Orthoptera,Closed,,1580.00,1762.1,16
Hophlosphyrum griseus,Gryllidae,Orthoptera,Closed,1,36.20,79.9,17
Pternonemobius fasciatus,Gryliidae,Orthoptera,Closed,,26.17,469.5,18
Acheta domesticus,Gryllidae,Orthoptera,Open,1,369.00,1138.6,19
Teleogryllus commodus,Gryllidae,Orthoptera,Open,1,950.00,5686.9,7
Anurogryllis arboreus,Gryllidae,Orthoptera,Closed,1,310.00,550.9,15
Ceuthophilis fossor,Gryllacrididae,Orthoptera,Closed,0,70.15,817.6,20
Ceuthophilis gracilipes,Gryllacrididae,Orthoptera,Closed,0,259.10,543.6,11
Gryllotalpa australis,Gryllotalpidae,Orthoptera,Closed,1,874.00,2235.6,21
Conocephalus fasciatus,Tettigoniidae,Orthoptera,Closed,1,51.37,717.1,18
Euconocephalus nasutus,Tettigoniidae,Orthoptera,Closed,1,650.00,1026.7,22
Insara covilleae,Tettigoniidae,Orthoptera,Closed,1,92.60,1633.1,20
Neoconocephalus robustus,Tettigoniidae,Orthoptera,Closed,1,870.00,3729.9,22
Requena verticalis,Tettigoniidae,Orthoptera,Closed,1,370.00,683.0,15
Anconia integra,Acrididae,Orthoptera,Closed,1,816.70,2644.1,20
Bootettix punctatus,Acrididae,Orthoptera,Closed,1,47.01,364.7,20
Encoptolophus s. costalis,Acrididae,Orthoptera,Closed,1,174.60,462.6,23
Locusta migratoria migratorioides,Acrididae,Orthoptera,Closed,1,1500.00,4934.0,24
Melanoplus bivittatus,Acrididae,Orthoptera,Open,1,1650.00,5057.0,25
Melanoplus complanipes,Acrididae,Orthoptera,Closed,1,141.55,624.3,20
Oedalis instillatus,Acridiidae,Orthoptera,Closed,1,627.00,966.4,16
Romalea guttata,Acrididae,Orthoptera,Open,1,2874.00,2696.1,26
Taeniopoda eques,Acrididae,Orthoptera,Open,1,2043.00,2462.0,26
Trimerotropis pallidipennis,Acrididae,Orthoptera,Closed,1,221.35,743.3,27
Trimerotropis saxatilis,Acrididae,Orthoptera,Closed,1,155.00,321.8,28
Trimerotropis sp.,Acrididae,Orthoptera,Closed,1,145.90,1007.5,20
Trimerotropis suffusa,Acrididae,Orthoptera,Closed,1,297.50,906.2,27
Xanthippus corallipes,Acrididae,Orthoptera,Closed,1,2302.20,7508.5,29
Tanaocerus koebeli,Tanaoceridae,Orthoptera,Closed,0,102.50,625.9,20
Xiphoceriana sp.,Acridiidae,Orthoptera,Closed,1,1568.00,743.0,16
Euborellia annulipes*,Carcinophoridae,Dermaptera,Open,0,31.76,82.9,*
Unknown genus,Psyllidae,Hemiptera,Closed,1,0.16,5.6,20
Pseudococcus citri,Pseudococcidae,Hemiptera,,0,1.30,11.3,30
Neophilaenus lineatus,Cercopidae,Hemiptera,Closed,1,1.91,30.6,31
Philaenus spumarius,Cercopidae,Hemiptera,Closed,1,3.93,59.5,32
Cystosoma saundersii,Cicadidae,Hemiptera,Closed,1,1158.00,2345.1,33
Diceroprocta apache,Cicadidae,Hemiptera,Open,1,622.00,1605.2,34
Fidicina mannifera,Cicadidae,Hemiptera,Open,1,2840.00,9689.906,35
Multareoides bifurcatus,Membracidae,Hemiptera,Closed,1,1.34,15.2,20
Hysteropterum sp.,Issidae,Hemiptera,Closed,0,1.71,40.3,20
Phytocoris nigripubescens,Miridae,Hemiptera,Closed,1,1.27,30.8,20
Slaterocoris sp.,Miridae,Hemiptera,Closed,1,0.86,17.2,20
Unknown genus,Miridae,Hemiptera,Closed,1,0.51,12.0,20
Unknown genus,Miridae,Hemiptera,Closed,1,3.56,72.9,20
Unknown genus,Miridae,Hemiptera,Closed,1,3.85,35.0,20
Rhodnius prolixus,Reduviidae,Hemiptera,Open,0,66.75,92.7,36
Unknown genus,Nabidae,Hemiptera,Closed,1,1.89,25.9,20
Dendrocoris contaminatus,Pentatomidae,Hemiptera,Closed,1,11.00,26.2,20
Unknown genus,Coreidae,Hemiptera,Closed,1,66.70,410.5,20
Lygus kalmii,Lygaeidae,Hemiptera,Closed,1,10.17,146.3,20
Unknown genus,Neididae,Hemiptera,Closed,1,0.95,28.1,20
Corydalis cornutus,Corydalidae,Megaloptera,Closed,1,326.00,4724.5,37
Saprinus sp.,Histeridae,Coleoptera,Closed,1,8.21,65.4,20
Sphaeridium lunatum,Hydrophilidae,Coleoptera,Closed,1,34.00,175.5,38
Species 3,Staphilinidae,Coleoptera,Closed,1,0.09,0.3,39
Popilius disjunctus,Passalidae,Coleoptera,Closed,1,1630.50,1611.6,11
Popilius sp.,Passalidae,Coleoptera,Closed,1,563.00,799.4,40
Omorgus radula,Trogidae,Coleoptera,Open,1,207.00,114.1,41
Geotrupes sp.,Geotrupiidae,Coleoptera,Closed,1,160.30,679.8,39
Geotrupes spiniger,Geotrupidae,Coleoptera,Closed,1,825.00,4946.1,38
Aphodius contaminatus,Aphodiidae,Coleoptera,Closed,1,14.00,103.7,38
Aphodius fossor,Aphodiidae,Coleoptera,Open,1,121.30,268.8,42
Aphodius rufipes,Aphodiidae,Coleoptera,Closed,1,84.00,382.9,38
Aphodius distinctus,Scarabaeidae,Coleoptera,Closed,1,7.80,104.9,43
Aphodius fimetarius,Scarabaeidae,Coleoptera,Closed,1,30.90,187.3,43
Aphodius prodromus,Scarabaeidae,Coleoptera,Closed,1,13.80,167.0,43
Aphodius rufus,Scarabaeidae,Coleoptera,Closed,1,209.00,170.4,43
Anomala sp.,Scarabaeidae,Coleoptera,Closed,1,100.00,137.0,40
Pelidnota sp.,Scarabaeidae,Coleoptera,Closed,1,1091.50,1511.5,40
Coeloesis biloba,Scarabaeidae,Coleoptera,Closed,1,3735.00,3724.2,40
Strategus aloeus,Scarabaeidae,Coleoptera,Closed,1,5050.00,5149.6,40
Cyclocephala sp.,Scarabaeidae,Coleoptera,Closed,1,246.00,592.5,40
Dyscinetus sp.,Scarabaeidae,Coleoptera,Closed,1,390.00,469.6,40
Phileurus sp.,Scarabaeidae,Coleoptera,Closed,1,3501.00,1562.6,40
Sisiyphys fasciculatus,Scarabaeidae,Coleoptera,Open,1,136.00,375.1,44
Anachalcos convexus,Scarabaeidae,Coleoptera,Open,1,1421.00,1539.8,44
Circellium bacchus,Scarabaeidae,Coleoptera,Open,0,7285.00,4017.3,44
Pachylomerus femoralis,Scarabaeidae,Coleoptera,Closed,1,4915.00,4282.2,45
Scarabaeus flavicornis,Scarabaeidae,Coleoptera,Open,1,322.00,483.7,44
Scarabaeus galenus,Scarabaeidae,Coleoptera,Open,1,1681.00,881.7,46
Scarabaeus westwoodi,Scarabaeidae,Coleoptera,Open,1,1780.00,1324.7,47
Scarabaeus rusticus,Scarabaeidae,Coleoptera,Open,1,1070.00,696.2,47
Scarabaeus gariepinus,Scarabaeidae,Coleoptera,Open,0,1140.00,288.0,47
Scarabaeus striatum,Scarabaeidae,Coleoptera,Open,0,790.00,282.6,47
Scarabaeus hippocrates,Scarabaeidae,Coleoptera,Open,0,2010.00,622.1,47
Pleocoma australis,Scarabaeidae,Coleoptera,Closed,0,940.00,3238.8,48
Leucocelis elegans,Scarabaeidae,Coleoptera,Closed,,80.00,337.0,16
Simplocaria metallica,Byrrhidae,Coleoptera,Closed,1,2.85,0.5,49
Agrypnus bocandei,Elateridae,Coleoptera,Closed,,166.20,71.6,16
Rhizopertha dominica,Bostrichidae,Coleoptera,Closed,1,1.40,14.8,50
Melyrid sp.,Melyridae,Coleoptera,Closed,0,1.16,20.9,20
Hippodamia convergens,Coccinellidae,Coleoptera,Open,1,17.00,193.2,51
Hydromedion sparsutum,Perimylopidae,Coleoptera,Closed,0,23.50,83.5,52
Perimylops antarcticus,Perimylopidae,Coleoptera,Closed,0,14.50,48.6,52
Adesmia baccata,Tenebrionidae,Coleoptera,Closed,0,407.00,179.2,53
Anepsius brunneus,Tenebrionidae,Coleoptera,,0,6.15,24.8,20
Centrioptera muricata,Tenebrionidae,Coleoptera,Closed,,132.60,468.6,20
Erodius nanus,Tenebrionidae,Coleoptera,Closed,0,21.90,101.3,54
Euschides luctata,Tenebrionidae,Coleoptera,Closed,,83.80,464.8,20
Peristeptus sp.,Tenebrionidae,Coleoptera,Closed,0,55.00,54.5,53
Phrynocolus auriculatus,Tenebrionidae,Coleoptera,Closed,0,193.00,169.1,53
Phrynocolus petrosus,Tenebrionidae,Coleoptera,Closed,0,1109.00,355.7,53
Phrynocolus sp.,Tenebrionidae,Coleoptera,Closed,,204.00,191.4,53
Physosterna cribripes,Tenebrionidae,Coleoptera,Open,0,1226.00,2443.7,55
Physadesmia globosa,Tenebrionidae,Coleoptera,Open,0,516.00,599.6,56
Sphaeriontis dilatata,Tenebrionidae,Coleoptera,Closed,,46.00,150.7,20
Blaps gigas,Tenebrionidae,Coleoptera,Closed,0,1776.00,4508.3,54
Nyctobates procerus,Tenebrionidae,Coleoptera,Closed,1,2198.00,1753.3,40
Pterohelaeus sp.,Tenebrionidae,Coleoptera,Open,,245.00,481.6,57
Tenebrio molitor,Tenebrionidae,Coleoptera,,0,100.00,372.2,30
Zophobas sp.,Tenebrionidae,Coleoptera,Closed,1,535.00,1269.6,40
Tribolium castaneum*,Tenebrionidae,Coleoptera,Open,0,2.40,13.0,*
Tribolium confusum,Tenebrionidae,Coleoptera,Closed,0,2.01,16.3,58
Trogloderus costatus,Tenebrionidae,Coleoptera,Closed,,29.87,93.1,20
Vieta bulbifera,Tenebrionidae,Coleoptera,Closed,0,479.00,538.8,53
Vieta muscosa,Tenebrionidae,Coleoptera,Closed,0,140.00,135.4,53
Cryptoglossa verrucosa,Tenebrionidae,Coleoptera,Closed,0,700.00,418.8,59
Edrotes ventricosus,Tenebrionidae,Coleoptera,Closed,0,24.35,91.9,20
Pimelia cenchronota,Tenebrionidae,Coleoptera,Closed,0,1474.00,620.9,53
Pimelia grandis,Tenebrionidae,Coleoptera,Open,0,2098.00,3734.1,60
Pimelia obsoleta,Tenebrionidae,Coleoptera,Closed,0,861.00,3011.3,54
Rhytinota praelonga,Tenebrionidae,Coleoptera,Closed,0,105.00,100.0,53
Triorophus laevis,Tenebrionidae,Coleoptera,Closed,0,8.46,107.7,20
Helius waiti,Tenebrionidae,Coleoptera,Open,,672.00,1675.1,57
Cardiosis fairmarei,Tenebrionidae,Coleoptera,Open,0,32.00,29.6,56
Zophosis orbicularis,Tenebrionidae,Coleoptera,Open,,103.00,121.4,56
Psammodes striatus,Tenebrionidae,Coleoptera,Open,0,3010.00,4271.5,56
Epiphysa arenicola,Tenebrionidae,Coleoptera,Open,0,1237.00,469.4,56
Onymacris plana,Tenebrionidae,Coleoptera,Open,0,767.00,925.9,56
Onymacris laeviceps,Tenebrionidae,Coleoptera,Open,0,525.00,427.9,56
Onymacris rugatipennis,Tenebrionidae,Coleoptera,Open,0,496.00,446.2,56
Onymacris unguicularis,Tenebrionidae,Coleoptera,Open,0,737.00,176.0,61
Stenocara gracilipes,Tenebrionidae,Coleoptera,Open,0,268.00,476.3,56
Eusattus dubius,Tenebrionidae,Coleoptera,Closed,0,27.22,282.6,20
Eleodes armata,Tenebrionidae,Coleoptera,Closed,0,917.00,823.6,59
Eleodes grandicollis,Tenebrionidae,Coleoptera,Closed,0,521.93,2537.0,20
Eleodes sp.,Tenebrionidae,Coleoptera,Closed,0,88.85,356.2,20
Eleodes tenebrosa,Tenebrionidae,Coleoptera,Closed,0,51.53,247.4,20
Meloid sp.,Meloidae,Coleoptera,Closed,0,17.34,406.7,20
Acanthoderes circumflexa,Cerambycidae,Coleoptera,Closed,0,139.00,241.8,40
Acrocinus longimanus,Cerambycidae,Coleoptera,Closed,1,5383.00,16565.8,40
Dryoctenes scrupulosa,Cerambycidae,Coleoptera,Closed,1,1823.00,2825.3,40
Oncideres putator,Cerambycidae,Coleoptera,Closed,1,681.00,1095.9,40
Taeinotes scalaris,Cerambycidae,Coleoptera,Closed,1,397.00,952.3,40
Acanthophorus confinis,Cerambycidae,Coleoptera,Closed,,3490.00,6180.9,16
Macrodontia dejeani,Cerambycidae,Coleoptera,Closed,1,4860.00,7799.2,40
Stenodontes molaria,Cerambycidae,Coleoptera,Closed,1,2944.00,6393.9,40
Stenodontes sp.,Cerambycidae,Coleoptera,Closed,1,1043.00,2040.6,40
Trachysomus peregrinus,Cerambycidae,Coleoptera,Closed,1,547.00,603.8,40
Brasilanus batus,Cerambycidae,Coleoptera,Closed,1,1965.00,6232.9,40
Eburia sp.,Cerambycidae,Coleoptera,Closed,1,582.00,1493.2,40
Nyssicus setosus,Cerambycidae,Coleoptera,Closed,1,996.00,715.5,40
Phorocantha recurva,Cerambycidae,Coleoptera,Open,1,260.00,800.2,62
Phorocantha semipunctata,Cerambycidae,Coleoptera,Open,1,300.00,701.7,62
Xenambyx laticauda,Cerambycidae,Coleoptera,Closed,1,1217.00,1571.9,40
Diplocapsis sp.,Chrysomelidae,Coleoptera,Closed,1,5.34,89.1,20
Griburius sp. 1,Chrysomelidae,Coleoptera,Closed,1,3.31,60.1,20
Griburius sp. 2,Chrysomelidae,Coleoptera,Closed,1,9.42,43.7,20
Leptinotarsa decemlineata,Chrysomelidae,Coleoptera,Closed,1,150.00,693.9,63
Monoxia sp.,Chrysomelidae,Coleoptera,Closed,1,4.63,79.2,20
Smicronyx imbricata,Curculionidae,Coleoptera,Closed,1,0.32,3.6,20
Ectemnorhinus marioni,Curculionidae,Coleoptera,Open,0,9.60,27.3,64
Ectemnorhinus similis,Curculionidae,Coleoptera,Open,0,13.40,32.5,64
Ips acuminatus,Scolytidae,Coleoptera,Closed,0,2.84,36.3,65
Calandra oryzae,Curculionidae,Coleoptera,Closed,,1.70,17.7,50
Sitophilus granarius,Curculionidae,Coleoptera,Closed,0,3.68,139.6,66
Microcerus sp.,Curculionidae,Coleoptera,Closed,,132.00,189.6,16
Ophryastes varius,Curculionidae,Coleoptera,Closed,1,27.26,119.3,20
Miloderes sp.,Curculionidae,Coleoptera,Closed,,3.40,65.7,20
Hylobius abietis,Curculionidae,Coleoptera,Closed,1,183.00,418.1,67
Hipporhinus tenuegranosus,Curculionidae,Coleoptera,Closed,,1080.00,548.0,16
Eucyllus vagans,Curculionidae,Coleoptera,Closed,,7.43,31.8,20
Eucyllus unicolor,Curculionidae,Coleoptera,Closed,,2.59,13.2,20
Bothrometopus randi,Curculionidae,Coleoptera,Open,0,24.60,51.1,64
Bothrometopus parvulus,Curculionidae,Coleoptera,Open,0,3.60,19.4,64
Bothrometopus elongatus,Curculionidae,Coleoptera,Open,0,1.70,15.2,64
Palirhoeus eatoni,Curculionidae,Coleoptera,Open,0,6.70,24.3,68
Lixus bisulcatus,Curculionidae,Coleoptera,Closed,,405.00,1357.0,16
Rhynchaenus flagellum,Curculionidae,Coleoptera,Closed,1,0.51,0.2,49
Rhytonomus isobellina,Curculionidae,Coleoptera,Closed,1,8.10,93.7,54
Hypera postica,Curculionidae,Coleoptera,Closed,0,5.80,159.5,69
Canonopsis sericeus,Curculionidae,Coleoptera,Open,0,58.90,175.1,64
Cerotalis sp.,Carabidae,Coleoptera,Open,,562.00,474.6,57
Chilanthia cavernosa,Carabidae,Coleoptera,Closed,1,1026.00,1571.5,53
Thermophilum babaulti,Carabidae,Coleoptera,Closed,0,1295.00,3223.9,53
Thermophilum hexastictum,Carabidae,Coleoptera,Closed,0,2025.00,2423.2,53
Triaenogeius scupturatus,Carabidae,Coleoptera,Closed,,170.00,341.8,53
Anthia fabricii,Carabidae,Coleoptera,Open,0,2250.00,1875.1,70
Cypholoba bihamata,Carabidae,Coleoptera,Closed,0,245.00,961.6,53
Cypholoba chanleri,Carabidae,Coleoptera,Closed,0,326.00,780.2,53
Cypholoba sp.,Carabidae,Coleoptera,Closed,,192.00,937.4,53
Cypholoba tenuicollis,Carabidae,Coleoptera,Closed,0,59.00,245.7,53
Cypholoba tetrastigma,Carabidae,Coleoptera,Closed,0,132.00,802.4,53
Cypholoba trilunata,Carabidae,Coleoptera,Closed,0,213.00,530.2,53
Amara quenseli,Carabidae,Coleoptera,Closed,1,15.00,1.4,49
Evarthrus sodalis,Carabidae,Coleoptera,Closed,0,164.10,186.7,11
Carinum sp.,Carabidae,Coleoptera,Open,,4240.00,2428.9,57
Crepidogaster bioculata,Carabidae,Coleoptera,Closed,1,171.00,286.5,53
Sphaeroderus stenostomus,Carabidae,Coleoptera,Closed,,169.60,262.1,11
Calosoma affine,Carabidae,Coleoptera,Open,1,620.00,787.2,7
Calosoma sp.,Carabidae,Coleoptera,Closed,1,151.23,838.6,20
Campalita chlorostictum,Carabidae,Coleoptera,Closed,,521.00,798.0,53
Cicindela longilabris,Cicindelidae,Coleoptera,Closed,1,124.30,269.6,71
Cicindela repanda,Cicindelidae,Coleoptera,Closed,1,63.40,145.5,72
Paractora dreuxi,Helcomyzidae,Diptera,Closed,0,19.17,243.9,73
Paractora trichosterna,Helcomyzidae,Diptera,Closed,1,13.26,261.3,73
Antrops truncipennis,Sphaeroceridae,Diptera,Closed,0,2.21,51.6,73
Drosophila americana,Drosophilidae,Diptera,Closed,1,1.10,15.3,74
Drosophila melanogaster,Drosophilidae,Diptera,Open,1,0.95,32.0,75
Drosophila mimica,Drosophilidae,Diptera,Open,1,2.44,49.5,75
Drosophila nikananu,Drosophilidae,Diptera,Open,1,0.49,19.4,75
Drosophila repleta,Drosophilidae,Diptera,Closed,1,3.43,32.3,76
Drosophila virilis,Drosophilidae,Diptera,Open,1,1.67,45.7,75
Glossina morsitans,Glossinidae,Diptera,Closed,1,22.34,123.5,77
Glossina pallidipes,Glossinidae,Diptera,Open,1,38.45,374.3,78
Musca autumnalis,Muscidae,Diptera,Closed,1,22.00,360.8,79
Musca domestica,Muscidae,Diptera,Open,1,18.00,587.6,80
Phormia regina,Calliphoridae,Diptera,Closed,1,50.00,541.5,81
Protophormia terraenovae,Calliphoridae,Diptera,Open,1,25.00,225.2,82
Pilica formidolosa,Asilidae,Diptera,Closed,1,200.00,789.8,83
Promachus sp. 2,Asilidae,Diptera,Closed,1,180.00,1447.4,83
Tabanus affinis,Tabanidae,Diptera,Closed,1,161.70,114.5,84
Pantophthalmus tabaninus,Pantophthalmidae,Diptera,Open,1,1746.00,3036.9,85
Simulium venustum,Simuliidae,Diptera,Closed,1,2.53,86.0,84
Chironomus riparius,Chironomidae,Diptera,Open,1,1.00,16.1,86
Aëdes campestris,Culicidae,Diptera,Closed,1,6.72,295.0,84
Culex tarsalis,Culicidae,Diptera,Open,1,2.23,23.6,87
Xenopsilla ramesis,Pulicidae,Siphonaptera,Open,0,0.16,0.6,88
Vanessa io,Nymphalidae,Lepidoptera,,1,230.00,922.2,30
Thais cassandra,Papilionidae,Lepidoptera,,1,130.00,3488.4,30
Apetaloides firmiana,Notodontidae,Lepidoptera,Closed,1,169.00,828.3,89
Hapigia simplex,Notodontidae,Lepidoptera,Closed,1,478.00,1584.0,89
Lirimiris sp.,Notodontidae,Lepidoptera,Closed,1,564.00,1765.4,89
Mamestra configurata,Noctuidae,Lepidoptera,Closed,1,139.05,465.3,90
Bombyx mori,Bombicidae,Lepidoptera,,0,490.00,3492.6,30
Deilephila elpenor,Sphingidae,Lepidoptera,,1,600.00,893.2,30
Deilephila euphorbiae,Sphingidae,Lepidoptera,,1,700.00,2347.9,30
Xylophanes chiron,Sphingidae,Lepidoptera,Closed,1,708.00,1348.2,89
Xylophanes libya,Sphingidae,Lepidoptera,Closed,1,559.00,2551.4,89
Xylophanes pluto,Sphingidae,Lepidoptera,Closed,1,829.00,2258.2,89
Enyo ocypete,Sphingidae,Lepidoptera,Closed,1,453.33,1148.7,89
Erinnyis ello,Sphingidae,Lepidoptera,Closed,1,1210.00,4135.4,89
Erinnyis oenotrus,Sphingidae,Lepidoptera,Closed,1,964.00,3615.5,89
Madoryx oeclus,Sphingidae,Lepidoptera,Closed,1,1699.00,5368.8,89
Oryba achemenides,Sphingidae,Lepidoptera,Closed,1,2808.50,6058.0,89
Pachygonia drucei,Sphingidae,Lepidoptera,Closed,1,702.00,1481.3,89
Pachylia ficus,Sphingidae,Lepidoptera,Closed,1,3225.00,5114.9,89
Perigonia lusca,Sphingidae,Lepidoptera,Closed,1,558.33,2265.2,89
Metopsilus porcellus,Sphingidae,Lepidoptera,,1,285.00,1361.8,30
Mimas tiliae,Sphingidae,Lepidoptera,,1,320.00,1666.8,30
Protambulyx strigilis,Sphingidae,Lepidoptera,Closed,1,1095.33,2251.1,89
Manduca corallina,Sphingidae,Lepidoptera,Closed,1,1618.25,3239.1,89
Manduca lefeburei,Sphingidae,Lepidoptera,Closed,1,571.00,925.0,89
Manduca rustica,Sphingidae,Lepidoptera,Closed,1,2810.00,6704.9,89
Sphinx ligustri,Sphingidae,Lepidoptera,,1,1400.00,7513.4,30
Adeloneivaia boisduvalii,Saturniidae,Lepidoptera,Closed,1,1034.00,1795.6,89
Adeloneivaia subungulata,Saturniidae,Lepidoptera,Closed,1,487.00,1850.1,89
Eacles imperialis,Saturniidae,Lepidoptera,Closed,1,1105.00,3282.9,89
Sphingicampa quadrilineata,Saturniidae,Lepidoptera,Closed,1,818.00,2134.2,89
Syssphinx molina,Saturniidae,Lepidoptera,Closed,1,1757.00,4431.7,89
Antheraea pernyi,Saturniidae,Lepidoptera,,1,1210.00,6134.5,30
Automerina auletes,Saturniidae,Lepidoptera,Closed,1,720.00,1813.8,89
Automeris fieldi,Saturniidae,Lepidoptera,Closed,1,394.00,1088.3,89
Automeris hamata,Saturniidae,Lepidoptera,Closed,1,564.00,1995.2,89
Automeris jacunda,Saturniidae,Lepidoptera,Closed,1,653.25,1549.3,89
Automeris zugana,Saturniidae,Lepidoptera,Closed,1,539.75,1103.4,89
Dirphea agis,Saturniidae,Lepidoptera,Closed,1,197.00,483.7,89
Hylesia praeda,Saturniidae,Lepidoptera,Closed,1,146.00,816.2,89
Hylesia sp.,Saturniidae,Lepidoptera,Closed,1,239.14,682.3,89
Hyperchirica nausica,Saturniidae,Lepidoptera,Closed,1,199.50,786.0,89
Artace sp.,Lasiocampidae,Lepidoptera,Closed,1,132.00,332.5,89
Euglyphis sp.,Lasiocampidae,Lepidoptera,Closed,1,87.00,411.1,89
Odonestis pruni,Lasiocampidae,Lepidoptera,,1,250.00,1130.0,30
Galleria mellonella,Pyralidae,Lepidoptera,Closed,1,53.60,635.0,91
Ostrinia nubilalis,Pyralidae,Lepidoptera,Closed,1,48.40,484.2,92
Neocossus sp.,Cossidae,Lepidoptera,Closed,1,1771.63,4008.5,89
Megalpyge sp.,Megalpygidae,Lepidoptera,Closed,1,627.00,1559.9,89
Apis mellifera ligustica,Apidae,Hymenoptera,Open,1,94.40,606.9,93
Bombus terrestris,Apidae,Hymenoptera,Open,1,740.00,821.8,94
Xylocopa capitata,Xylocopidae,Hymenoptera,Open,1,1300.00,6835.4,95
Dasylabris sp.,Mutillidae,Hymenoptera,Closed,0,86.50,37.3,16
Dasymutilla gloriosa,Mutillidae,Hymenoptera,Open,0,76.45,1869.5,96
Unknown genus,Pompilidae,Hymenoptera,Closed,1,14.14,202.0,20
Leptothorax acerovorum,Formicidae,Hymenoptera,Closed,0,0.37,5.1,97
Leptothorax unifasciatus,Formicidae,Hymenoptera,Closed,0,0.49,2.4,98
Atta laevigata,Formicidae,Hymenoptera,Closed,0,15.00,35.2,99
Atta sexdens,Formicidae,Hymenoptera,Closed,0,15.00,43.1,100
Myrmica alaskensis,Formicidae,Hymenoptera,Closed,0,0.91,10.7,97
Myrmica rubra,Formicidae,Hymenoptera,Closed,0,2.76,6.8,101
Pogonomyrmex californicus,Formicidae,Hymenoptera,Open,0,5.92,9.3,102
Pogonomyrmex maricopa,Formicidae,Hymenoptera,Closed,0,11.07,40.6,103
Pogonomyrmex occidentalis,Formicidae,Hymenoptera,Open,0,7.96,12.8,102
Pogonomyrmex rugosus,Formicidae,Hymenoptera,Open,0,14.30,27.6,102
Pogonomyrmex sp.,Formicidae,Hymenoptera,Closed,0,3.74,12.6,20
Aphaenogaster cockerelli,Formicidae,Hymenoptera,Closed,0,4.72,82.5,97
Messor capensis*,Formicidae,Hymenoptera,Open,0,13.70,38.3,*
Messor capitatus,Formicidae,Hymenoptera,Closed,0,3.14,16.2,104
Messor julianus,Formicidae,Hymenoptera,Open,0,5.09,7.1,105
Messor pergandei,Formicidae,Hymenoptera,Open,0,7.19,14.0,105
Chelaner rothsteini,Formicidae,Hymenoptera,,0,0.25,1.1,106
Solenopsis invicta,Formicidae,Hymenoptera,Open,0,2.96,5.6,107
Tetramorium caespitum,Formicidae,Hymenoptera,Closed,0,0.69,2.4,101
Camponotus detritus,Formicidae,Hymenoptera,Open,0,42.90,78.0,108
Camponotus fulvopilosus,Formicidae,Hymenoptera,Open,0,43.00,63.4,109
Camponotus laevigatus,Formicidae,Hymenoptera,Closed,0,19.15,117.8,97
Camponotus maculatus*,Formicidae,Hymenoptera,Open,0,42.49,51.1,*
Camponotus sericeiventris,Formicidae,Hymenoptera,Closed,0,40.20,73.2,110
Camponotus sp.,Formicidae,Hymenoptera,Closed,0,15.41,78.2,97
Camponotus vafer,Formicidae,Hymenoptera,Closed,0,4.51,58.8,97
Camponotus vicinus,Formicidae,Hymenoptera,Open,0,107.00,143.5,111
Cataglyphis bicolor,Formicidae,Hymenoptera,Open,0,34.00,37.8,112
Formica exsecta,Formicidae,Hymenoptera,Closed,0,4.05,21.9,101
Formica fusca,Formicidae,Hymenoptera,Closed,0,1.35,31.3,97
Formica occulta,Formicidae,Hymenoptera,Closed,0,1.30,19.5,97
Formica pratensis,Formicidae,Hymenoptera,Closed,0,7.17,31.4,101
Lasius alienus,Formicidae,Hymenoptera,Closed,0,1.38,6.0,101
Lasius flavus,Formicidae,Hymenoptera,Closed,0,2.58,11.5,101
Lasius niger,Formicidae,Hymenoptera,Closed,0,1.74,6.1,101
Lasius sitiens,Formicidae,Hymenoptera,Closed,0,0.29,3.2,97
Forelius foetidus,Formicidae,Hymenoptera,Closed,0,0.10,1.3,97
Anoplolepis steinergroeveri*,Formicidae,Hymenoptera,Open,0,4.94,14.1,*
Leptogenys attenuata,Formicidae,Hymenoptera,Open,0,4.00,12.3,113
Leptogenys nitida,Formicidae,Hymenoptera,Open,0,1.72,5.2,113
Leptogenys schwabi,Formicidae,Hymenoptera,Open,0,8.96,21.0,113
Paraponera clavata,Formicidae,Hymenoptera,Open,0,190.00,430.8,114
Eciton hamatum,Formicidae,Hymenoptera,Open,0,6.00,25.3,115
Unknown genus,Braconidae,Hymenoptera,Closed,0,1.70,27.8,20
Unknown genus,Chaclidoidea,Hymenoptera,Closed,0,0.16,3.5,20
