Famille,Latin name,N,TL (cm),,,FL (cm),,,WT (g),,
,,,Mean,SD,Range (min-max),Mean,SD,Range (min-max),Mean,SD,Range            (min-max)
Acanthuridae,Acanthurus bahianus,1187,18.0,2.4,10-27,16.0,2.0,9.5-23.5,110.5,44.8,19.2-632
,Acanthurus chirurgus,314,21.4,3.4,12.5-31,20.1,3.2,12-29,220.0,98.2,25.8-490.1
,Acanthurus coeruleus,986,18.5,2.8,9.5-28,16.6,2.4,9-24.5,155.5,67.8,19.7-258
,Acanthurus tractus,99,17.2,2.0,13.5-24.5,15.2,1.7,12-21,99.3,35.4,44-3790
Albulidae,Albula vulpes,74,51.5,12.7,18-73.5,43.9,10.9,15-64,1551.9,1063.1,52-238.5
Balistidae,Balistes capriscus,12,18.8,4.1,6.5-22.5,17.5,3.9,6.5-21,153.9,66.4,8.6-2242.9
,Balistes vetula,107,43.0,9.0,21.5-66,31.2,5.8,18-45,905.4,445.4,164.4-4200
,Canthidermis sufflamen,19,44.1,5.1,36.5-57.5,42.5,4.3,37-54,1867.1,792.1,1087.2-756
,Melichthys niger,62,25.1,3.9,15-31.5,23.6,3.5,14.5-29,415.5,168.5,77-199
,Xanthichthys ringens,13,16.9,1.4,14.5-19.5,16.2,1.2,14-18,111.8,33.5,64.2-955
Belonidae,Tylosurus crocodilus,13,74.3,2.9,69-78,70.5,2.8,65.5-75,565.0,150.1,369.6-1268.9
Carangidae,Caranx bartholomaei,127,26.4,8.1,18-45.5,22.2,6.7,15.5-38.5,273.0,249.2,59-1663.4
,Caranx crysos,273,27.8,7.3,15.5-57,23.5,5.8,13-47,282.6,245.9,45-4600
,Caranx latus,203,42.1,13.1,20.5-73,35.4,11.2,17-63,1175.9,966.3,111-3100
,Caranx lugubris,12,49.8,6.7,40-61,42.7,5.8,34-53,1642.2,694.7,840.6-1855.5
,Caranx ruber,907,32.0,5.7,18-55,27.0,4.9,15-47.5,365.8,201.1,60.4-292.2
,Chloroscombrus chrysurus,17,27.3,3.7,21-34,23.0,3.1,17.5-28,175.2,56.5,81-90.7
,Decapterus punctatus,25,15.0,2.4,11.5-20.5,13.7,2.1,10.5-19,36.7,18.9,15-342
,Selar crumenophthalmus,47,20.5,2.0,16-29,18.3,1.8,14.5-26,105.5,41.7,44.3-394
,Selene brownii,20,26.6,1.9,21-29,21.7,1.6,17-24,277.0,67.2,131.4-539.2
,Selene vomer,18,28.9,3.6,23.5-35,23.6,2.8,19.5-28,349.4,121.1,144-652.5
,Seriola dumerili,12,29.2,4.7,23.5-40,25.5,4.2,20.5-35,307.8,152.9,114.6-652.2
,Seriola rivoliana,404,36.3,7.7,22.5-87,31.7,6.9,20-80,633.2,689.1,146.1-200
,Trachinotus goodei,21,22.5,1.6,19.5-26,18.0,1.1,16-20,148.6,26.7,96-1878
Chaetodontidae,Chaetodipterus faber,10,23.0,8.2,13-42,21.3,7.3,12.5-38,494.0,522.5,77-43.7
,Chaetodon capistratus,96,9.0,0.6,7.5-10.5,9.0,0.6,7.5-10.5,24.0,5.0,13-45.9
,Chaetodon sedentarius,21,10.2,0.6,9.5-11.5,10.1,0.6,9.5-11.5,30.6,6.5,22.5-105.2
,Chaetodon striatus,87,11.6,1.3,8-14,11.7,1.3,8-14,54.5,17.2,16.5-1046.3
Dactylopteridae,Dactylopterus volitans,82,35.7,3.1,26-43,33.9,2.9,24.5-41,521.4,148.2,233.4-435.2
Diodontidae,Diodon holocanthus,12,19.5,1.7,17-23,19.6,1.7,17-23,261.4,72.9,165.4-1489
Elopidae,Elops saurus,17,54.9,6.5,43-65.5,46.6,5.8,36-55.5,914.0,324.3,376.3-672
Gerreidae,Diapterus auratus,370,25.1,5.1,16-37.5,20.3,3.8,13-30,257.0,130.1,67.7-118
,Eucinostomus argenteus,24,14.3,3.1,9-20.5,12.1,2.5,8-17.5,43.8,28.6,12.2-1115.3
,Gerres cinereus,439,21.3,9.1,8.5-45,17.1,6.9,7-37,193.6,194.6,8-2245
Haemulidae,Anisotremus surinamensis,34,31.5,9.4,19.5-50.5,27.8,8.2,17-44.5,742.1,603.9,131-2245
,Brachygenys chrysargyreum,261,13.1,3.0,8-21,11.7,2.6,7-18.5,35.2,26.1,6.2-178.2
,Haemulon aurolineatum,965,12.4,2.8,7-23.5,10.9,2.5,6-22,30.3,25.4,5-740.2
,Haemulon bonariense,75,28.5,3.3,19.5-36,26.1,3.1,18-34,375.1,135.0,114-476.6
,Haemulon carbonarium,133,23.2,3.9,16-31.5,20.7,3.6,14-28,210.7,98.0,65.7-120.3
,Haemulon flavolineatum,444,18.3,1.9,8.5-23,16.4,1.8,7.5-21,97.1,28.6,8.3-1065.4
,Haemulon parra,290,27.5,4.3,18.5-40.5,24.8,3.8,16-36.5,349.6,162.2,121-927.7
,Haemulon plumierii,781,25.4,4.2,11.5-37.5,22.5,3.7,10.5-34,275.4,130.4,11.5-705
,Haemulon sciurus,131,27.8,3.2,19.5-36,25.0,2.8,17.5-32,351.6,118.3,116-75
,Haemulon striatum,230,12.9,2.0,9-18,11.2,1.8,8-16,29.0,15.2,9-383.5
Holocentridae,Holocentrus adscensionis,1044,24.0,2.3,14-31.5,19.4,2.0,12-25.5,158.9,48.3,37.4-227.5
,Holocentrus rufus,1189,22.4,1.6,16.5-28,18.2,1.3,13-22.5,109.6,21.1,44.3-163.1
,Myripristis jacobus,93,16.8,1.5,12.5-20.5,14.5,1.4,10.5-18.5,92.5,25.5,38-103.9
,Neoniphon marianus,11,16.2,1.3,15-20,14.4,1.0,13.5-17.5,68.1,13.2,54-103.9
Kyphosidae,Kyphosus sectatrix,81,32.7,9.9,22-52.5,29.0,8.7,19.5-46.5,815.9,755.1,174.4-688.4
Labridae,Bodianus rufus*,35,28.2,4.4,18.5-37.5,25.9,3.4,18-33,352.8,137.5,119-244
,Clepticus parrae*,16,21.4,1.8,18.5-25,19.3,1.5,17-22.5,155.4,37.9,101.6-833.8
,Halichoeres radiatus,27,28.4,4.4,20-37.5,27.7,4.3,20-36,442.9,197.6,127.1-1848
,Lachnolaimus maximus*,29,29.1,6.2,18.5-48.5,26.7,5.2,18-43,494.9,348.0,127-5001
Lutjanidae,Etelis oculatus,87,55.4,12.5,23-83,44.5,9.9,20-70,1544.7,983.6,139.9-3415
,Lutjanus analis,223,29.7,11.2,10.5-61,27.1,9.9,10-55.5,518.5,534.3,11.1-1678.5
,Lutjanus apodus,201,27.1,3.8,17.5-45.5,25.4,3.4,16.5-42.5,356.8,173.1,90.2-1300
,Lutjanus buccanella,934,19.6,7.1,8-44,18.1,6.5,7.5-41,147.6,140.8,7.8-1330
,Lutjanus cyanopterus,13,41.7,3.3,36-47.5,39.5,3.2,34-45.5,963.2,211.6,668.5-1673
,Lutjanus griseus,223,28.6,7.0,16.5-48,27.4,6.5,16-46.5,387.5,282.1,61.2-5500
,Lutjanus jocu,15,43.0,9.7,27.5-68.5,40.3,8.9,26.5-63.5,1367.8,1294.9,167-738.2
,Lutjanus mahogoni,152,22.8,4.3,16-37.5,21.4,4.1,14.5-35,179.2,111.4,60-1315
,Lutjanus synagris,278,22.4,6.9,8-46,20.9,6.3,8-41.5,198.4,183.2,7.8-3773.5
,Lutjanus vivanus,623,26.2,6.9,16.5-67,24.0,6.2,15-61,279.3,315.7,61.5-1386.7
,Ocyurus chrysurus,1501,27.6,5.6,10.5-52,22.6,4.4,9-43,218.9,145.9,13.5-1152.2
,Pristipomoides macrophthalmus,24,35.3,5.8,24-45,30.9,5.0,21-39,591.1,269.0,181.1-516.7
,Rhomboplites aurorubens,653,18.7,4.3,9-35.5,17.1,3.9,8.5-32,94.6,64.8,10-504.4
Malacanthidae,Malacanthus plumieri,23,41.2,4.3,30.5-50,35.8,3.7,28-42.5,332.2,98.7,139.9-1025
Monacanthidae,Aluterus monoceros,27,39.5,5.3,19.5-48.5,39.5,5.3,19.5-48.5,618.2,173.6,152-1380
,Aluterus scriptus,49,41.6,6.7,28-60,41.2,6.3,28-57,413.2,244.4,119.4-1139
,Cantherhines macrocerus,272,27.0,3.5,14-37,26.9,3.5,14-37,376.6,154.4,59.9-129.2
,Cantherhines pullus,34,15.4,1.9,10.5-18.5,15.4,1.9,10.5-18.5,79.9,25.8,28-466
Mullidae,Mulloidichthys martinicus,543,23.5,3.1,11-33,20.0,2.6,9.5-28.5,157.0,58.6,13.5-287.4
,Pseudupeneus maculatus,406,21.9,1.6,17-28,19.3,1.5,15-24.5,134.7,31.8,58.2-1952
Muraenidae,Gymnothorax moringa,44,72.9,11.7,46-100,72.6,12.2,46-100,794.1,384.0,116.5-1041.8
Ostraciidae,Acanthostracion polygonius,84,26.6,3.6,18.5-38,26.6,3.7,18.5-38,405.8,162.3,172-678.5
,Lactophrys triqueter,72,17.8,2.7,12-28.5,17.8,2.7,12-28.5,192.4,90.3,58.8-754
Polynemidae,Polydactylus oligodon,28,29.9,4.8,23-42,24.8,4.1,18.5-35,300.3,162.5,132.7-140.9
,Polydactylus virginicus,11,20.2,1.5,17.5-23,16.8,1.1,15-19,84.8,22.6,50-335.1
Pomacanthidae,Holacanthus tricolor*,72,17.1,3.2,11.5-23.5,16.7,2.9,11.5-22.5,148.2,75.6,46.3-161.3
,Abudefduf saxatilis,93,15.3,1.1,12.5-18.5,13.1,1.0,10.5-16,80.0,17.3,44-1208
Priacanthidae,Heteropriacanthus cruentatus,70,22.2,4.0,14.5-43,22.4,3.9,14.5-43,202.7,140.5,60.3-640.8
,Priacanthus arenatus,85,28.4,4.6,19.5-37,27.7,4.0,19.5-35,346.1,131.6,115.5-244.2
Scaridae,Scarus iseri*,39,19.3,2.0,16-23,19.3,2.0,16-23,141.7,45.4,77-734
,Scarus taeniopterus*,329,20.0,2.2,10.5-32.5,20.0,2.1,10.5-30.5,157.1,62.0,36.3-1310
,Scarus vetula*,22,32.2,3.8,26.5-39,30.3,3.0,25.5-35,670.4,239.3,366.4-239.5
,Sparisoma aurofrenatum*,758,18.4,1.6,12-24,18.1,1.4,12-23,114.7,29.3,29.8-1056
,Sparisoma chrysopterum,850,25.3,4.1,12.5-40.5,23.6,3.5,12.5-36,285.8,146.3,33-571
,Sparisoma frondosum,44,24.0,3.3,17.5-31.5,22.7,2.8,17.5-29.5,247.2,105.8,100-1113.5
,Sparisoma rubripinne*,1486,27.5,2.8,17.5-38,26.9,2.6,16.5-37,418.5,121.8,85-1290.5
,Sparisoma viride*,357,27.7,4.7,16-44,25.6,3.7,16-37,406.5,201.2,76.5-290
Sciaenidae,Larimus breviceps,13,21.6,2.9,15-26,21.6,2.9,15-26,148.1,67.6,52.3-680
,Umbrina coroides,33,28.5,2.0,25-35.5,28.5,2.0,25-35.5,335.9,86.1,220-1315
Scombridae,Scomberomorus regalis,10,50.9,4.3,43-59,43.4,3.9,35.5-49.5,782.6,243.1,405-1388.6
Scorpaenidae,Pterois volitans,449,29.5,4.8,16.5-44.5,30.0,4.7,16.5-44.5,366.6,192.1,58.9-585.3
,Scorpaena plumieri,49,23.5,2.8,17-29.5,23.5,2.8,17-29.5,323.6,112.7,124.3-373.2
Serranidae,Alphestes afer*,101,20.6,2.0,16.5-26.5,20.7,2.0,16.5-26.5,159.7,56.5,72.4-363
,Cephalopholis cruentata*,60,22.1,2.4,15-30,22.2,2.4,15-30,169.4,56.0,48.4-645.5
,Cephalopholis fulva*,679,21.6,2.2,13-33,21.6,2.2,12.5-33,173.2,55.5,40-1504
,Epinephelus guttatus*,220,25.7,4.9,18-45,26.0,4.9,18-45,277.6,213.3,77-1900.6
,Epinephelus striatus*,14,38.3,5.0,32-46,38.3,4.9,32-45.5,982.8,471.3,498.9-189.9
,Paranthias furcifer,16,23.3,2.0,19.5-26.5,20.0,1.9,16.5-22.5,138.6,33.5,80.1-379.5
,Rypticus saponaceus,29,25.0,1.4,22-27.5,25.0,1.3,22.5-27.5,247.6,53.1,153-673
Sparidae,Archosargus rhomboidalis,362,20.7,2.9,15.5-31.5,18.8,2.5,14-28.5,189.1,85.6,72-1327.7
,Calamus bajonado,25,32.5,4.2,24-43,27.9,3.6,20-36,632.0,265.5,247.5-588.2
,Calamus calamus,44,23.8,4.0,16.5-30,20.8,3.5,14.5-27,255.6,121.2,77.6-292.1
,Calamus penna,11,23.3,1.2,20.5-25,20.7,1.2,18-22.5,215.1,50.8,145.4-545.9
,Calamus pennatula,131,24.3,3.4,18.5-31.5,21.4,3.0,16.5-28,275.7,114.3,118-8750
Sphyraenidae,Sphyraena barracuda,14,82.6,20.6,51-119,75.4,19.1,45-109,3311.6,2347.7,191.4-696
Synodontidae,Synodus intermedius,12,29.6,5.7,23-40.5,27.5,5.5,21-38,271.1,198.6,93-696
,,,,,,,,,,,
,,,,,,,,,,,
,,,,,,,,,,,
,,,,,,,,,,,
,,,,,,,,,,,
,,,,,,,,,,,
,,,,,,,,,,,
,,,,,,,,,,,
,,,,,,,,,,,
,,,,,,,,,,,
,,,,,,,,,,,
,,,,,,,,,,,
,,,,,,,,,,,
,,,,,,,,,,,
,,,,,,,,,,,
,,,,,,,,,,,
,,,,,,,,,,,
,,,,,,,,,,,
,,,,,,,,,,,
,,,,,,,,,,,